-- phpMyAdmin SQL Dump
-- version 5.1.1
-- https://www.phpmyadmin.net/
--
-- Host: 127.0.0.1
-- Generation Time: Nov 27, 2021 at 10:38 AM
-- Server version: 10.4.19-MariaDB
-- PHP Version: 8.0.7

SET SQL_MODE = "NO_AUTO_VALUE_ON_ZERO";
START TRANSACTION;
SET time_zone = "+00:00";


/*!40101 SET @OLD_CHARACTER_SET_CLIENT=@@CHARACTER_SET_CLIENT */;
/*!40101 SET @OLD_CHARACTER_SET_RESULTS=@@CHARACTER_SET_RESULTS */;
/*!40101 SET @OLD_COLLATION_CONNECTION=@@COLLATION_CONNECTION */;
/*!40101 SET NAMES utf8mb4 */;

--
-- Database: `database assignment 2`
--

DELIMITER $$
--
-- Procedures
--
CREATE DEFINER=`root`@`localhost` PROCEDURE `student_info` (IN `startGrade` FLOAT, IN `endGrade` FLOAT)  BEGIN
	IF startGrade REGEXP '^[0-9]+\\.?[0-9]*$' AND endGrade REGEXP '^[0-9]+\\.?[0-9]*$' THEN
		SELECT CONCAT(nguoi_dung.ho, ' ', nguoi_dung.ten_lot, ' ', nguoi_dung.ten) AS Ho_va_ten, nguoi_dung.ngay_sinh, hoc_vien.truong_hoc, nguoi_dung.tinh_tp, ketqua_hoctap.tong_diem, khoa_hoc.ten_kh
    	FROM nguoi_dung, hoc_vien, ketqua_hoctap, khoa_hoc
    	WHERE nguoi_dung.id = hoc_vien.ma_hv AND ketqua_hoctap.ma_hv = hoc_vien.ma_hv AND ketqua_hoctap.ma_kh = khoa_hoc.ma_kh AND (ketqua_hoctap.tong_diem BETWEEN startGrade AND endGrade);
    ELSE SIGNAL SQLSTATE '42927' SET MESSAGE_TEXT = 'Value of start grade end grade cannot be NULL or empty and must be a number';
    END IF;
END$$

CREATE DEFINER=`root`@`localhost` PROCEDURE `update_hocphi` (IN `money` FLOAT, IN `grade` VARCHAR(20), IN `type` VARCHAR(20))  BEGIN
	UPDATE khoa_hoc, trinh_do
    SET khoa_hoc.hoc_phi = khoa_hoc.hoc_phi + money
    WHERE trinh_do.ten = grade AND trinh_do.loai_trinh_do = type AND khoa_hoc.ma_trinh_do = trinh_do.ma_trinh_do;
    COMMIT;
END$$

--
-- Functions
--
CREATE DEFINER=`root`@`localhost` FUNCTION `giam_hoc_phi` (`name` VARCHAR(20), `type` VARCHAR(20)) RETURNS INT(11) BEGIN
    DECLARE v_found INT DEFAULT 1;
    
    DECLARE v_hocphi INT DEFAULT 0;
    
    DECLARE v_id INT DEFAULT 0;
    
    DECLARE my_cursor CURSOR FOR
    	SELECT khoa_hoc.ma_kh, khoa_hoc.hoc_phi
    	FROM khoa_hoc, trinh_do
		WHERE khoa_hoc.ma_trinh_do = trinh_do.ma_trinh_do AND trinh_do.ten = name AND trinh_do.loai_trinh_do = type;
        
    DECLARE CONTINUE HANDLER FOR NOT FOUND Set v_Found = 0;
    OPEN my_cursor;
    My_loop: LOOP
    	FETCH my_cursor INTO v_id, v_hocphi;
       	IF v_found = 0 THEN	
        	LEAVE My_loop;
        END IF;
        
        IF v_hocphi > 3000000 THEN
        	UPDATE khoa_hoc
            SET khoa_hoc.hoc_phi = khoa_hoc.hoc_phi * 0.9
            WHERE khoa_hoc.ma_kh = v_id;
		END IF;
        
     END LOOP My_loop;
     CLOSE my_cursor;
     RETURN 0;
END$$

DELIMITER ;

-- --------------------------------------------------------

--
-- Table structure for table `bai_giang`
--

CREATE TABLE `bai_giang` (
  `id` int(11) NOT NULL,
  `ma_gv` int(11) NOT NULL,
  `ma_kh` int(20) NOT NULL,
  `ten_bai_giang` varchar(64) NOT NULL,
  `thoi_luong` int(11) NOT NULL,
  `upload_time` datetime NOT NULL
) ENGINE=InnoDB DEFAULT CHARSET=utf8mb4;

--
-- Dumping data for table `bai_giang`
--

INSERT INTO `bai_giang` (`id`, `ma_gv`, `ma_kh`, `ten_bai_giang`, `thoi_luong`, `upload_time`) VALUES
(1, 2001, 14, 'Bài giảng số 1', 28, '2021-10-01 00:00:00'),
(1, 2006, 32, 'Bài giảng số 1', 25, '2021-11-01 00:00:00'),
(1, 2006, 36, 'Bài giảng số 1', 18, '2021-11-25 00:00:00'),
(1, 2007, 33, 'Bài giảng số 1', 31, '2021-11-01 00:00:00'),
(1, 2010, 49, 'Bài giảng số 1', 20, '2021-11-25 00:00:00'),
(1, 2011, 46, 'Bài giảng số 1', 13, '2021-11-25 00:00:00'),
(1, 2014, 58, 'Bài giảng số 1', 5, '2021-10-28 00:00:00'),
(1, 2017, 61, 'Bài giảng số 1', 30, '2021-10-15 00:00:00'),
(1, 2017, 69, 'Bài giảng số 1', 7, '2021-10-20 00:00:00'),
(1, 2020, 75, 'Bài giảng số 1', 23, '2021-12-01 00:00:00'),
(1, 2021, 80, 'Bài giảng số 1', 15, '2021-12-03 00:00:00'),
(1, 2021, 86, 'Bài giảng số 1', 33, '2021-12-03 00:00:00'),
(1, 2021, 95, 'Bài giảng số 1', 22, '2021-12-03 00:00:00'),
(1, 2021, 100, 'Bài giảng số 1', 13, '2021-12-03 00:00:00'),
(1, 2021, 101, 'Bài giảng số 1', 16, '2021-12-03 00:00:00'),
(1, 2022, 97, 'Bài giảng số 1', 22, '2021-12-03 00:00:00'),
(1, 2023, 93, 'Bài giảng số 1', 6, '2021-12-03 00:00:00'),
(1, 2023, 105, 'Bài giảng số 1', 26, '2021-12-03 00:00:00'),
(1, 2025, 107, 'Bài giảng số 1', 24, '2021-11-25 00:00:00'),
(1, 2029, 15, 'Bài giảng số 1', 5, '2021-10-01 00:00:00'),
(1, 2031, 24, 'Bài giảng số 1', 12, '2021-11-10 00:00:00'),
(1, 2034, 22, 'Bài giảng số 1', 7, '2021-11-10 00:00:00'),
(1, 2035, 28, 'Bài giảng số 1', 23, '2021-11-10 00:00:00'),
(1, 2035, 39, 'Bài giảng số 1', 15, '2021-11-25 00:00:00'),
(1, 2035, 40, 'Bài giảng số 1', 30, '2021-11-25 00:00:00'),
(1, 2038, 34, 'Bài giảng số 1', 32, '2021-11-01 00:00:00'),
(1, 2039, 42, 'Bài giảng số 1', 10, '2021-11-25 00:00:00'),
(1, 2039, 48, 'Bài giảng số 1', 29, '2021-11-25 00:00:00'),
(1, 2043, 60, 'Bài giảng số 1', 21, '2021-10-28 00:00:00'),
(1, 2045, 56, 'Bài giảng số 1', 8, '2021-10-28 00:00:00'),
(1, 2046, 67, 'Bài giảng số 1', 29, '2021-10-20 00:00:00'),
(1, 2046, 68, 'Bài giảng số 1', 26, '2021-10-20 00:00:00'),
(1, 2048, 65, 'Bài giảng số 1', 34, '2021-10-20 00:00:00'),
(1, 2049, 71, 'Bài giảng số 1', 6, '2021-12-01 00:00:00'),
(1, 2049, 72, 'Bài giảng số 1', 21, '2021-12-01 00:00:00'),
(1, 2049, 73, 'Bài giảng số 1', 10, '2021-12-01 00:00:00'),
(1, 2049, 74, 'Bài giảng số 1', 26, '2021-12-01 00:00:00'),
(1, 2049, 76, 'Bài giảng số 1', 13, '2021-12-01 00:00:00'),
(1, 2050, 78, 'Bài giảng số 1', 32, '2021-12-03 00:00:00'),
(1, 2050, 91, 'Bài giảng số 1', 16, '2021-12-03 00:00:00'),
(1, 2050, 96, 'Bài giảng số 1', 11, '2021-12-03 00:00:00'),
(1, 2051, 82, 'Bài giảng số 1', 5, '2021-12-03 00:00:00'),
(1, 2051, 92, 'Bài giảng số 1', 9, '2021-12-03 00:00:00'),
(1, 2052, 88, 'Bài giảng số 1', 22, '2021-12-03 00:00:00'),
(1, 2052, 89, 'Bài giảng số 1', 14, '2021-12-03 00:00:00'),
(1, 2052, 94, 'Bài giảng số 1', 16, '2021-12-03 00:00:00'),
(1, 2052, 104, 'Bài giảng số 1', 17, '2021-12-03 00:00:00'),
(1, 2052, 106, 'Bài giảng số 1', 23, '2021-12-03 00:00:00'),
(1, 2056, 2, 'Bài giảng số 1', 6, '2021-11-01 00:00:00'),
(1, 2056, 12, 'Bài giảng số 1', 10, '2021-10-01 00:00:00'),
(1, 2057, 8, 'Bài giảng số 1', 29, '2021-10-10 00:00:00'),
(1, 2057, 13, 'Bài giảng số 1', 31, '2021-10-01 00:00:00'),
(1, 2058, 9, 'Bài giảng số 1', 16, '2021-10-01 00:00:00'),
(1, 2058, 10, 'Bài giảng số 1', 26, '2021-10-01 00:00:00'),
(1, 2060, 1, 'Bài giảng số 1', 22, '2021-11-01 00:00:00'),
(1, 2060, 19, 'Bài giảng số 1', 20, '2021-11-10 00:00:00'),
(1, 2061, 25, 'Bài giảng số 1', 28, '2021-11-10 00:00:00'),
(1, 2061, 26, 'Bài giảng số 1', 27, '2021-11-10 00:00:00'),
(1, 2062, 21, 'Bài giảng số 1', 25, '2021-11-10 00:00:00'),
(1, 2064, 38, 'Bài giảng số 1', 34, '2021-11-25 00:00:00'),
(1, 2065, 30, 'Bài giảng số 1', 18, '2021-11-10 00:00:00'),
(1, 2067, 37, 'Bài giảng số 1', 26, '2021-11-25 00:00:00'),
(1, 2068, 41, 'Bài giảng số 1', 11, '2021-11-10 00:00:00'),
(1, 2068, 45, 'Bài giảng số 1', 23, '2021-11-25 00:00:00'),
(1, 2068, 47, 'Bài giảng số 1', 10, '2021-11-25 00:00:00'),
(1, 2071, 44, 'Bài giảng số 1', 19, '2021-11-25 00:00:00'),
(1, 2072, 52, 'Bài giảng số 1', 14, '2021-10-25 00:00:00'),
(1, 2072, 53, 'Bài giảng số 1', 10, '2021-10-28 00:00:00'),
(1, 2072, 55, 'Bài giảng số 1', 34, '2021-10-28 00:00:00'),
(1, 2072, 57, 'Bài giảng số 1', 8, '2021-10-28 00:00:00'),
(1, 2072, 59, 'Bài giảng số 1', 33, '2021-10-28 00:00:00'),
(1, 2074, 54, 'Bài giảng số 1', 19, '2021-10-28 00:00:00'),
(1, 2075, 62, 'Bài giảng số 1', 27, '2021-10-20 00:00:00'),
(1, 2075, 64, 'Bài giảng số 1', 24, '2021-10-20 00:00:00'),
(1, 2075, 66, 'Bài giảng số 1', 13, '2021-10-20 00:00:00'),
(1, 2077, 63, 'Bài giảng số 1', 33, '2021-10-20 00:00:00'),
(1, 2078, 70, 'Bài giảng số 1', 21, '2021-12-01 00:00:00'),
(1, 2079, 77, 'Bài giảng số 1', 28, '2021-12-03 00:00:00'),
(1, 2079, 81, 'Bài giảng số 1', 10, '2021-12-03 00:00:00'),
(1, 2079, 85, 'Bài giảng số 1', 21, '2021-12-03 00:00:00'),
(1, 2079, 90, 'Bài giảng số 1', 31, '2021-12-03 00:00:00'),
(1, 2080, 79, 'Bài giảng số 1', 20, '2021-12-03 00:00:00'),
(1, 2080, 87, 'Bài giảng số 1', 16, '2021-12-03 00:00:00'),
(1, 2080, 102, 'Bài giảng số 1', 30, '2021-12-03 00:00:00'),
(1, 2081, 83, 'Bài giảng số 1', 19, '2021-12-03 00:00:00'),
(1, 2081, 84, 'Bài giảng số 1', 14, '2021-12-03 00:00:00'),
(1, 2081, 98, 'Bài giảng số 1', 33, '2021-12-03 00:00:00'),
(1, 2081, 99, 'Bài giảng số 1', 15, '2021-12-03 00:00:00'),
(1, 2081, 103, 'Bài giảng số 1', 13, '2021-12-03 00:00:00'),
(1, 2085, 3, 'Bài giảng số 1', 31, '2021-11-10 00:00:00'),
(1, 2085, 4, 'Bài giảng số 1', 30, '2021-11-10 00:00:00'),
(1, 2085, 5, 'Bài giảng số 1', 26, '2021-11-10 00:00:00'),
(1, 2085, 16, 'Bài giảng số 1', 31, '2021-11-10 00:00:00'),
(1, 2085, 18, 'Bài giảng số 1', 17, '2021-11-10 00:00:00'),
(1, 2086, 6, 'Bài giảng số 1', 31, '2021-10-10 00:00:00'),
(1, 2086, 7, 'Bài giảng số 1', 16, '2021-10-10 00:00:00'),
(1, 2087, 11, 'Bài giảng số 1', 8, '2021-10-01 00:00:00'),
(1, 2087, 17, 'Bài giảng số 1', 23, '2021-11-10 00:00:00'),
(1, 2089, 23, 'Bài giảng số 1', 17, '2021-11-10 00:00:00'),
(1, 2089, 27, 'Bài giảng số 1', 19, '2021-11-10 00:00:00'),
(1, 2090, 20, 'Bài giảng số 1', 23, '2021-11-10 00:00:00'),
(1, 2093, 29, 'Bài giảng số 1', 12, '2021-11-10 00:00:00'),
(1, 2093, 35, 'Bài giảng số 1', 23, '2021-11-25 00:00:00'),
(1, 2096, 31, 'Bài giảng số 1', 31, '2021-11-10 00:00:00'),
(1, 2097, 50, 'Bài giảng số 1', 27, '2021-11-25 00:00:00'),
(1, 2097, 51, 'Bài giảng số 1', 22, '2021-11-25 00:00:00'),
(1, 2098, 43, 'Bài giảng số 1', 22, '2021-11-25 00:00:00'),
(2, 2000, 9, 'Bài giảng số 2', 11, '2021-10-01 00:00:00'),
(2, 2001, 14, 'Bài giảng số 2', 24, '2021-10-01 00:00:00'),
(2, 2003, 20, 'Bài giảng số 2', 7, '2021-11-10 00:00:00'),
(2, 2003, 26, 'Bài giảng số 2', 6, '2021-11-10 00:00:00'),
(2, 2006, 29, 'Bài giảng số 2', 23, '2021-11-10 00:00:00'),
(2, 2006, 32, 'Bài giảng số 2', 31, '2021-11-01 00:00:00'),
(2, 2006, 36, 'Bài giảng số 2', 25, '2021-11-25 00:00:00'),
(2, 2006, 40, 'Bài giảng số 2', 5, '2021-11-25 00:00:00'),
(2, 2007, 30, 'Bài giảng số 2', 9, '2021-11-10 00:00:00'),
(2, 2007, 33, 'Bài giảng số 2', 9, '2021-11-01 00:00:00'),
(2, 2010, 41, 'Bài giảng số 2', 12, '2021-11-10 00:00:00'),
(2, 2010, 48, 'Bài giảng số 2', 26, '2021-11-25 00:00:00'),
(2, 2010, 49, 'Bài giảng số 2', 33, '2021-11-25 00:00:00'),
(2, 2010, 50, 'Bài giảng số 2', 29, '2021-11-25 00:00:00'),
(2, 2010, 51, 'Bài giảng số 2', 32, '2021-11-25 00:00:00'),
(2, 2011, 46, 'Bài giảng số 2', 17, '2021-11-25 00:00:00'),
(2, 2013, 44, 'Bài giảng số 2', 30, '2021-11-25 00:00:00'),
(2, 2014, 53, 'Bài giảng số 2', 30, '2021-10-28 00:00:00'),
(2, 2014, 55, 'Bài giảng số 2', 19, '2021-10-28 00:00:00'),
(2, 2014, 57, 'Bài giảng số 2', 32, '2021-10-28 00:00:00'),
(2, 2014, 58, 'Bài giảng số 2', 34, '2021-10-28 00:00:00'),
(2, 2017, 61, 'Bài giảng số 2', 8, '2021-10-15 00:00:00'),
(2, 2017, 62, 'Bài giảng số 2', 10, '2021-10-20 00:00:00'),
(2, 2017, 67, 'Bài giảng số 2', 33, '2021-10-20 00:00:00'),
(2, 2017, 68, 'Bài giảng số 2', 19, '2021-10-20 00:00:00'),
(2, 2017, 69, 'Bài giảng số 2', 9, '2021-10-20 00:00:00'),
(2, 2019, 65, 'Bài giảng số 2', 27, '2021-10-20 00:00:00'),
(2, 2020, 72, 'Bài giảng số 2', 34, '2021-12-01 00:00:00'),
(2, 2020, 73, 'Bài giảng số 2', 11, '2021-12-01 00:00:00'),
(2, 2020, 75, 'Bài giảng số 2', 27, '2021-12-01 00:00:00'),
(2, 2020, 76, 'Bài giảng số 2', 13, '2021-12-01 00:00:00'),
(2, 2021, 78, 'Bài giảng số 2', 23, '2021-12-03 00:00:00'),
(2, 2021, 80, 'Bài giảng số 2', 25, '2021-12-03 00:00:00'),
(2, 2021, 81, 'Bài giảng số 2', 6, '2021-12-03 00:00:00'),
(2, 2021, 86, 'Bài giảng số 2', 33, '2021-12-03 00:00:00'),
(2, 2021, 90, 'Bài giảng số 2', 34, '2021-12-03 00:00:00'),
(2, 2021, 91, 'Bài giảng số 2', 18, '2021-12-03 00:00:00'),
(2, 2021, 95, 'Bài giảng số 2', 5, '2021-12-03 00:00:00'),
(2, 2021, 100, 'Bài giảng số 2', 29, '2021-12-03 00:00:00'),
(2, 2021, 101, 'Bài giảng số 2', 25, '2021-12-03 00:00:00'),
(2, 2022, 92, 'Bài giảng số 2', 11, '2021-12-03 00:00:00'),
(2, 2022, 97, 'Bài giảng số 2', 30, '2021-12-03 00:00:00'),
(2, 2023, 88, 'Bài giảng số 2', 12, '2021-12-03 00:00:00'),
(2, 2023, 93, 'Bài giảng số 2', 22, '2021-12-03 00:00:00'),
(2, 2023, 94, 'Bài giảng số 2', 15, '2021-12-03 00:00:00'),
(2, 2023, 98, 'Bài giảng số 2', 24, '2021-12-03 00:00:00'),
(2, 2023, 103, 'Bài giảng số 2', 14, '2021-12-03 00:00:00'),
(2, 2023, 105, 'Bài giảng số 2', 21, '2021-12-03 00:00:00'),
(2, 2023, 106, 'Bài giảng số 2', 7, '2021-12-03 00:00:00'),
(2, 2025, 107, 'Bài giảng số 2', 18, '2021-11-25 00:00:00'),
(2, 2027, 2, 'Bài giảng số 2', 32, '2021-11-01 00:00:00'),
(2, 2027, 18, 'Bài giảng số 2', 17, '2021-11-10 00:00:00'),
(2, 2028, 8, 'Bài giảng số 2', 5, '2021-10-10 00:00:00'),
(2, 2029, 10, 'Bài giảng số 2', 9, '2021-10-01 00:00:00'),
(2, 2029, 15, 'Bài giảng số 2', 22, '2021-10-01 00:00:00'),
(2, 2031, 1, 'Bài giảng số 2', 9, '2021-11-01 00:00:00'),
(2, 2031, 24, 'Bài giảng số 2', 11, '2021-11-10 00:00:00'),
(2, 2033, 21, 'Bài giảng số 2', 25, '2021-11-10 00:00:00'),
(2, 2034, 22, 'Bài giảng số 2', 30, '2021-11-10 00:00:00'),
(2, 2035, 28, 'Bài giảng số 2', 16, '2021-11-10 00:00:00'),
(2, 2035, 35, 'Bài giảng số 2', 29, '2021-11-25 00:00:00'),
(2, 2035, 39, 'Bài giảng số 2', 12, '2021-11-25 00:00:00'),
(2, 2038, 34, 'Bài giảng số 2', 15, '2021-11-01 00:00:00'),
(2, 2039, 42, 'Bài giảng số 2', 24, '2021-11-25 00:00:00'),
(2, 2043, 52, 'Bài giảng số 2', 5, '2021-10-25 00:00:00'),
(2, 2043, 60, 'Bài giảng số 2', 19, '2021-10-28 00:00:00'),
(2, 2045, 54, 'Bài giảng số 2', 28, '2021-10-28 00:00:00'),
(2, 2045, 56, 'Bài giảng số 2', 26, '2021-10-28 00:00:00'),
(2, 2046, 64, 'Bài giảng số 2', 33, '2021-10-20 00:00:00'),
(2, 2046, 66, 'Bài giảng số 2', 14, '2021-10-20 00:00:00'),
(2, 2049, 70, 'Bài giảng số 2', 14, '2021-12-01 00:00:00'),
(2, 2049, 71, 'Bài giảng số 2', 30, '2021-12-01 00:00:00'),
(2, 2049, 74, 'Bài giảng số 2', 27, '2021-12-01 00:00:00'),
(2, 2050, 85, 'Bài giảng số 2', 15, '2021-12-03 00:00:00'),
(2, 2050, 96, 'Bài giảng số 2', 12, '2021-12-03 00:00:00'),
(2, 2051, 79, 'Bài giảng số 2', 7, '2021-12-03 00:00:00'),
(2, 2051, 82, 'Bài giảng số 2', 8, '2021-12-03 00:00:00'),
(2, 2051, 102, 'Bài giảng số 2', 28, '2021-12-03 00:00:00'),
(2, 2052, 84, 'Bài giảng số 2', 5, '2021-12-03 00:00:00'),
(2, 2052, 89, 'Bài giảng số 2', 23, '2021-12-03 00:00:00'),
(2, 2052, 99, 'Bài giảng số 2', 24, '2021-12-03 00:00:00'),
(2, 2052, 104, 'Bài giảng số 2', 5, '2021-12-03 00:00:00'),
(2, 2056, 3, 'Bài giảng số 2', 13, '2021-11-10 00:00:00'),
(2, 2056, 12, 'Bài giảng số 2', 15, '2021-10-01 00:00:00'),
(2, 2057, 13, 'Bài giảng số 2', 19, '2021-10-01 00:00:00'),
(2, 2058, 17, 'Bài giảng số 2', 23, '2021-11-10 00:00:00'),
(2, 2060, 19, 'Bài giảng số 2', 23, '2021-11-10 00:00:00'),
(2, 2060, 23, 'Bài giảng số 2', 10, '2021-11-10 00:00:00'),
(2, 2061, 25, 'Bài giảng số 2', 30, '2021-11-10 00:00:00'),
(2, 2064, 38, 'Bài giảng số 2', 5, '2021-11-25 00:00:00'),
(2, 2067, 37, 'Bài giảng số 2', 22, '2021-11-25 00:00:00'),
(2, 2068, 45, 'Bài giảng số 2', 16, '2021-11-25 00:00:00'),
(2, 2068, 47, 'Bài giảng số 2', 34, '2021-11-25 00:00:00'),
(2, 2069, 43, 'Bài giảng số 2', 23, '2021-11-25 00:00:00'),
(2, 2072, 59, 'Bài giảng số 2', 8, '2021-10-28 00:00:00'),
(2, 2077, 63, 'Bài giảng số 2', 7, '2021-10-20 00:00:00'),
(2, 2079, 77, 'Bài giảng số 2', 23, '2021-12-03 00:00:00'),
(2, 2080, 87, 'Bài giảng số 2', 20, '2021-12-03 00:00:00'),
(2, 2081, 83, 'Bài giảng số 2', 22, '2021-12-03 00:00:00'),
(2, 2085, 4, 'Bài giảng số 2', 29, '2021-11-10 00:00:00'),
(2, 2085, 5, 'Bài giảng số 2', 24, '2021-11-10 00:00:00'),
(2, 2085, 16, 'Bài giảng số 2', 33, '2021-11-10 00:00:00'),
(2, 2086, 6, 'Bài giảng số 2', 20, '2021-10-10 00:00:00'),
(2, 2086, 7, 'Bài giảng số 2', 33, '2021-10-10 00:00:00'),
(2, 2087, 11, 'Bài giảng số 2', 8, '2021-10-01 00:00:00'),
(2, 2089, 27, 'Bài giảng số 2', 29, '2021-11-10 00:00:00'),
(2, 2096, 31, 'Bài giảng số 2', 19, '2021-11-10 00:00:00'),
(3, 2001, 14, 'Bài giảng số 3', 23, '2021-10-01 00:00:00'),
(3, 2006, 32, 'Bài giảng số 3', 22, '2021-11-01 00:00:00'),
(3, 2006, 36, 'Bài giảng số 3', 7, '2021-11-25 00:00:00'),
(3, 2007, 33, 'Bài giảng số 3', 13, '2021-11-01 00:00:00'),
(3, 2010, 49, 'Bài giảng số 3', 17, '2021-11-25 00:00:00'),
(3, 2011, 46, 'Bài giảng số 3', 28, '2021-11-25 00:00:00'),
(3, 2014, 58, 'Bài giảng số 3', 8, '2021-10-28 00:00:00'),
(3, 2017, 61, 'Bài giảng số 3', 10, '2021-10-15 00:00:00'),
(3, 2017, 69, 'Bài giảng số 3', 10, '2021-10-20 00:00:00'),
(3, 2020, 75, 'Bài giảng số 3', 22, '2021-12-01 00:00:00'),
(3, 2021, 80, 'Bài giảng số 3', 15, '2021-12-03 00:00:00'),
(3, 2021, 86, 'Bài giảng số 3', 26, '2021-12-03 00:00:00'),
(3, 2021, 95, 'Bài giảng số 3', 17, '2021-12-03 00:00:00'),
(3, 2021, 100, 'Bài giảng số 3', 22, '2021-12-03 00:00:00'),
(3, 2021, 101, 'Bài giảng số 3', 29, '2021-12-03 00:00:00'),
(3, 2022, 97, 'Bài giảng số 3', 23, '2021-12-03 00:00:00'),
(3, 2023, 93, 'Bài giảng số 3', 7, '2021-12-03 00:00:00'),
(3, 2023, 105, 'Bài giảng số 3', 25, '2021-12-03 00:00:00'),
(3, 2025, 107, 'Bài giảng số 3', 23, '2021-11-25 00:00:00'),
(3, 2029, 15, 'Bài giảng số 3', 18, '2021-10-01 00:00:00'),
(3, 2031, 24, 'Bài giảng số 3', 24, '2021-11-10 00:00:00'),
(3, 2034, 22, 'Bài giảng số 3', 33, '2021-11-10 00:00:00'),
(3, 2035, 28, 'Bài giảng số 3', 7, '2021-11-10 00:00:00'),
(3, 2035, 39, 'Bài giảng số 3', 19, '2021-11-25 00:00:00'),
(3, 2035, 40, 'Bài giảng số 3', 6, '2021-11-25 00:00:00'),
(3, 2038, 34, 'Bài giảng số 3', 11, '2021-11-01 00:00:00'),
(3, 2039, 42, 'Bài giảng số 3', 27, '2021-11-25 00:00:00'),
(3, 2039, 48, 'Bài giảng số 3', 15, '2021-11-25 00:00:00'),
(3, 2043, 60, 'Bài giảng số 3', 10, '2021-10-28 00:00:00'),
(3, 2045, 56, 'Bài giảng số 3', 8, '2021-10-28 00:00:00'),
(3, 2046, 67, 'Bài giảng số 3', 6, '2021-10-20 00:00:00'),
(3, 2046, 68, 'Bài giảng số 3', 32, '2021-10-20 00:00:00'),
(3, 2048, 65, 'Bài giảng số 3', 26, '2021-10-20 00:00:00'),
(3, 2049, 71, 'Bài giảng số 3', 19, '2021-12-01 00:00:00'),
(3, 2049, 72, 'Bài giảng số 3', 5, '2021-12-01 00:00:00'),
(3, 2049, 73, 'Bài giảng số 3', 11, '2021-12-01 00:00:00'),
(3, 2049, 74, 'Bài giảng số 3', 26, '2021-12-01 00:00:00'),
(3, 2049, 76, 'Bài giảng số 3', 26, '2021-12-01 00:00:00'),
(3, 2050, 78, 'Bài giảng số 3', 25, '2021-12-03 00:00:00'),
(3, 2050, 91, 'Bài giảng số 3', 7, '2021-12-03 00:00:00'),
(3, 2050, 96, 'Bài giảng số 3', 25, '2021-12-03 00:00:00'),
(3, 2051, 82, 'Bài giảng số 3', 5, '2021-12-03 00:00:00'),
(3, 2051, 92, 'Bài giảng số 3', 32, '2021-12-03 00:00:00'),
(3, 2052, 88, 'Bài giảng số 3', 14, '2021-12-03 00:00:00'),
(3, 2052, 89, 'Bài giảng số 3', 7, '2021-12-03 00:00:00'),
(3, 2052, 94, 'Bài giảng số 3', 14, '2021-12-03 00:00:00'),
(3, 2052, 104, 'Bài giảng số 3', 13, '2021-12-03 00:00:00'),
(3, 2052, 106, 'Bài giảng số 3', 22, '2021-12-03 00:00:00'),
(3, 2056, 2, 'Bài giảng số 3', 6, '2021-11-01 00:00:00'),
(3, 2056, 12, 'Bài giảng số 3', 34, '2021-10-01 00:00:00'),
(3, 2057, 8, 'Bài giảng số 3', 32, '2021-10-10 00:00:00'),
(3, 2057, 13, 'Bài giảng số 3', 15, '2021-10-01 00:00:00'),
(3, 2058, 9, 'Bài giảng số 3', 10, '2021-10-01 00:00:00'),
(3, 2058, 10, 'Bài giảng số 3', 21, '2021-10-01 00:00:00'),
(3, 2060, 1, 'Bài giảng số 3', 15, '2021-11-01 00:00:00'),
(3, 2060, 19, 'Bài giảng số 3', 31, '2021-11-10 00:00:00'),
(3, 2061, 25, 'Bài giảng số 3', 20, '2021-11-10 00:00:00'),
(3, 2061, 26, 'Bài giảng số 3', 9, '2021-11-10 00:00:00'),
(3, 2062, 21, 'Bài giảng số 3', 8, '2021-11-10 00:00:00'),
(3, 2064, 38, 'Bài giảng số 3', 18, '2021-11-25 00:00:00'),
(3, 2065, 30, 'Bài giảng số 3', 18, '2021-11-10 00:00:00'),
(3, 2067, 37, 'Bài giảng số 3', 8, '2021-11-25 00:00:00'),
(3, 2068, 41, 'Bài giảng số 3', 32, '2021-11-10 00:00:00'),
(3, 2068, 45, 'Bài giảng số 3', 5, '2021-11-25 00:00:00'),
(3, 2068, 47, 'Bài giảng số 3', 16, '2021-11-25 00:00:00'),
(3, 2071, 44, 'Bài giảng số 3', 18, '2021-11-25 00:00:00'),
(3, 2072, 52, 'Bài giảng số 3', 19, '2021-10-25 00:00:00'),
(3, 2072, 53, 'Bài giảng số 3', 14, '2021-10-28 00:00:00'),
(3, 2072, 55, 'Bài giảng số 3', 20, '2021-10-28 00:00:00'),
(3, 2072, 57, 'Bài giảng số 3', 23, '2021-10-28 00:00:00'),
(3, 2072, 59, 'Bài giảng số 3', 34, '2021-10-28 00:00:00'),
(3, 2074, 54, 'Bài giảng số 3', 10, '2021-10-28 00:00:00'),
(3, 2075, 62, 'Bài giảng số 3', 20, '2021-10-20 00:00:00'),
(3, 2075, 64, 'Bài giảng số 3', 15, '2021-10-20 00:00:00'),
(3, 2075, 66, 'Bài giảng số 3', 23, '2021-10-20 00:00:00'),
(3, 2077, 63, 'Bài giảng số 3', 8, '2021-10-20 00:00:00'),
(3, 2078, 70, 'Bài giảng số 3', 18, '2021-12-01 00:00:00'),
(3, 2079, 77, 'Bài giảng số 3', 11, '2021-12-03 00:00:00'),
(3, 2079, 81, 'Bài giảng số 3', 30, '2021-12-03 00:00:00'),
(3, 2079, 85, 'Bài giảng số 3', 30, '2021-12-03 00:00:00'),
(3, 2079, 90, 'Bài giảng số 3', 33, '2021-12-03 00:00:00'),
(3, 2080, 79, 'Bài giảng số 3', 32, '2021-12-03 00:00:00'),
(3, 2080, 87, 'Bài giảng số 3', 9, '2021-12-03 00:00:00'),
(3, 2080, 102, 'Bài giảng số 3', 23, '2021-12-03 00:00:00'),
(3, 2081, 83, 'Bài giảng số 3', 18, '2021-12-03 00:00:00'),
(3, 2081, 84, 'Bài giảng số 3', 19, '2021-12-03 00:00:00'),
(3, 2081, 98, 'Bài giảng số 3', 30, '2021-12-03 00:00:00'),
(3, 2081, 99, 'Bài giảng số 3', 22, '2021-12-03 00:00:00'),
(3, 2081, 103, 'Bài giảng số 3', 16, '2021-12-03 00:00:00'),
(3, 2085, 3, 'Bài giảng số 3', 10, '2021-11-10 00:00:00'),
(3, 2085, 4, 'Bài giảng số 3', 28, '2021-11-10 00:00:00'),
(3, 2085, 5, 'Bài giảng số 3', 33, '2021-11-10 00:00:00'),
(3, 2085, 16, 'Bài giảng số 3', 8, '2021-11-10 00:00:00'),
(3, 2085, 18, 'Bài giảng số 3', 33, '2021-11-10 00:00:00'),
(3, 2086, 6, 'Bài giảng số 3', 25, '2021-10-10 00:00:00'),
(3, 2086, 7, 'Bài giảng số 3', 29, '2021-10-10 00:00:00'),
(3, 2087, 11, 'Bài giảng số 3', 10, '2021-10-01 00:00:00'),
(3, 2087, 17, 'Bài giảng số 3', 5, '2021-11-10 00:00:00'),
(3, 2089, 23, 'Bài giảng số 3', 30, '2021-11-10 00:00:00'),
(3, 2089, 27, 'Bài giảng số 3', 25, '2021-11-10 00:00:00'),
(3, 2090, 20, 'Bài giảng số 3', 26, '2021-11-10 00:00:00'),
(3, 2093, 29, 'Bài giảng số 3', 22, '2021-11-10 00:00:00'),
(3, 2093, 35, 'Bài giảng số 3', 14, '2021-11-25 00:00:00'),
(3, 2096, 31, 'Bài giảng số 3', 15, '2021-11-10 00:00:00'),
(3, 2097, 50, 'Bài giảng số 3', 26, '2021-11-25 00:00:00'),
(3, 2097, 51, 'Bài giảng số 3', 29, '2021-11-25 00:00:00'),
(3, 2098, 43, 'Bài giảng số 3', 30, '2021-11-25 00:00:00'),
(4, 2000, 9, 'Bài giảng số 4', 22, '2021-10-01 00:00:00'),
(4, 2001, 14, 'Bài giảng số 4', 13, '2021-10-01 00:00:00'),
(4, 2003, 20, 'Bài giảng số 4', 6, '2021-11-10 00:00:00'),
(4, 2003, 26, 'Bài giảng số 4', 11, '2021-11-10 00:00:00'),
(4, 2006, 29, 'Bài giảng số 4', 18, '2021-11-10 00:00:00'),
(4, 2006, 32, 'Bài giảng số 4', 30, '2021-11-01 00:00:00'),
(4, 2006, 36, 'Bài giảng số 4', 27, '2021-11-25 00:00:00'),
(4, 2006, 40, 'Bài giảng số 4', 29, '2021-11-25 00:00:00'),
(4, 2007, 30, 'Bài giảng số 4', 7, '2021-11-10 00:00:00'),
(4, 2007, 33, 'Bài giảng số 4', 27, '2021-11-01 00:00:00'),
(4, 2010, 41, 'Bài giảng số 4', 26, '2021-11-10 00:00:00'),
(4, 2010, 48, 'Bài giảng số 4', 29, '2021-11-25 00:00:00'),
(4, 2010, 49, 'Bài giảng số 4', 32, '2021-11-25 00:00:00'),
(4, 2010, 50, 'Bài giảng số 4', 27, '2021-11-25 00:00:00'),
(4, 2010, 51, 'Bài giảng số 4', 28, '2021-11-25 00:00:00'),
(4, 2011, 46, 'Bài giảng số 4', 11, '2021-11-25 00:00:00'),
(4, 2013, 44, 'Bài giảng số 4', 5, '2021-11-25 00:00:00'),
(4, 2014, 53, 'Bài giảng số 4', 8, '2021-10-28 00:00:00'),
(4, 2014, 55, 'Bài giảng số 4', 5, '2021-10-28 00:00:00'),
(4, 2014, 57, 'Bài giảng số 4', 8, '2021-10-28 00:00:00'),
(4, 2014, 58, 'Bài giảng số 4', 15, '2021-10-28 00:00:00'),
(4, 2017, 61, 'Bài giảng số 4', 21, '2021-10-15 00:00:00'),
(4, 2017, 62, 'Bài giảng số 4', 26, '2021-10-20 00:00:00'),
(4, 2017, 67, 'Bài giảng số 4', 34, '2021-10-20 00:00:00'),
(4, 2017, 68, 'Bài giảng số 4', 20, '2021-10-20 00:00:00'),
(4, 2017, 69, 'Bài giảng số 4', 15, '2021-10-20 00:00:00'),
(4, 2019, 65, 'Bài giảng số 4', 24, '2021-10-20 00:00:00'),
(4, 2020, 72, 'Bài giảng số 4', 23, '2021-12-01 00:00:00'),
(4, 2020, 73, 'Bài giảng số 4', 21, '2021-12-01 00:00:00'),
(4, 2020, 75, 'Bài giảng số 4', 12, '2021-12-01 00:00:00'),
(4, 2020, 76, 'Bài giảng số 4', 7, '2021-12-01 00:00:00'),
(4, 2021, 78, 'Bài giảng số 4', 17, '2021-12-03 00:00:00'),
(4, 2021, 80, 'Bài giảng số 4', 32, '2021-12-03 00:00:00'),
(4, 2021, 81, 'Bài giảng số 4', 20, '2021-12-03 00:00:00'),
(4, 2021, 86, 'Bài giảng số 4', 23, '2021-12-03 00:00:00'),
(4, 2021, 90, 'Bài giảng số 4', 10, '2021-12-03 00:00:00'),
(4, 2021, 91, 'Bài giảng số 4', 26, '2021-12-03 00:00:00'),
(4, 2021, 95, 'Bài giảng số 4', 29, '2021-12-03 00:00:00'),
(4, 2021, 100, 'Bài giảng số 4', 28, '2021-12-03 00:00:00'),
(4, 2021, 101, 'Bài giảng số 4', 5, '2021-12-03 00:00:00'),
(4, 2022, 92, 'Bài giảng số 4', 14, '2021-12-03 00:00:00'),
(4, 2022, 97, 'Bài giảng số 4', 26, '2021-12-03 00:00:00'),
(4, 2023, 88, 'Bài giảng số 4', 20, '2021-12-03 00:00:00'),
(4, 2023, 93, 'Bài giảng số 4', 18, '2021-12-03 00:00:00'),
(4, 2023, 94, 'Bài giảng số 4', 7, '2021-12-03 00:00:00'),
(4, 2023, 98, 'Bài giảng số 4', 10, '2021-12-03 00:00:00'),
(4, 2023, 103, 'Bài giảng số 4', 12, '2021-12-03 00:00:00'),
(4, 2023, 105, 'Bài giảng số 4', 28, '2021-12-03 00:00:00'),
(4, 2023, 106, 'Bài giảng số 4', 9, '2021-12-03 00:00:00'),
(4, 2025, 107, 'Bài giảng số 4', 20, '2021-11-25 00:00:00'),
(4, 2027, 2, 'Bài giảng số 4', 16, '2021-11-01 00:00:00'),
(4, 2027, 18, 'Bài giảng số 4', 27, '2021-11-10 00:00:00'),
(4, 2028, 8, 'Bài giảng số 4', 31, '2021-10-10 00:00:00'),
(4, 2029, 10, 'Bài giảng số 4', 15, '2021-10-01 00:00:00'),
(4, 2029, 15, 'Bài giảng số 4', 9, '2021-10-01 00:00:00'),
(4, 2031, 1, 'Bài giảng số 4', 34, '2021-11-01 00:00:00'),
(4, 2031, 24, 'Bài giảng số 4', 18, '2021-11-10 00:00:00'),
(4, 2033, 21, 'Bài giảng số 4', 24, '2021-11-10 00:00:00'),
(4, 2034, 22, 'Bài giảng số 4', 21, '2021-11-10 00:00:00'),
(4, 2035, 28, 'Bài giảng số 4', 30, '2021-11-10 00:00:00'),
(4, 2035, 35, 'Bài giảng số 4', 27, '2021-11-25 00:00:00'),
(4, 2035, 39, 'Bài giảng số 4', 32, '2021-11-25 00:00:00'),
(4, 2038, 34, 'Bài giảng số 4', 15, '2021-11-01 00:00:00'),
(4, 2039, 42, 'Bài giảng số 4', 11, '2021-11-25 00:00:00'),
(4, 2043, 52, 'Bài giảng số 4', 17, '2021-10-25 00:00:00'),
(4, 2043, 60, 'Bài giảng số 4', 29, '2021-10-28 00:00:00'),
(4, 2045, 54, 'Bài giảng số 4', 10, '2021-10-28 00:00:00'),
(4, 2045, 56, 'Bài giảng số 4', 28, '2021-10-28 00:00:00'),
(4, 2046, 64, 'Bài giảng số 4', 25, '2021-10-20 00:00:00'),
(4, 2046, 66, 'Bài giảng số 4', 34, '2021-10-20 00:00:00'),
(4, 2049, 70, 'Bài giảng số 4', 23, '2021-12-01 00:00:00'),
(4, 2049, 71, 'Bài giảng số 4', 26, '2021-12-01 00:00:00'),
(4, 2049, 74, 'Bài giảng số 4', 9, '2021-12-01 00:00:00'),
(4, 2050, 85, 'Bài giảng số 4', 34, '2021-12-03 00:00:00'),
(4, 2050, 96, 'Bài giảng số 4', 13, '2021-12-03 00:00:00'),
(4, 2051, 79, 'Bài giảng số 4', 21, '2021-12-03 00:00:00'),
(4, 2051, 82, 'Bài giảng số 4', 28, '2021-12-03 00:00:00'),
(4, 2051, 102, 'Bài giảng số 4', 27, '2021-12-03 00:00:00'),
(4, 2052, 84, 'Bài giảng số 4', 14, '2021-12-03 00:00:00'),
(4, 2052, 89, 'Bài giảng số 4', 17, '2021-12-03 00:00:00'),
(4, 2052, 99, 'Bài giảng số 4', 27, '2021-12-03 00:00:00'),
(4, 2052, 104, 'Bài giảng số 4', 12, '2021-12-03 00:00:00'),
(4, 2056, 3, 'Bài giảng số 4', 22, '2021-11-10 00:00:00'),
(4, 2056, 12, 'Bài giảng số 4', 29, '2021-10-01 00:00:00'),
(4, 2057, 13, 'Bài giảng số 4', 11, '2021-10-01 00:00:00'),
(4, 2058, 17, 'Bài giảng số 4', 31, '2021-11-10 00:00:00'),
(4, 2060, 19, 'Bài giảng số 4', 27, '2021-11-10 00:00:00'),
(4, 2060, 23, 'Bài giảng số 4', 19, '2021-11-10 00:00:00'),
(4, 2061, 25, 'Bài giảng số 4', 18, '2021-11-10 00:00:00'),
(4, 2064, 38, 'Bài giảng số 4', 33, '2021-11-25 00:00:00'),
(4, 2067, 37, 'Bài giảng số 4', 15, '2021-11-25 00:00:00'),
(4, 2068, 45, 'Bài giảng số 4', 18, '2021-11-25 00:00:00'),
(4, 2068, 47, 'Bài giảng số 4', 5, '2021-11-25 00:00:00'),
(4, 2069, 43, 'Bài giảng số 4', 13, '2021-11-25 00:00:00'),
(4, 2072, 59, 'Bài giảng số 4', 12, '2021-10-28 00:00:00'),
(4, 2077, 63, 'Bài giảng số 4', 29, '2021-10-20 00:00:00'),
(4, 2079, 77, 'Bài giảng số 4', 24, '2021-12-03 00:00:00'),
(4, 2080, 87, 'Bài giảng số 4', 9, '2021-12-03 00:00:00'),
(4, 2081, 83, 'Bài giảng số 4', 19, '2021-12-03 00:00:00'),
(4, 2085, 4, 'Bài giảng số 4', 26, '2021-11-10 00:00:00'),
(4, 2085, 5, 'Bài giảng số 4', 21, '2021-11-10 00:00:00'),
(4, 2085, 16, 'Bài giảng số 4', 19, '2021-11-10 00:00:00'),
(4, 2086, 6, 'Bài giảng số 4', 14, '2021-10-10 00:00:00'),
(4, 2086, 7, 'Bài giảng số 4', 14, '2021-10-10 00:00:00'),
(4, 2087, 11, 'Bài giảng số 4', 34, '2021-10-01 00:00:00'),
(4, 2089, 27, 'Bài giảng số 4', 10, '2021-11-10 00:00:00'),
(4, 2096, 31, 'Bài giảng số 4', 22, '2021-11-10 00:00:00'),
(5, 2001, 14, 'Bài giảng số 5', 5, '2021-10-01 00:00:00'),
(5, 2006, 32, 'Bài giảng số 5', 15, '2021-11-01 00:00:00'),
(5, 2006, 36, 'Bài giảng số 5', 8, '2021-11-25 00:00:00'),
(5, 2007, 33, 'Bài giảng số 5', 6, '2021-11-01 00:00:00'),
(5, 2010, 49, 'Bài giảng số 5', 34, '2021-11-25 00:00:00'),
(5, 2011, 46, 'Bài giảng số 5', 18, '2021-11-25 00:00:00'),
(5, 2014, 58, 'Bài giảng số 5', 5, '2021-10-28 00:00:00'),
(5, 2017, 61, 'Bài giảng số 5', 11, '2021-10-15 00:00:00'),
(5, 2017, 69, 'Bài giảng số 5', 9, '2021-10-20 00:00:00'),
(5, 2020, 75, 'Bài giảng số 5', 26, '2021-12-01 00:00:00'),
(5, 2021, 80, 'Bài giảng số 5', 27, '2021-12-03 00:00:00'),
(5, 2021, 86, 'Bài giảng số 5', 21, '2021-12-03 00:00:00'),
(5, 2021, 95, 'Bài giảng số 5', 6, '2021-12-03 00:00:00'),
(5, 2021, 100, 'Bài giảng số 5', 24, '2021-12-03 00:00:00'),
(5, 2021, 101, 'Bài giảng số 5', 22, '2021-12-03 00:00:00'),
(5, 2022, 97, 'Bài giảng số 5', 22, '2021-12-03 00:00:00'),
(5, 2023, 93, 'Bài giảng số 5', 22, '2021-12-03 00:00:00'),
(5, 2023, 105, 'Bài giảng số 5', 8, '2021-12-03 00:00:00'),
(5, 2025, 107, 'Bài giảng số 5', 16, '2021-11-25 00:00:00'),
(5, 2029, 15, 'Bài giảng số 5', 34, '2021-10-01 00:00:00'),
(5, 2031, 24, 'Bài giảng số 5', 10, '2021-11-10 00:00:00'),
(5, 2034, 22, 'Bài giảng số 5', 32, '2021-11-10 00:00:00'),
(5, 2035, 28, 'Bài giảng số 5', 22, '2021-11-10 00:00:00'),
(5, 2035, 39, 'Bài giảng số 5', 13, '2021-11-25 00:00:00'),
(5, 2035, 40, 'Bài giảng số 5', 30, '2021-11-25 00:00:00'),
(5, 2038, 34, 'Bài giảng số 5', 22, '2021-11-01 00:00:00'),
(5, 2039, 42, 'Bài giảng số 5', 10, '2021-11-25 00:00:00'),
(5, 2039, 48, 'Bài giảng số 5', 13, '2021-11-25 00:00:00'),
(5, 2043, 60, 'Bài giảng số 5', 7, '2021-10-28 00:00:00'),
(5, 2045, 56, 'Bài giảng số 5', 22, '2021-10-28 00:00:00'),
(5, 2046, 67, 'Bài giảng số 5', 18, '2021-10-20 00:00:00'),
(5, 2046, 68, 'Bài giảng số 5', 20, '2021-10-20 00:00:00'),
(5, 2048, 65, 'Bài giảng số 5', 23, '2021-10-20 00:00:00'),
(5, 2049, 71, 'Bài giảng số 5', 28, '2021-12-01 00:00:00'),
(5, 2049, 72, 'Bài giảng số 5', 14, '2021-12-01 00:00:00'),
(5, 2049, 73, 'Bài giảng số 5', 11, '2021-12-01 00:00:00'),
(5, 2049, 74, 'Bài giảng số 5', 34, '2021-12-01 00:00:00'),
(5, 2049, 76, 'Bài giảng số 5', 6, '2021-12-01 00:00:00'),
(5, 2050, 78, 'Bài giảng số 5', 25, '2021-12-03 00:00:00'),
(5, 2050, 91, 'Bài giảng số 5', 11, '2021-12-03 00:00:00'),
(5, 2050, 96, 'Bài giảng số 5', 16, '2021-12-03 00:00:00'),
(5, 2051, 82, 'Bài giảng số 5', 10, '2021-12-03 00:00:00'),
(5, 2051, 92, 'Bài giảng số 5', 8, '2021-12-03 00:00:00'),
(5, 2052, 88, 'Bài giảng số 5', 20, '2021-12-03 00:00:00'),
(5, 2052, 89, 'Bài giảng số 5', 32, '2021-12-03 00:00:00'),
(5, 2052, 94, 'Bài giảng số 5', 19, '2021-12-03 00:00:00'),
(5, 2052, 104, 'Bài giảng số 5', 13, '2021-12-03 00:00:00'),
(5, 2052, 106, 'Bài giảng số 5', 15, '2021-12-03 00:00:00'),
(5, 2056, 2, 'Bài giảng số 5', 30, '2021-11-01 00:00:00'),
(5, 2056, 12, 'Bài giảng số 5', 22, '2021-10-01 00:00:00'),
(5, 2057, 8, 'Bài giảng số 5', 28, '2021-10-10 00:00:00'),
(5, 2057, 13, 'Bài giảng số 5', 26, '2021-10-01 00:00:00'),
(5, 2058, 9, 'Bài giảng số 5', 20, '2021-10-01 00:00:00'),
(5, 2058, 10, 'Bài giảng số 5', 32, '2021-10-01 00:00:00'),
(5, 2060, 1, 'Bài giảng số 5', 9, '2021-11-01 00:00:00'),
(5, 2060, 19, 'Bài giảng số 5', 31, '2021-11-10 00:00:00'),
(5, 2061, 25, 'Bài giảng số 5', 17, '2021-11-10 00:00:00'),
(5, 2061, 26, 'Bài giảng số 5', 7, '2021-11-10 00:00:00'),
(5, 2062, 21, 'Bài giảng số 5', 16, '2021-11-10 00:00:00'),
(5, 2064, 38, 'Bài giảng số 5', 33, '2021-11-25 00:00:00'),
(5, 2065, 30, 'Bài giảng số 5', 16, '2021-11-10 00:00:00'),
(5, 2067, 37, 'Bài giảng số 5', 5, '2021-11-25 00:00:00'),
(5, 2068, 41, 'Bài giảng số 5', 24, '2021-11-10 00:00:00'),
(5, 2068, 45, 'Bài giảng số 5', 26, '2021-11-25 00:00:00'),
(5, 2068, 47, 'Bài giảng số 5', 33, '2021-11-25 00:00:00'),
(5, 2071, 44, 'Bài giảng số 5', 33, '2021-11-25 00:00:00'),
(5, 2072, 52, 'Bài giảng số 5', 34, '2021-10-25 00:00:00'),
(5, 2072, 53, 'Bài giảng số 5', 27, '2021-10-28 00:00:00'),
(5, 2072, 55, 'Bài giảng số 5', 30, '2021-10-28 00:00:00'),
(5, 2072, 57, 'Bài giảng số 5', 12, '2021-10-28 00:00:00'),
(5, 2072, 59, 'Bài giảng số 5', 21, '2021-10-28 00:00:00'),
(5, 2074, 54, 'Bài giảng số 5', 7, '2021-10-28 00:00:00'),
(5, 2075, 62, 'Bài giảng số 5', 25, '2021-10-20 00:00:00'),
(5, 2075, 64, 'Bài giảng số 5', 23, '2021-10-20 00:00:00'),
(5, 2075, 66, 'Bài giảng số 5', 6, '2021-10-20 00:00:00'),
(5, 2077, 63, 'Bài giảng số 5', 18, '2021-10-20 00:00:00'),
(5, 2078, 70, 'Bài giảng số 5', 16, '2021-12-01 00:00:00'),
(5, 2079, 77, 'Bài giảng số 5', 13, '2021-12-03 00:00:00'),
(5, 2079, 81, 'Bài giảng số 5', 13, '2021-12-03 00:00:00'),
(5, 2079, 85, 'Bài giảng số 5', 29, '2021-12-03 00:00:00'),
(5, 2079, 90, 'Bài giảng số 5', 21, '2021-12-03 00:00:00'),
(5, 2080, 79, 'Bài giảng số 5', 12, '2021-12-03 00:00:00'),
(5, 2080, 87, 'Bài giảng số 5', 19, '2021-12-03 00:00:00'),
(5, 2080, 102, 'Bài giảng số 5', 18, '2021-12-03 00:00:00'),
(5, 2081, 83, 'Bài giảng số 5', 15, '2021-12-03 00:00:00'),
(5, 2081, 84, 'Bài giảng số 5', 18, '2021-12-03 00:00:00'),
(5, 2081, 98, 'Bài giảng số 5', 10, '2021-12-03 00:00:00'),
(5, 2081, 99, 'Bài giảng số 5', 7, '2021-12-03 00:00:00'),
(5, 2081, 103, 'Bài giảng số 5', 18, '2021-12-03 00:00:00'),
(5, 2085, 3, 'Bài giảng số 5', 11, '2021-11-10 00:00:00'),
(5, 2085, 4, 'Bài giảng số 5', 7, '2021-11-10 00:00:00'),
(5, 2085, 5, 'Bài giảng số 5', 10, '2021-11-10 00:00:00'),
(5, 2085, 16, 'Bài giảng số 5', 33, '2021-11-10 00:00:00'),
(5, 2085, 18, 'Bài giảng số 5', 13, '2021-11-10 00:00:00'),
(5, 2086, 6, 'Bài giảng số 5', 15, '2021-10-10 00:00:00'),
(5, 2086, 7, 'Bài giảng số 5', 31, '2021-10-10 00:00:00'),
(5, 2087, 11, 'Bài giảng số 5', 24, '2021-10-01 00:00:00'),
(5, 2087, 17, 'Bài giảng số 5', 13, '2021-11-10 00:00:00'),
(5, 2089, 23, 'Bài giảng số 5', 24, '2021-11-10 00:00:00'),
(5, 2089, 27, 'Bài giảng số 5', 14, '2021-11-10 00:00:00'),
(5, 2090, 20, 'Bài giảng số 5', 34, '2021-11-10 00:00:00'),
(5, 2093, 29, 'Bài giảng số 5', 25, '2021-11-10 00:00:00'),
(5, 2093, 35, 'Bài giảng số 5', 21, '2021-11-25 00:00:00'),
(5, 2096, 31, 'Bài giảng số 5', 25, '2021-11-10 00:00:00'),
(5, 2097, 50, 'Bài giảng số 5', 14, '2021-11-25 00:00:00'),
(5, 2097, 51, 'Bài giảng số 5', 16, '2021-11-25 00:00:00'),
(5, 2098, 43, 'Bài giảng số 5', 8, '2021-11-25 00:00:00'),
(6, 2000, 9, 'Bài giảng số 6', 9, '2021-10-01 00:00:00'),
(6, 2001, 14, 'Bài giảng số 6', 13, '2021-10-01 00:00:00'),
(6, 2003, 20, 'Bài giảng số 6', 22, '2021-11-10 00:00:00'),
(6, 2003, 26, 'Bài giảng số 6', 24, '2021-11-10 00:00:00'),
(6, 2006, 29, 'Bài giảng số 6', 28, '2021-11-10 00:00:00'),
(6, 2006, 32, 'Bài giảng số 6', 25, '2021-11-01 00:00:00'),
(6, 2006, 36, 'Bài giảng số 6', 31, '2021-11-25 00:00:00'),
(6, 2006, 40, 'Bài giảng số 6', 21, '2021-11-25 00:00:00'),
(6, 2007, 30, 'Bài giảng số 6', 26, '2021-11-10 00:00:00'),
(6, 2007, 33, 'Bài giảng số 6', 31, '2021-11-01 00:00:00'),
(6, 2010, 41, 'Bài giảng số 6', 26, '2021-11-10 00:00:00'),
(6, 2010, 48, 'Bài giảng số 6', 10, '2021-11-25 00:00:00'),
(6, 2010, 49, 'Bài giảng số 6', 11, '2021-11-25 00:00:00'),
(6, 2010, 50, 'Bài giảng số 6', 5, '2021-11-25 00:00:00'),
(6, 2010, 51, 'Bài giảng số 6', 18, '2021-11-25 00:00:00'),
(6, 2011, 46, 'Bài giảng số 6', 25, '2021-11-25 00:00:00'),
(6, 2013, 44, 'Bài giảng số 6', 24, '2021-11-25 00:00:00'),
(6, 2014, 53, 'Bài giảng số 6', 13, '2021-10-28 00:00:00'),
(6, 2014, 55, 'Bài giảng số 6', 13, '2021-10-28 00:00:00'),
(6, 2014, 57, 'Bài giảng số 6', 34, '2021-10-28 00:00:00'),
(6, 2014, 58, 'Bài giảng số 6', 33, '2021-10-28 00:00:00'),
(6, 2017, 61, 'Bài giảng số 6', 16, '2021-10-15 00:00:00'),
(6, 2017, 62, 'Bài giảng số 6', 26, '2021-10-20 00:00:00'),
(6, 2017, 67, 'Bài giảng số 6', 20, '2021-10-20 00:00:00'),
(6, 2017, 68, 'Bài giảng số 6', 20, '2021-10-20 00:00:00'),
(6, 2017, 69, 'Bài giảng số 6', 29, '2021-10-20 00:00:00'),
(6, 2019, 65, 'Bài giảng số 6', 27, '2021-10-20 00:00:00'),
(6, 2020, 72, 'Bài giảng số 6', 18, '2021-12-01 00:00:00'),
(6, 2020, 73, 'Bài giảng số 6', 21, '2021-12-01 00:00:00'),
(6, 2020, 75, 'Bài giảng số 6', 27, '2021-12-01 00:00:00'),
(6, 2020, 76, 'Bài giảng số 6', 29, '2021-12-01 00:00:00'),
(6, 2021, 78, 'Bài giảng số 6', 23, '2021-12-03 00:00:00'),
(6, 2021, 80, 'Bài giảng số 6', 10, '2021-12-03 00:00:00'),
(6, 2021, 81, 'Bài giảng số 6', 9, '2021-12-03 00:00:00'),
(6, 2021, 86, 'Bài giảng số 6', 15, '2021-12-03 00:00:00'),
(6, 2021, 90, 'Bài giảng số 6', 11, '2021-12-03 00:00:00'),
(6, 2021, 91, 'Bài giảng số 6', 28, '2021-12-03 00:00:00'),
(6, 2021, 95, 'Bài giảng số 6', 5, '2021-12-03 00:00:00'),
(6, 2021, 100, 'Bài giảng số 6', 30, '2021-12-03 00:00:00'),
(6, 2021, 101, 'Bài giảng số 6', 34, '2021-12-03 00:00:00'),
(6, 2022, 92, 'Bài giảng số 6', 9, '2021-12-03 00:00:00'),
(6, 2022, 97, 'Bài giảng số 6', 15, '2021-12-03 00:00:00'),
(6, 2023, 88, 'Bài giảng số 6', 29, '2021-12-03 00:00:00'),
(6, 2023, 93, 'Bài giảng số 6', 13, '2021-12-03 00:00:00'),
(6, 2023, 94, 'Bài giảng số 6', 34, '2021-12-03 00:00:00'),
(6, 2023, 98, 'Bài giảng số 6', 31, '2021-12-03 00:00:00'),
(6, 2023, 103, 'Bài giảng số 6', 8, '2021-12-03 00:00:00'),
(6, 2023, 105, 'Bài giảng số 6', 11, '2021-12-03 00:00:00'),
(6, 2023, 106, 'Bài giảng số 6', 12, '2021-12-03 00:00:00'),
(6, 2025, 107, 'Bài giảng số 6', 30, '2021-11-25 00:00:00'),
(6, 2027, 2, 'Bài giảng số 6', 7, '2021-11-01 00:00:00'),
(6, 2027, 18, 'Bài giảng số 6', 34, '2021-11-10 00:00:00'),
(6, 2028, 8, 'Bài giảng số 6', 11, '2021-10-10 00:00:00'),
(6, 2029, 10, 'Bài giảng số 6', 16, '2021-10-01 00:00:00'),
(6, 2029, 15, 'Bài giảng số 6', 31, '2021-10-01 00:00:00'),
(6, 2031, 1, 'Bài giảng số 6', 23, '2021-11-01 00:00:00'),
(6, 2031, 24, 'Bài giảng số 6', 32, '2021-11-10 00:00:00'),
(6, 2033, 21, 'Bài giảng số 6', 23, '2021-11-10 00:00:00'),
(6, 2034, 22, 'Bài giảng số 6', 32, '2021-11-10 00:00:00'),
(6, 2035, 28, 'Bài giảng số 6', 9, '2021-11-10 00:00:00'),
(6, 2035, 35, 'Bài giảng số 6', 20, '2021-11-25 00:00:00'),
(6, 2035, 39, 'Bài giảng số 6', 28, '2021-11-25 00:00:00'),
(6, 2038, 34, 'Bài giảng số 6', 15, '2021-11-01 00:00:00'),
(6, 2039, 42, 'Bài giảng số 6', 28, '2021-11-25 00:00:00'),
(6, 2043, 52, 'Bài giảng số 6', 8, '2021-10-25 00:00:00'),
(6, 2043, 60, 'Bài giảng số 6', 10, '2021-10-28 00:00:00'),
(6, 2045, 54, 'Bài giảng số 6', 31, '2021-10-28 00:00:00'),
(6, 2045, 56, 'Bài giảng số 6', 25, '2021-10-28 00:00:00'),
(6, 2046, 64, 'Bài giảng số 6', 33, '2021-10-20 00:00:00'),
(6, 2046, 66, 'Bài giảng số 6', 8, '2021-10-20 00:00:00'),
(6, 2049, 70, 'Bài giảng số 6', 15, '2021-12-01 00:00:00'),
(6, 2049, 71, 'Bài giảng số 6', 12, '2021-12-01 00:00:00'),
(6, 2049, 74, 'Bài giảng số 6', 20, '2021-12-01 00:00:00'),
(6, 2050, 85, 'Bài giảng số 6', 21, '2021-12-03 00:00:00'),
(6, 2050, 96, 'Bài giảng số 6', 13, '2021-12-03 00:00:00'),
(6, 2051, 79, 'Bài giảng số 6', 13, '2021-12-03 00:00:00'),
(6, 2051, 82, 'Bài giảng số 6', 25, '2021-12-03 00:00:00'),
(6, 2051, 102, 'Bài giảng số 6', 27, '2021-12-03 00:00:00'),
(6, 2052, 84, 'Bài giảng số 6', 6, '2021-12-03 00:00:00'),
(6, 2052, 89, 'Bài giảng số 6', 23, '2021-12-03 00:00:00'),
(6, 2052, 99, 'Bài giảng số 6', 13, '2021-12-03 00:00:00'),
(6, 2052, 104, 'Bài giảng số 6', 32, '2021-12-03 00:00:00'),
(6, 2056, 3, 'Bài giảng số 6', 16, '2021-11-10 00:00:00'),
(6, 2056, 12, 'Bài giảng số 6', 13, '2021-10-01 00:00:00'),
(6, 2057, 13, 'Bài giảng số 6', 23, '2021-10-01 00:00:00'),
(6, 2058, 17, 'Bài giảng số 6', 16, '2021-11-10 00:00:00'),
(6, 2060, 19, 'Bài giảng số 6', 10, '2021-11-10 00:00:00'),
(6, 2060, 23, 'Bài giảng số 6', 6, '2021-11-10 00:00:00'),
(6, 2061, 25, 'Bài giảng số 6', 13, '2021-11-10 00:00:00'),
(6, 2064, 38, 'Bài giảng số 6', 30, '2021-11-25 00:00:00'),
(6, 2067, 37, 'Bài giảng số 6', 19, '2021-11-25 00:00:00'),
(6, 2068, 45, 'Bài giảng số 6', 30, '2021-11-25 00:00:00'),
(6, 2068, 47, 'Bài giảng số 6', 10, '2021-11-25 00:00:00'),
(6, 2069, 43, 'Bài giảng số 6', 7, '2021-11-25 00:00:00'),
(6, 2072, 59, 'Bài giảng số 6', 29, '2021-10-28 00:00:00'),
(6, 2077, 63, 'Bài giảng số 6', 19, '2021-10-20 00:00:00'),
(6, 2079, 77, 'Bài giảng số 6', 21, '2021-12-03 00:00:00'),
(6, 2080, 87, 'Bài giảng số 6', 27, '2021-12-03 00:00:00'),
(6, 2081, 83, 'Bài giảng số 6', 23, '2021-12-03 00:00:00'),
(6, 2085, 4, 'Bài giảng số 6', 8, '2021-11-10 00:00:00'),
(6, 2085, 5, 'Bài giảng số 6', 25, '2021-11-10 00:00:00'),
(6, 2085, 16, 'Bài giảng số 6', 29, '2021-11-10 00:00:00'),
(6, 2086, 6, 'Bài giảng số 6', 25, '2021-10-10 00:00:00'),
(6, 2086, 7, 'Bài giảng số 6', 18, '2021-10-10 00:00:00'),
(6, 2087, 11, 'Bài giảng số 6', 13, '2021-10-01 00:00:00'),
(6, 2089, 27, 'Bài giảng số 6', 21, '2021-11-10 00:00:00'),
(6, 2096, 31, 'Bài giảng số 6', 8, '2021-11-10 00:00:00'),
(7, 2001, 14, 'Bài giảng số 7', 12, '2021-10-01 00:00:00'),
(7, 2006, 32, 'Bài giảng số 7', 19, '2021-11-01 00:00:00'),
(7, 2006, 36, 'Bài giảng số 7', 22, '2021-11-25 00:00:00'),
(7, 2007, 33, 'Bài giảng số 7', 33, '2021-11-01 00:00:00'),
(7, 2010, 49, 'Bài giảng số 7', 6, '2021-11-25 00:00:00'),
(7, 2011, 46, 'Bài giảng số 7', 18, '2021-11-25 00:00:00'),
(7, 2014, 58, 'Bài giảng số 7', 12, '2021-10-28 00:00:00'),
(7, 2017, 61, 'Bài giảng số 7', 9, '2021-10-15 00:00:00'),
(7, 2017, 69, 'Bài giảng số 7', 15, '2021-10-20 00:00:00'),
(7, 2020, 75, 'Bài giảng số 7', 21, '2021-12-01 00:00:00'),
(7, 2021, 80, 'Bài giảng số 7', 10, '2021-12-03 00:00:00'),
(7, 2021, 86, 'Bài giảng số 7', 17, '2021-12-03 00:00:00'),
(7, 2021, 95, 'Bài giảng số 7', 8, '2021-12-03 00:00:00'),
(7, 2021, 100, 'Bài giảng số 7', 26, '2021-12-03 00:00:00'),
(7, 2021, 101, 'Bài giảng số 7', 25, '2021-12-03 00:00:00'),
(7, 2022, 97, 'Bài giảng số 7', 29, '2021-12-03 00:00:00'),
(7, 2023, 93, 'Bài giảng số 7', 30, '2021-12-03 00:00:00'),
(7, 2023, 105, 'Bài giảng số 7', 17, '2021-12-03 00:00:00'),
(7, 2025, 107, 'Bài giảng số 7', 11, '2021-11-25 00:00:00'),
(7, 2029, 15, 'Bài giảng số 7', 10, '2021-10-01 00:00:00'),
(7, 2031, 24, 'Bài giảng số 7', 21, '2021-11-10 00:00:00'),
(7, 2034, 22, 'Bài giảng số 7', 27, '2021-11-10 00:00:00'),
(7, 2035, 28, 'Bài giảng số 7', 19, '2021-11-10 00:00:00'),
(7, 2035, 39, 'Bài giảng số 7', 12, '2021-11-25 00:00:00'),
(7, 2035, 40, 'Bài giảng số 7', 17, '2021-11-25 00:00:00'),
(7, 2038, 34, 'Bài giảng số 7', 10, '2021-11-01 00:00:00'),
(7, 2039, 42, 'Bài giảng số 7', 17, '2021-11-25 00:00:00'),
(7, 2039, 48, 'Bài giảng số 7', 34, '2021-11-25 00:00:00'),
(7, 2043, 60, 'Bài giảng số 7', 8, '2021-10-28 00:00:00'),
(7, 2045, 56, 'Bài giảng số 7', 34, '2021-10-28 00:00:00'),
(7, 2046, 67, 'Bài giảng số 7', 14, '2021-10-20 00:00:00'),
(7, 2046, 68, 'Bài giảng số 7', 5, '2021-10-20 00:00:00'),
(7, 2048, 65, 'Bài giảng số 7', 8, '2021-10-20 00:00:00'),
(7, 2049, 71, 'Bài giảng số 7', 28, '2021-12-01 00:00:00'),
(7, 2049, 72, 'Bài giảng số 7', 11, '2021-12-01 00:00:00'),
(7, 2049, 73, 'Bài giảng số 7', 22, '2021-12-01 00:00:00'),
(7, 2049, 74, 'Bài giảng số 7', 27, '2021-12-01 00:00:00'),
(7, 2049, 76, 'Bài giảng số 7', 34, '2021-12-01 00:00:00'),
(7, 2050, 78, 'Bài giảng số 7', 14, '2021-12-03 00:00:00'),
(7, 2050, 91, 'Bài giảng số 7', 13, '2021-12-03 00:00:00'),
(7, 2050, 96, 'Bài giảng số 7', 18, '2021-12-03 00:00:00'),
(7, 2051, 82, 'Bài giảng số 7', 32, '2021-12-03 00:00:00'),
(7, 2051, 92, 'Bài giảng số 7', 22, '2021-12-03 00:00:00'),
(7, 2052, 88, 'Bài giảng số 7', 5, '2021-12-03 00:00:00'),
(7, 2052, 89, 'Bài giảng số 7', 10, '2021-12-03 00:00:00'),
(7, 2052, 94, 'Bài giảng số 7', 26, '2021-12-03 00:00:00'),
(7, 2052, 104, 'Bài giảng số 7', 28, '2021-12-03 00:00:00'),
(7, 2052, 106, 'Bài giảng số 7', 31, '2021-12-03 00:00:00'),
(7, 2056, 2, 'Bài giảng số 7', 32, '2021-11-01 00:00:00'),
(7, 2056, 12, 'Bài giảng số 7', 8, '2021-10-01 00:00:00'),
(7, 2057, 8, 'Bài giảng số 7', 16, '2021-10-10 00:00:00'),
(7, 2057, 13, 'Bài giảng số 7', 14, '2021-10-01 00:00:00'),
(7, 2058, 9, 'Bài giảng số 7', 16, '2021-10-01 00:00:00'),
(7, 2058, 10, 'Bài giảng số 7', 12, '2021-10-01 00:00:00'),
(7, 2060, 1, 'Bài giảng số 7', 23, '2021-11-01 00:00:00'),
(7, 2060, 19, 'Bài giảng số 7', 28, '2021-11-10 00:00:00'),
(7, 2061, 25, 'Bài giảng số 7', 7, '2021-11-10 00:00:00'),
(7, 2061, 26, 'Bài giảng số 7', 6, '2021-11-10 00:00:00'),
(7, 2062, 21, 'Bài giảng số 7', 26, '2021-11-10 00:00:00'),
(7, 2064, 38, 'Bài giảng số 7', 22, '2021-11-25 00:00:00'),
(7, 2065, 30, 'Bài giảng số 7', 18, '2021-11-10 00:00:00'),
(7, 2067, 37, 'Bài giảng số 7', 13, '2021-11-25 00:00:00'),
(7, 2068, 41, 'Bài giảng số 7', 31, '2021-11-10 00:00:00'),
(7, 2068, 45, 'Bài giảng số 7', 20, '2021-11-25 00:00:00'),
(7, 2068, 47, 'Bài giảng số 7', 15, '2021-11-25 00:00:00'),
(7, 2071, 44, 'Bài giảng số 7', 26, '2021-11-25 00:00:00'),
(7, 2072, 52, 'Bài giảng số 7', 6, '2021-10-25 00:00:00'),
(7, 2072, 53, 'Bài giảng số 7', 32, '2021-10-28 00:00:00'),
(7, 2072, 55, 'Bài giảng số 7', 33, '2021-10-28 00:00:00'),
(7, 2072, 57, 'Bài giảng số 7', 8, '2021-10-28 00:00:00'),
(7, 2072, 59, 'Bài giảng số 7', 20, '2021-10-28 00:00:00'),
(7, 2074, 54, 'Bài giảng số 7', 23, '2021-10-28 00:00:00'),
(7, 2075, 62, 'Bài giảng số 7', 20, '2021-10-20 00:00:00'),
(7, 2075, 64, 'Bài giảng số 7', 25, '2021-10-20 00:00:00'),
(7, 2075, 66, 'Bài giảng số 7', 20, '2021-10-20 00:00:00'),
(7, 2077, 63, 'Bài giảng số 7', 28, '2021-10-20 00:00:00'),
(7, 2078, 70, 'Bài giảng số 7', 18, '2021-12-01 00:00:00'),
(7, 2079, 77, 'Bài giảng số 7', 21, '2021-12-03 00:00:00'),
(7, 2079, 81, 'Bài giảng số 7', 5, '2021-12-03 00:00:00'),
(7, 2079, 85, 'Bài giảng số 7', 8, '2021-12-03 00:00:00'),
(7, 2079, 90, 'Bài giảng số 7', 15, '2021-12-03 00:00:00'),
(7, 2080, 79, 'Bài giảng số 7', 12, '2021-12-03 00:00:00'),
(7, 2080, 87, 'Bài giảng số 7', 30, '2021-12-03 00:00:00'),
(7, 2080, 102, 'Bài giảng số 7', 26, '2021-12-03 00:00:00'),
(7, 2081, 83, 'Bài giảng số 7', 33, '2021-12-03 00:00:00'),
(7, 2081, 84, 'Bài giảng số 7', 26, '2021-12-03 00:00:00'),
(7, 2081, 98, 'Bài giảng số 7', 11, '2021-12-03 00:00:00'),
(7, 2081, 99, 'Bài giảng số 7', 17, '2021-12-03 00:00:00'),
(7, 2081, 103, 'Bài giảng số 7', 5, '2021-12-03 00:00:00'),
(7, 2085, 3, 'Bài giảng số 7', 23, '2021-11-10 00:00:00'),
(7, 2085, 4, 'Bài giảng số 7', 8, '2021-11-10 00:00:00'),
(7, 2085, 5, 'Bài giảng số 7', 17, '2021-11-10 00:00:00'),
(7, 2085, 16, 'Bài giảng số 7', 34, '2021-11-10 00:00:00'),
(7, 2085, 18, 'Bài giảng số 7', 15, '2021-11-10 00:00:00'),
(7, 2086, 6, 'Bài giảng số 7', 11, '2021-10-10 00:00:00'),
(7, 2086, 7, 'Bài giảng số 7', 22, '2021-10-10 00:00:00'),
(7, 2087, 11, 'Bài giảng số 7', 16, '2021-10-01 00:00:00'),
(7, 2087, 17, 'Bài giảng số 7', 34, '2021-11-10 00:00:00'),
(7, 2089, 23, 'Bài giảng số 7', 7, '2021-11-10 00:00:00'),
(7, 2089, 27, 'Bài giảng số 7', 8, '2021-11-10 00:00:00'),
(7, 2090, 20, 'Bài giảng số 7', 11, '2021-11-10 00:00:00'),
(7, 2093, 29, 'Bài giảng số 7', 33, '2021-11-10 00:00:00'),
(7, 2093, 35, 'Bài giảng số 7', 12, '2021-11-25 00:00:00'),
(7, 2096, 31, 'Bài giảng số 7', 19, '2021-11-10 00:00:00'),
(7, 2097, 50, 'Bài giảng số 7', 33, '2021-11-25 00:00:00'),
(7, 2097, 51, 'Bài giảng số 7', 11, '2021-11-25 00:00:00'),
(7, 2098, 43, 'Bài giảng số 7', 29, '2021-11-25 00:00:00'),
(8, 2000, 9, 'Bài giảng số 8', 27, '2021-10-01 00:00:00'),
(8, 2001, 14, 'Bài giảng số 8', 22, '2021-10-01 00:00:00'),
(8, 2003, 20, 'Bài giảng số 8', 27, '2021-11-10 00:00:00'),
(8, 2003, 26, 'Bài giảng số 8', 20, '2021-11-10 00:00:00'),
(8, 2006, 29, 'Bài giảng số 8', 7, '2021-11-10 00:00:00'),
(8, 2006, 32, 'Bài giảng số 8', 30, '2021-11-01 00:00:00'),
(8, 2006, 36, 'Bài giảng số 8', 6, '2021-11-25 00:00:00'),
(8, 2006, 40, 'Bài giảng số 8', 15, '2021-11-25 00:00:00'),
(8, 2007, 30, 'Bài giảng số 8', 17, '2021-11-10 00:00:00'),
(8, 2007, 33, 'Bài giảng số 8', 8, '2021-11-01 00:00:00'),
(8, 2010, 41, 'Bài giảng số 8', 7, '2021-11-10 00:00:00'),
(8, 2010, 48, 'Bài giảng số 8', 7, '2021-11-25 00:00:00'),
(8, 2010, 49, 'Bài giảng số 8', 12, '2021-11-25 00:00:00'),
(8, 2010, 50, 'Bài giảng số 8', 12, '2021-11-25 00:00:00'),
(8, 2010, 51, 'Bài giảng số 8', 28, '2021-11-25 00:00:00'),
(8, 2011, 46, 'Bài giảng số 8', 10, '2021-11-25 00:00:00'),
(8, 2013, 44, 'Bài giảng số 8', 18, '2021-11-25 00:00:00'),
(8, 2014, 53, 'Bài giảng số 8', 29, '2021-10-28 00:00:00'),
(8, 2014, 55, 'Bài giảng số 8', 5, '2021-10-28 00:00:00'),
(8, 2014, 57, 'Bài giảng số 8', 14, '2021-10-28 00:00:00'),
(8, 2014, 58, 'Bài giảng số 8', 11, '2021-10-28 00:00:00'),
(8, 2017, 61, 'Bài giảng số 8', 29, '2021-10-15 00:00:00'),
(8, 2017, 62, 'Bài giảng số 8', 6, '2021-10-20 00:00:00'),
(8, 2017, 67, 'Bài giảng số 8', 12, '2021-10-20 00:00:00'),
(8, 2017, 68, 'Bài giảng số 8', 14, '2021-10-20 00:00:00'),
(8, 2017, 69, 'Bài giảng số 8', 30, '2021-10-20 00:00:00'),
(8, 2019, 65, 'Bài giảng số 8', 19, '2021-10-20 00:00:00'),
(8, 2020, 72, 'Bài giảng số 8', 25, '2021-12-01 00:00:00'),
(8, 2020, 73, 'Bài giảng số 8', 26, '2021-12-01 00:00:00'),
(8, 2020, 75, 'Bài giảng số 8', 25, '2021-12-01 00:00:00'),
(8, 2020, 76, 'Bài giảng số 8', 13, '2021-12-01 00:00:00'),
(8, 2021, 78, 'Bài giảng số 8', 27, '2021-12-03 00:00:00'),
(8, 2021, 80, 'Bài giảng số 8', 17, '2021-12-03 00:00:00'),
(8, 2021, 81, 'Bài giảng số 8', 10, '2021-12-03 00:00:00'),
(8, 2021, 86, 'Bài giảng số 8', 29, '2021-12-03 00:00:00'),
(8, 2021, 90, 'Bài giảng số 8', 32, '2021-12-03 00:00:00'),
(8, 2021, 91, 'Bài giảng số 8', 8, '2021-12-03 00:00:00'),
(8, 2021, 95, 'Bài giảng số 8', 22, '2021-12-03 00:00:00'),
(8, 2021, 100, 'Bài giảng số 8', 14, '2021-12-03 00:00:00'),
(8, 2021, 101, 'Bài giảng số 8', 23, '2021-12-03 00:00:00'),
(8, 2022, 92, 'Bài giảng số 8', 23, '2021-12-03 00:00:00'),
(8, 2022, 97, 'Bài giảng số 8', 33, '2021-12-03 00:00:00'),
(8, 2023, 88, 'Bài giảng số 8', 28, '2021-12-03 00:00:00'),
(8, 2023, 93, 'Bài giảng số 8', 33, '2021-12-03 00:00:00'),
(8, 2023, 94, 'Bài giảng số 8', 20, '2021-12-03 00:00:00'),
(8, 2023, 98, 'Bài giảng số 8', 8, '2021-12-03 00:00:00'),
(8, 2023, 103, 'Bài giảng số 8', 22, '2021-12-03 00:00:00'),
(8, 2023, 105, 'Bài giảng số 8', 17, '2021-12-03 00:00:00'),
(8, 2023, 106, 'Bài giảng số 8', 5, '2021-12-03 00:00:00'),
(8, 2025, 107, 'Bài giảng số 8', 21, '2021-11-25 00:00:00'),
(8, 2027, 2, 'Bài giảng số 8', 11, '2021-11-01 00:00:00'),
(8, 2027, 18, 'Bài giảng số 8', 22, '2021-11-10 00:00:00'),
(8, 2028, 8, 'Bài giảng số 8', 10, '2021-10-10 00:00:00'),
(8, 2029, 10, 'Bài giảng số 8', 32, '2021-10-01 00:00:00'),
(8, 2029, 15, 'Bài giảng số 8', 26, '2021-10-01 00:00:00'),
(8, 2031, 1, 'Bài giảng số 8', 27, '2021-11-01 00:00:00'),
(8, 2031, 24, 'Bài giảng số 8', 31, '2021-11-10 00:00:00'),
(8, 2033, 21, 'Bài giảng số 8', 14, '2021-11-10 00:00:00'),
(8, 2034, 22, 'Bài giảng số 8', 7, '2021-11-10 00:00:00'),
(8, 2035, 28, 'Bài giảng số 8', 29, '2021-11-10 00:00:00'),
(8, 2035, 35, 'Bài giảng số 8', 32, '2021-11-25 00:00:00'),
(8, 2035, 39, 'Bài giảng số 8', 6, '2021-11-25 00:00:00'),
(8, 2038, 34, 'Bài giảng số 8', 11, '2021-11-01 00:00:00'),
(8, 2039, 42, 'Bài giảng số 8', 19, '2021-11-25 00:00:00'),
(8, 2043, 52, 'Bài giảng số 8', 19, '2021-10-25 00:00:00'),
(8, 2043, 60, 'Bài giảng số 8', 7, '2021-10-28 00:00:00'),
(8, 2045, 54, 'Bài giảng số 8', 34, '2021-10-28 00:00:00'),
(8, 2045, 56, 'Bài giảng số 8', 10, '2021-10-28 00:00:00'),
(8, 2046, 64, 'Bài giảng số 8', 10, '2021-10-20 00:00:00'),
(8, 2046, 66, 'Bài giảng số 8', 6, '2021-10-20 00:00:00'),
(8, 2049, 70, 'Bài giảng số 8', 8, '2021-12-01 00:00:00'),
(8, 2049, 71, 'Bài giảng số 8', 20, '2021-12-01 00:00:00'),
(8, 2049, 74, 'Bài giảng số 8', 28, '2021-12-01 00:00:00'),
(8, 2050, 85, 'Bài giảng số 8', 29, '2021-12-03 00:00:00'),
(8, 2050, 96, 'Bài giảng số 8', 25, '2021-12-03 00:00:00'),
(8, 2051, 79, 'Bài giảng số 8', 33, '2021-12-03 00:00:00'),
(8, 2051, 82, 'Bài giảng số 8', 21, '2021-12-03 00:00:00'),
(8, 2051, 102, 'Bài giảng số 8', 5, '2021-12-03 00:00:00'),
(8, 2052, 84, 'Bài giảng số 8', 14, '2021-12-03 00:00:00'),
(8, 2052, 89, 'Bài giảng số 8', 23, '2021-12-03 00:00:00'),
(8, 2052, 99, 'Bài giảng số 8', 34, '2021-12-03 00:00:00'),
(8, 2052, 104, 'Bài giảng số 8', 15, '2021-12-03 00:00:00'),
(8, 2056, 3, 'Bài giảng số 8', 14, '2021-11-10 00:00:00'),
(8, 2056, 12, 'Bài giảng số 8', 30, '2021-10-01 00:00:00'),
(8, 2057, 13, 'Bài giảng số 8', 23, '2021-10-01 00:00:00'),
(8, 2058, 17, 'Bài giảng số 8', 13, '2021-11-10 00:00:00'),
(8, 2060, 19, 'Bài giảng số 8', 24, '2021-11-10 00:00:00'),
(8, 2060, 23, 'Bài giảng số 8', 30, '2021-11-10 00:00:00'),
(8, 2061, 25, 'Bài giảng số 8', 10, '2021-11-10 00:00:00'),
(8, 2064, 38, 'Bài giảng số 8', 22, '2021-11-25 00:00:00'),
(8, 2067, 37, 'Bài giảng số 8', 18, '2021-11-25 00:00:00'),
(8, 2068, 45, 'Bài giảng số 8', 7, '2021-11-25 00:00:00'),
(8, 2068, 47, 'Bài giảng số 8', 32, '2021-11-25 00:00:00'),
(8, 2069, 43, 'Bài giảng số 8', 6, '2021-11-25 00:00:00'),
(8, 2072, 59, 'Bài giảng số 8', 13, '2021-10-28 00:00:00'),
(8, 2077, 63, 'Bài giảng số 8', 11, '2021-10-20 00:00:00'),
(8, 2079, 77, 'Bài giảng số 8', 27, '2021-12-03 00:00:00'),
(8, 2080, 87, 'Bài giảng số 8', 25, '2021-12-03 00:00:00'),
(8, 2081, 83, 'Bài giảng số 8', 26, '2021-12-03 00:00:00'),
(8, 2085, 4, 'Bài giảng số 8', 19, '2021-11-10 00:00:00'),
(8, 2085, 5, 'Bài giảng số 8', 23, '2021-11-10 00:00:00'),
(8, 2085, 16, 'Bài giảng số 8', 24, '2021-11-10 00:00:00'),
(8, 2086, 6, 'Bài giảng số 8', 26, '2021-10-10 00:00:00'),
(8, 2086, 7, 'Bài giảng số 8', 33, '2021-10-10 00:00:00'),
(8, 2087, 11, 'Bài giảng số 8', 23, '2021-10-01 00:00:00'),
(8, 2089, 27, 'Bài giảng số 8', 9, '2021-11-10 00:00:00'),
(8, 2096, 31, 'Bài giảng số 8', 25, '2021-11-10 00:00:00'),
(9, 2001, 14, 'Bài giảng số 9', 13, '2021-10-01 00:00:00'),
(9, 2006, 32, 'Bài giảng số 9', 29, '2021-11-01 00:00:00'),
(9, 2006, 36, 'Bài giảng số 9', 30, '2021-11-25 00:00:00'),
(9, 2007, 33, 'Bài giảng số 9', 6, '2021-11-01 00:00:00'),
(9, 2010, 49, 'Bài giảng số 9', 22, '2021-11-25 00:00:00'),
(9, 2011, 46, 'Bài giảng số 9', 7, '2021-11-25 00:00:00');
INSERT INTO `bai_giang` (`id`, `ma_gv`, `ma_kh`, `ten_bai_giang`, `thoi_luong`, `upload_time`) VALUES
(9, 2014, 58, 'Bài giảng số 9', 28, '2021-10-28 00:00:00'),
(9, 2017, 61, 'Bài giảng số 9', 11, '2021-10-15 00:00:00'),
(9, 2017, 69, 'Bài giảng số 9', 6, '2021-10-20 00:00:00'),
(9, 2020, 75, 'Bài giảng số 9', 29, '2021-12-01 00:00:00'),
(9, 2021, 80, 'Bài giảng số 9', 16, '2021-12-03 00:00:00'),
(9, 2021, 86, 'Bài giảng số 9', 24, '2021-12-03 00:00:00'),
(9, 2021, 95, 'Bài giảng số 9', 18, '2021-12-03 00:00:00'),
(9, 2021, 100, 'Bài giảng số 9', 25, '2021-12-03 00:00:00'),
(9, 2021, 101, 'Bài giảng số 9', 6, '2021-12-03 00:00:00'),
(9, 2022, 97, 'Bài giảng số 9', 23, '2021-12-03 00:00:00'),
(9, 2023, 93, 'Bài giảng số 9', 20, '2021-12-03 00:00:00'),
(9, 2023, 105, 'Bài giảng số 9', 16, '2021-12-03 00:00:00'),
(9, 2025, 107, 'Bài giảng số 9', 23, '2021-11-25 00:00:00'),
(9, 2029, 15, 'Bài giảng số 9', 25, '2021-10-01 00:00:00'),
(9, 2031, 24, 'Bài giảng số 9', 30, '2021-11-10 00:00:00'),
(9, 2034, 22, 'Bài giảng số 9', 34, '2021-11-10 00:00:00'),
(9, 2035, 28, 'Bài giảng số 9', 29, '2021-11-10 00:00:00'),
(9, 2035, 39, 'Bài giảng số 9', 25, '2021-11-25 00:00:00'),
(9, 2035, 40, 'Bài giảng số 9', 18, '2021-11-25 00:00:00'),
(9, 2038, 34, 'Bài giảng số 9', 22, '2021-11-01 00:00:00'),
(9, 2039, 42, 'Bài giảng số 9', 9, '2021-11-25 00:00:00'),
(9, 2039, 48, 'Bài giảng số 9', 20, '2021-11-25 00:00:00'),
(9, 2043, 60, 'Bài giảng số 9', 31, '2021-10-28 00:00:00'),
(9, 2045, 56, 'Bài giảng số 9', 20, '2021-10-28 00:00:00'),
(9, 2046, 67, 'Bài giảng số 9', 14, '2021-10-20 00:00:00'),
(9, 2046, 68, 'Bài giảng số 9', 7, '2021-10-20 00:00:00'),
(9, 2048, 65, 'Bài giảng số 9', 5, '2021-10-20 00:00:00'),
(9, 2049, 71, 'Bài giảng số 9', 13, '2021-12-01 00:00:00'),
(9, 2049, 72, 'Bài giảng số 9', 11, '2021-12-01 00:00:00'),
(9, 2049, 73, 'Bài giảng số 9', 19, '2021-12-01 00:00:00'),
(9, 2049, 74, 'Bài giảng số 9', 29, '2021-12-01 00:00:00'),
(9, 2049, 76, 'Bài giảng số 9', 7, '2021-12-01 00:00:00'),
(9, 2050, 78, 'Bài giảng số 9', 23, '2021-12-03 00:00:00'),
(9, 2050, 91, 'Bài giảng số 9', 17, '2021-12-03 00:00:00'),
(9, 2050, 96, 'Bài giảng số 9', 18, '2021-12-03 00:00:00'),
(9, 2051, 82, 'Bài giảng số 9', 12, '2021-12-03 00:00:00'),
(9, 2051, 92, 'Bài giảng số 9', 23, '2021-12-03 00:00:00'),
(9, 2052, 88, 'Bài giảng số 9', 9, '2021-12-03 00:00:00'),
(9, 2052, 89, 'Bài giảng số 9', 8, '2021-12-03 00:00:00'),
(9, 2052, 94, 'Bài giảng số 9', 22, '2021-12-03 00:00:00'),
(9, 2052, 104, 'Bài giảng số 9', 32, '2021-12-03 00:00:00'),
(9, 2052, 106, 'Bài giảng số 9', 6, '2021-12-03 00:00:00'),
(9, 2056, 2, 'Bài giảng số 9', 26, '2021-11-01 00:00:00'),
(9, 2056, 12, 'Bài giảng số 9', 26, '2021-10-01 00:00:00'),
(9, 2057, 8, 'Bài giảng số 9', 19, '2021-10-10 00:00:00'),
(9, 2057, 13, 'Bài giảng số 9', 9, '2021-10-01 00:00:00'),
(9, 2058, 9, 'Bài giảng số 9', 25, '2021-10-01 00:00:00'),
(9, 2058, 10, 'Bài giảng số 9', 12, '2021-10-01 00:00:00'),
(9, 2060, 1, 'Bài giảng số 9', 19, '2021-11-01 00:00:00'),
(9, 2060, 19, 'Bài giảng số 9', 17, '2021-11-10 00:00:00'),
(9, 2061, 25, 'Bài giảng số 9', 28, '2021-11-10 00:00:00'),
(9, 2061, 26, 'Bài giảng số 9', 25, '2021-11-10 00:00:00'),
(9, 2062, 21, 'Bài giảng số 9', 20, '2021-11-10 00:00:00'),
(9, 2064, 38, 'Bài giảng số 9', 5, '2021-11-25 00:00:00'),
(9, 2065, 30, 'Bài giảng số 9', 20, '2021-11-10 00:00:00'),
(9, 2067, 37, 'Bài giảng số 9', 25, '2021-11-25 00:00:00'),
(9, 2068, 41, 'Bài giảng số 9', 12, '2021-11-10 00:00:00'),
(9, 2068, 45, 'Bài giảng số 9', 7, '2021-11-25 00:00:00'),
(9, 2068, 47, 'Bài giảng số 9', 14, '2021-11-25 00:00:00'),
(9, 2071, 44, 'Bài giảng số 9', 19, '2021-11-25 00:00:00'),
(9, 2072, 52, 'Bài giảng số 9', 23, '2021-10-25 00:00:00'),
(9, 2072, 53, 'Bài giảng số 9', 33, '2021-10-28 00:00:00'),
(9, 2072, 55, 'Bài giảng số 9', 6, '2021-10-28 00:00:00'),
(9, 2072, 57, 'Bài giảng số 9', 6, '2021-10-28 00:00:00'),
(9, 2072, 59, 'Bài giảng số 9', 31, '2021-10-28 00:00:00'),
(9, 2074, 54, 'Bài giảng số 9', 27, '2021-10-28 00:00:00'),
(9, 2075, 62, 'Bài giảng số 9', 32, '2021-10-20 00:00:00'),
(9, 2075, 64, 'Bài giảng số 9', 16, '2021-10-20 00:00:00'),
(9, 2075, 66, 'Bài giảng số 9', 19, '2021-10-20 00:00:00'),
(9, 2077, 63, 'Bài giảng số 9', 33, '2021-10-20 00:00:00'),
(9, 2078, 70, 'Bài giảng số 9', 33, '2021-12-01 00:00:00'),
(9, 2079, 77, 'Bài giảng số 9', 28, '2021-12-03 00:00:00'),
(9, 2079, 81, 'Bài giảng số 9', 19, '2021-12-03 00:00:00'),
(9, 2079, 85, 'Bài giảng số 9', 14, '2021-12-03 00:00:00'),
(9, 2079, 90, 'Bài giảng số 9', 27, '2021-12-03 00:00:00'),
(9, 2080, 79, 'Bài giảng số 9', 26, '2021-12-03 00:00:00'),
(9, 2080, 87, 'Bài giảng số 9', 29, '2021-12-03 00:00:00'),
(9, 2080, 102, 'Bài giảng số 9', 29, '2021-12-03 00:00:00'),
(9, 2081, 83, 'Bài giảng số 9', 10, '2021-12-03 00:00:00'),
(9, 2081, 84, 'Bài giảng số 9', 24, '2021-12-03 00:00:00'),
(9, 2081, 98, 'Bài giảng số 9', 25, '2021-12-03 00:00:00'),
(9, 2081, 99, 'Bài giảng số 9', 19, '2021-12-03 00:00:00'),
(9, 2081, 103, 'Bài giảng số 9', 31, '2021-12-03 00:00:00'),
(9, 2085, 3, 'Bài giảng số 9', 27, '2021-11-10 00:00:00'),
(9, 2085, 4, 'Bài giảng số 9', 26, '2021-11-10 00:00:00'),
(9, 2085, 5, 'Bài giảng số 9', 21, '2021-11-10 00:00:00'),
(9, 2085, 16, 'Bài giảng số 9', 7, '2021-11-10 00:00:00'),
(9, 2085, 18, 'Bài giảng số 9', 13, '2021-11-10 00:00:00'),
(9, 2086, 6, 'Bài giảng số 9', 8, '2021-10-10 00:00:00'),
(9, 2086, 7, 'Bài giảng số 9', 13, '2021-10-10 00:00:00'),
(9, 2087, 11, 'Bài giảng số 9', 7, '2021-10-01 00:00:00'),
(9, 2087, 17, 'Bài giảng số 9', 24, '2021-11-10 00:00:00'),
(9, 2089, 23, 'Bài giảng số 9', 5, '2021-11-10 00:00:00'),
(9, 2089, 27, 'Bài giảng số 9', 7, '2021-11-10 00:00:00'),
(9, 2090, 20, 'Bài giảng số 9', 34, '2021-11-10 00:00:00'),
(9, 2093, 29, 'Bài giảng số 9', 10, '2021-11-10 00:00:00'),
(9, 2093, 35, 'Bài giảng số 9', 19, '2021-11-25 00:00:00'),
(9, 2096, 31, 'Bài giảng số 9', 15, '2021-11-10 00:00:00'),
(9, 2097, 50, 'Bài giảng số 9', 9, '2021-11-25 00:00:00'),
(9, 2097, 51, 'Bài giảng số 9', 15, '2021-11-25 00:00:00'),
(9, 2098, 43, 'Bài giảng số 9', 6, '2021-11-25 00:00:00'),
(10, 2001, 14, 'Bài giảng số 10', 18, '2021-10-01 00:00:00'),
(10, 2003, 20, 'Bài giảng số 10', 10, '2021-11-10 00:00:00'),
(10, 2003, 26, 'Bài giảng số 10', 18, '2021-11-10 00:00:00'),
(10, 2006, 29, 'Bài giảng số 10', 17, '2021-11-10 00:00:00'),
(10, 2006, 32, 'Bài giảng số 10', 34, '2021-11-01 00:00:00'),
(10, 2006, 36, 'Bài giảng số 10', 10, '2021-11-25 00:00:00'),
(10, 2006, 40, 'Bài giảng số 10', 30, '2021-11-25 00:00:00'),
(10, 2007, 30, 'Bài giảng số 10', 28, '2021-11-10 00:00:00'),
(10, 2007, 33, 'Bài giảng số 10', 19, '2021-11-01 00:00:00'),
(10, 2010, 41, 'Bài giảng số 10', 7, '2021-11-10 00:00:00'),
(10, 2010, 48, 'Bài giảng số 10', 9, '2021-11-25 00:00:00'),
(10, 2010, 49, 'Bài giảng số 10', 26, '2021-11-25 00:00:00'),
(10, 2010, 50, 'Bài giảng số 10', 30, '2021-11-25 00:00:00'),
(10, 2011, 46, 'Bài giảng số 10', 13, '2021-11-25 00:00:00'),
(10, 2013, 44, 'Bài giảng số 10', 22, '2021-11-25 00:00:00'),
(10, 2014, 55, 'Bài giảng số 10', 8, '2021-10-28 00:00:00'),
(10, 2014, 57, 'Bài giảng số 10', 33, '2021-10-28 00:00:00'),
(10, 2014, 58, 'Bài giảng số 10', 10, '2021-10-28 00:00:00'),
(10, 2017, 61, 'Bài giảng số 10', 27, '2021-10-15 00:00:00'),
(10, 2017, 62, 'Bài giảng số 10', 21, '2021-10-20 00:00:00'),
(10, 2017, 67, 'Bài giảng số 10', 33, '2021-10-20 00:00:00'),
(10, 2017, 69, 'Bài giảng số 10', 6, '2021-10-20 00:00:00'),
(10, 2019, 65, 'Bài giảng số 10', 7, '2021-10-20 00:00:00'),
(10, 2020, 72, 'Bài giảng số 10', 14, '2021-12-01 00:00:00'),
(10, 2020, 73, 'Bài giảng số 10', 25, '2021-12-01 00:00:00'),
(10, 2020, 75, 'Bài giảng số 10', 24, '2021-12-01 00:00:00'),
(10, 2020, 76, 'Bài giảng số 10', 9, '2021-12-01 00:00:00'),
(10, 2021, 78, 'Bài giảng số 10', 27, '2021-12-03 00:00:00'),
(10, 2021, 80, 'Bài giảng số 10', 19, '2021-12-03 00:00:00'),
(10, 2021, 81, 'Bài giảng số 10', 32, '2021-12-03 00:00:00'),
(10, 2021, 86, 'Bài giảng số 10', 15, '2021-12-03 00:00:00'),
(10, 2021, 90, 'Bài giảng số 10', 12, '2021-12-03 00:00:00'),
(10, 2021, 91, 'Bài giảng số 10', 33, '2021-12-03 00:00:00'),
(10, 2021, 95, 'Bài giảng số 10', 24, '2021-12-03 00:00:00'),
(10, 2021, 100, 'Bài giảng số 10', 17, '2021-12-03 00:00:00'),
(10, 2021, 101, 'Bài giảng số 10', 29, '2021-12-03 00:00:00'),
(10, 2022, 92, 'Bài giảng số 10', 6, '2021-12-03 00:00:00'),
(10, 2022, 97, 'Bài giảng số 10', 26, '2021-12-03 00:00:00'),
(10, 2023, 88, 'Bài giảng số 10', 26, '2021-12-03 00:00:00'),
(10, 2023, 93, 'Bài giảng số 10', 33, '2021-12-03 00:00:00'),
(10, 2023, 94, 'Bài giảng số 10', 18, '2021-12-03 00:00:00'),
(10, 2023, 98, 'Bài giảng số 10', 15, '2021-12-03 00:00:00'),
(10, 2023, 103, 'Bài giảng số 10', 21, '2021-12-03 00:00:00'),
(10, 2023, 105, 'Bài giảng số 10', 9, '2021-12-03 00:00:00'),
(10, 2025, 107, 'Bài giảng số 10', 13, '2021-11-25 00:00:00'),
(10, 2027, 2, 'Bài giảng số 10', 29, '2021-11-01 00:00:00'),
(10, 2027, 18, 'Bài giảng số 10', 16, '2021-11-10 00:00:00'),
(10, 2028, 8, 'Bài giảng số 10', 27, '2021-10-10 00:00:00'),
(10, 2029, 15, 'Bài giảng số 10', 34, '2021-10-01 00:00:00'),
(10, 2031, 1, 'Bài giảng số 10', 10, '2021-11-01 00:00:00'),
(10, 2031, 24, 'Bài giảng số 10', 13, '2021-11-10 00:00:00'),
(10, 2033, 21, 'Bài giảng số 10', 18, '2021-11-10 00:00:00'),
(10, 2034, 22, 'Bài giảng số 10', 29, '2021-11-10 00:00:00'),
(10, 2035, 28, 'Bài giảng số 10', 19, '2021-11-10 00:00:00'),
(10, 2035, 35, 'Bài giảng số 10', 20, '2021-11-25 00:00:00'),
(10, 2035, 39, 'Bài giảng số 10', 5, '2021-11-25 00:00:00'),
(10, 2039, 42, 'Bài giảng số 10', 29, '2021-11-25 00:00:00'),
(10, 2043, 52, 'Bài giảng số 10', 27, '2021-10-25 00:00:00'),
(10, 2043, 60, 'Bài giảng số 10', 23, '2021-10-28 00:00:00'),
(10, 2045, 54, 'Bài giảng số 10', 34, '2021-10-28 00:00:00'),
(10, 2046, 64, 'Bài giảng số 10', 29, '2021-10-20 00:00:00'),
(10, 2046, 66, 'Bài giảng số 10', 7, '2021-10-20 00:00:00'),
(10, 2049, 70, 'Bài giảng số 10', 19, '2021-12-01 00:00:00'),
(10, 2049, 74, 'Bài giảng số 10', 6, '2021-12-01 00:00:00'),
(10, 2050, 85, 'Bài giảng số 10', 5, '2021-12-03 00:00:00'),
(10, 2050, 96, 'Bài giảng số 10', 21, '2021-12-03 00:00:00'),
(10, 2051, 79, 'Bài giảng số 10', 31, '2021-12-03 00:00:00'),
(10, 2051, 82, 'Bài giảng số 10', 23, '2021-12-03 00:00:00'),
(10, 2051, 102, 'Bài giảng số 10', 15, '2021-12-03 00:00:00'),
(10, 2052, 84, 'Bài giảng số 10', 20, '2021-12-03 00:00:00'),
(10, 2052, 89, 'Bài giảng số 10', 34, '2021-12-03 00:00:00'),
(10, 2052, 99, 'Bài giảng số 10', 19, '2021-12-03 00:00:00'),
(10, 2052, 104, 'Bài giảng số 10', 11, '2021-12-03 00:00:00'),
(10, 2056, 3, 'Bài giảng số 10', 22, '2021-11-10 00:00:00'),
(10, 2056, 12, 'Bài giảng số 10', 7, '2021-10-01 00:00:00'),
(10, 2057, 13, 'Bài giảng số 10', 6, '2021-10-01 00:00:00'),
(10, 2060, 19, 'Bài giảng số 10', 29, '2021-11-10 00:00:00'),
(10, 2060, 23, 'Bài giảng số 10', 33, '2021-11-10 00:00:00'),
(10, 2061, 25, 'Bài giảng số 10', 11, '2021-11-10 00:00:00'),
(10, 2064, 38, 'Bài giảng số 10', 23, '2021-11-25 00:00:00'),
(10, 2067, 37, 'Bài giảng số 10', 6, '2021-11-25 00:00:00'),
(10, 2068, 45, 'Bài giảng số 10', 16, '2021-11-25 00:00:00'),
(10, 2068, 47, 'Bài giảng số 10', 15, '2021-11-25 00:00:00'),
(10, 2069, 43, 'Bài giảng số 10', 20, '2021-11-25 00:00:00'),
(10, 2072, 59, 'Bài giảng số 10', 6, '2021-10-28 00:00:00'),
(10, 2077, 63, 'Bài giảng số 10', 29, '2021-10-20 00:00:00'),
(10, 2079, 77, 'Bài giảng số 10', 13, '2021-12-03 00:00:00'),
(10, 2080, 87, 'Bài giảng số 10', 17, '2021-12-03 00:00:00'),
(10, 2081, 83, 'Bài giảng số 10', 7, '2021-12-03 00:00:00'),
(10, 2085, 4, 'Bài giảng số 10', 6, '2021-11-10 00:00:00'),
(10, 2085, 5, 'Bài giảng số 10', 15, '2021-11-10 00:00:00'),
(10, 2085, 16, 'Bài giảng số 10', 20, '2021-11-10 00:00:00'),
(10, 2086, 6, 'Bài giảng số 10', 13, '2021-10-10 00:00:00'),
(10, 2086, 7, 'Bài giảng số 10', 17, '2021-10-10 00:00:00'),
(10, 2087, 11, 'Bài giảng số 10', 21, '2021-10-01 00:00:00'),
(10, 2089, 27, 'Bài giảng số 10', 13, '2021-11-10 00:00:00'),
(10, 2096, 31, 'Bài giảng số 10', 30, '2021-11-10 00:00:00'),
(11, 2001, 14, 'Bài giảng số 11', 23, '2021-10-01 00:00:00'),
(11, 2006, 36, 'Bài giảng số 11', 9, '2021-11-25 00:00:00'),
(11, 2007, 33, 'Bài giảng số 11', 33, '2021-11-01 00:00:00'),
(11, 2010, 49, 'Bài giảng số 11', 34, '2021-11-25 00:00:00'),
(11, 2011, 46, 'Bài giảng số 11', 15, '2021-11-25 00:00:00'),
(11, 2014, 58, 'Bài giảng số 11', 11, '2021-10-28 00:00:00'),
(11, 2017, 61, 'Bài giảng số 11', 31, '2021-10-15 00:00:00'),
(11, 2017, 69, 'Bài giảng số 11', 30, '2021-10-20 00:00:00'),
(11, 2020, 75, 'Bài giảng số 11', 9, '2021-12-01 00:00:00'),
(11, 2021, 80, 'Bài giảng số 11', 23, '2021-12-03 00:00:00'),
(11, 2021, 86, 'Bài giảng số 11', 7, '2021-12-03 00:00:00'),
(11, 2021, 95, 'Bài giảng số 11', 10, '2021-12-03 00:00:00'),
(11, 2021, 100, 'Bài giảng số 11', 23, '2021-12-03 00:00:00'),
(11, 2021, 101, 'Bài giảng số 11', 15, '2021-12-03 00:00:00'),
(11, 2022, 97, 'Bài giảng số 11', 28, '2021-12-03 00:00:00'),
(11, 2023, 93, 'Bài giảng số 11', 32, '2021-12-03 00:00:00'),
(11, 2023, 105, 'Bài giảng số 11', 8, '2021-12-03 00:00:00'),
(11, 2025, 107, 'Bài giảng số 11', 24, '2021-11-25 00:00:00'),
(11, 2031, 24, 'Bài giảng số 11', 27, '2021-11-10 00:00:00'),
(11, 2034, 22, 'Bài giảng số 11', 16, '2021-11-10 00:00:00'),
(11, 2035, 28, 'Bài giảng số 11', 17, '2021-11-10 00:00:00'),
(11, 2035, 39, 'Bài giảng số 11', 23, '2021-11-25 00:00:00'),
(11, 2035, 40, 'Bài giảng số 11', 11, '2021-11-25 00:00:00'),
(11, 2039, 42, 'Bài giảng số 11', 27, '2021-11-25 00:00:00'),
(11, 2039, 48, 'Bài giảng số 11', 6, '2021-11-25 00:00:00'),
(11, 2043, 60, 'Bài giảng số 11', 27, '2021-10-28 00:00:00'),
(11, 2048, 65, 'Bài giảng số 11', 28, '2021-10-20 00:00:00'),
(11, 2049, 72, 'Bài giảng số 11', 32, '2021-12-01 00:00:00'),
(11, 2049, 74, 'Bài giảng số 11', 20, '2021-12-01 00:00:00'),
(11, 2049, 76, 'Bài giảng số 11', 10, '2021-12-01 00:00:00'),
(11, 2050, 78, 'Bài giảng số 11', 5, '2021-12-03 00:00:00'),
(11, 2050, 91, 'Bài giảng số 11', 21, '2021-12-03 00:00:00'),
(11, 2050, 96, 'Bài giảng số 11', 17, '2021-12-03 00:00:00'),
(11, 2051, 82, 'Bài giảng số 11', 8, '2021-12-03 00:00:00'),
(11, 2051, 92, 'Bài giảng số 11', 11, '2021-12-03 00:00:00'),
(11, 2052, 88, 'Bài giảng số 11', 27, '2021-12-03 00:00:00'),
(11, 2052, 89, 'Bài giảng số 11', 9, '2021-12-03 00:00:00'),
(11, 2052, 94, 'Bài giảng số 11', 28, '2021-12-03 00:00:00'),
(11, 2052, 104, 'Bài giảng số 11', 19, '2021-12-03 00:00:00'),
(11, 2056, 2, 'Bài giảng số 11', 7, '2021-11-01 00:00:00'),
(11, 2056, 12, 'Bài giảng số 11', 25, '2021-10-01 00:00:00'),
(11, 2057, 8, 'Bài giảng số 11', 5, '2021-10-10 00:00:00'),
(11, 2060, 19, 'Bài giảng số 11', 11, '2021-11-10 00:00:00'),
(11, 2061, 25, 'Bài giảng số 11', 6, '2021-11-10 00:00:00'),
(11, 2061, 26, 'Bài giảng số 11', 31, '2021-11-10 00:00:00'),
(11, 2062, 21, 'Bài giảng số 11', 27, '2021-11-10 00:00:00'),
(11, 2064, 38, 'Bài giảng số 11', 24, '2021-11-25 00:00:00'),
(11, 2065, 30, 'Bài giảng số 11', 20, '2021-11-10 00:00:00'),
(11, 2068, 41, 'Bài giảng số 11', 32, '2021-11-10 00:00:00'),
(11, 2068, 45, 'Bài giảng số 11', 12, '2021-11-25 00:00:00'),
(11, 2068, 47, 'Bài giảng số 11', 30, '2021-11-25 00:00:00'),
(11, 2071, 44, 'Bài giảng số 11', 19, '2021-11-25 00:00:00'),
(11, 2072, 55, 'Bài giảng số 11', 17, '2021-10-28 00:00:00'),
(11, 2072, 57, 'Bài giảng số 11', 7, '2021-10-28 00:00:00'),
(11, 2072, 59, 'Bài giảng số 11', 30, '2021-10-28 00:00:00'),
(11, 2075, 62, 'Bài giảng số 11', 15, '2021-10-20 00:00:00'),
(11, 2075, 64, 'Bài giảng số 11', 28, '2021-10-20 00:00:00'),
(11, 2075, 66, 'Bài giảng số 11', 20, '2021-10-20 00:00:00'),
(11, 2077, 63, 'Bài giảng số 11', 22, '2021-10-20 00:00:00'),
(11, 2078, 70, 'Bài giảng số 11', 33, '2021-12-01 00:00:00'),
(11, 2079, 77, 'Bài giảng số 11', 27, '2021-12-03 00:00:00'),
(11, 2079, 81, 'Bài giảng số 11', 17, '2021-12-03 00:00:00'),
(11, 2079, 85, 'Bài giảng số 11', 20, '2021-12-03 00:00:00'),
(11, 2079, 90, 'Bài giảng số 11', 7, '2021-12-03 00:00:00'),
(11, 2080, 79, 'Bài giảng số 11', 25, '2021-12-03 00:00:00'),
(11, 2080, 87, 'Bài giảng số 11', 6, '2021-12-03 00:00:00'),
(11, 2080, 102, 'Bài giảng số 11', 32, '2021-12-03 00:00:00'),
(11, 2081, 83, 'Bài giảng số 11', 18, '2021-12-03 00:00:00'),
(11, 2081, 84, 'Bài giảng số 11', 30, '2021-12-03 00:00:00'),
(11, 2081, 98, 'Bài giảng số 11', 13, '2021-12-03 00:00:00'),
(11, 2081, 99, 'Bài giảng số 11', 13, '2021-12-03 00:00:00'),
(11, 2081, 103, 'Bài giảng số 11', 25, '2021-12-03 00:00:00'),
(11, 2085, 4, 'Bài giảng số 11', 28, '2021-11-10 00:00:00'),
(11, 2085, 5, 'Bài giảng số 11', 7, '2021-11-10 00:00:00'),
(11, 2085, 16, 'Bài giảng số 11', 30, '2021-11-10 00:00:00'),
(11, 2085, 18, 'Bài giảng số 11', 20, '2021-11-10 00:00:00'),
(11, 2086, 6, 'Bài giảng số 11', 14, '2021-10-10 00:00:00'),
(11, 2086, 7, 'Bài giảng số 11', 14, '2021-10-10 00:00:00'),
(11, 2087, 11, 'Bài giảng số 11', 31, '2021-10-01 00:00:00'),
(11, 2089, 23, 'Bài giảng số 11', 8, '2021-11-10 00:00:00'),
(11, 2089, 27, 'Bài giảng số 11', 13, '2021-11-10 00:00:00'),
(11, 2093, 29, 'Bài giảng số 11', 25, '2021-11-10 00:00:00'),
(11, 2093, 35, 'Bài giảng số 11', 12, '2021-11-25 00:00:00'),
(11, 2096, 31, 'Bài giảng số 11', 28, '2021-11-10 00:00:00'),
(11, 2097, 50, 'Bài giảng số 11', 11, '2021-11-25 00:00:00'),
(11, 2098, 43, 'Bài giảng số 11', 14, '2021-11-25 00:00:00'),
(12, 2001, 14, 'Bài giảng số 12', 18, '2021-10-01 00:00:00'),
(12, 2003, 26, 'Bài giảng số 12', 19, '2021-11-10 00:00:00'),
(12, 2006, 29, 'Bài giảng số 12', 28, '2021-11-10 00:00:00'),
(12, 2006, 36, 'Bài giảng số 12', 15, '2021-11-25 00:00:00'),
(12, 2006, 40, 'Bài giảng số 12', 31, '2021-11-25 00:00:00'),
(12, 2007, 30, 'Bài giảng số 12', 16, '2021-11-10 00:00:00'),
(12, 2007, 33, 'Bài giảng số 12', 29, '2021-11-01 00:00:00'),
(12, 2010, 41, 'Bài giảng số 12', 11, '2021-11-10 00:00:00'),
(12, 2010, 48, 'Bài giảng số 12', 8, '2021-11-25 00:00:00'),
(12, 2010, 49, 'Bài giảng số 12', 15, '2021-11-25 00:00:00'),
(12, 2010, 50, 'Bài giảng số 12', 23, '2021-11-25 00:00:00'),
(12, 2011, 46, 'Bài giảng số 12', 32, '2021-11-25 00:00:00'),
(12, 2013, 44, 'Bài giảng số 12', 11, '2021-11-25 00:00:00'),
(12, 2014, 55, 'Bài giảng số 12', 27, '2021-10-28 00:00:00'),
(12, 2014, 57, 'Bài giảng số 12', 13, '2021-10-28 00:00:00'),
(12, 2014, 58, 'Bài giảng số 12', 10, '2021-10-28 00:00:00'),
(12, 2017, 62, 'Bài giảng số 12', 5, '2021-10-20 00:00:00'),
(12, 2017, 69, 'Bài giảng số 12', 34, '2021-10-20 00:00:00'),
(12, 2019, 65, 'Bài giảng số 12', 26, '2021-10-20 00:00:00'),
(12, 2020, 72, 'Bài giảng số 12', 33, '2021-12-01 00:00:00'),
(12, 2020, 75, 'Bài giảng số 12', 11, '2021-12-01 00:00:00'),
(12, 2020, 76, 'Bài giảng số 12', 7, '2021-12-01 00:00:00'),
(12, 2021, 80, 'Bài giảng số 12', 21, '2021-12-03 00:00:00'),
(12, 2021, 81, 'Bài giảng số 12', 6, '2021-12-03 00:00:00'),
(12, 2021, 90, 'Bài giảng số 12', 21, '2021-12-03 00:00:00'),
(12, 2021, 91, 'Bài giảng số 12', 15, '2021-12-03 00:00:00'),
(12, 2021, 95, 'Bài giảng số 12', 14, '2021-12-03 00:00:00'),
(12, 2021, 100, 'Bài giảng số 12', 18, '2021-12-03 00:00:00'),
(12, 2021, 101, 'Bài giảng số 12', 22, '2021-12-03 00:00:00'),
(12, 2022, 92, 'Bài giảng số 12', 18, '2021-12-03 00:00:00'),
(12, 2022, 97, 'Bài giảng số 12', 31, '2021-12-03 00:00:00'),
(12, 2023, 93, 'Bài giảng số 12', 18, '2021-12-03 00:00:00'),
(12, 2023, 94, 'Bài giảng số 12', 9, '2021-12-03 00:00:00'),
(12, 2023, 98, 'Bài giảng số 12', 23, '2021-12-03 00:00:00'),
(12, 2023, 103, 'Bài giảng số 12', 17, '2021-12-03 00:00:00'),
(12, 2023, 105, 'Bài giảng số 12', 17, '2021-12-03 00:00:00'),
(12, 2027, 2, 'Bài giảng số 12', 8, '2021-11-01 00:00:00'),
(12, 2027, 18, 'Bài giảng số 12', 33, '2021-11-10 00:00:00'),
(12, 2028, 8, 'Bài giảng số 12', 14, '2021-10-10 00:00:00'),
(12, 2031, 24, 'Bài giảng số 12', 10, '2021-11-10 00:00:00'),
(12, 2034, 22, 'Bài giảng số 12', 34, '2021-11-10 00:00:00'),
(12, 2035, 28, 'Bài giảng số 12', 34, '2021-11-10 00:00:00'),
(12, 2035, 35, 'Bài giảng số 12', 24, '2021-11-25 00:00:00'),
(12, 2035, 39, 'Bài giảng số 12', 8, '2021-11-25 00:00:00'),
(12, 2039, 42, 'Bài giảng số 12', 12, '2021-11-25 00:00:00'),
(12, 2043, 60, 'Bài giảng số 12', 31, '2021-10-28 00:00:00'),
(12, 2046, 64, 'Bài giảng số 12', 21, '2021-10-20 00:00:00'),
(12, 2046, 66, 'Bài giảng số 12', 28, '2021-10-20 00:00:00'),
(12, 2049, 74, 'Bài giảng số 12', 27, '2021-12-01 00:00:00'),
(12, 2050, 85, 'Bài giảng số 12', 8, '2021-12-03 00:00:00'),
(12, 2050, 96, 'Bài giảng số 12', 5, '2021-12-03 00:00:00'),
(12, 2051, 79, 'Bài giảng số 12', 14, '2021-12-03 00:00:00'),
(12, 2051, 82, 'Bài giảng số 12', 21, '2021-12-03 00:00:00'),
(12, 2051, 102, 'Bài giảng số 12', 30, '2021-12-03 00:00:00'),
(12, 2052, 99, 'Bài giảng số 12', 17, '2021-12-03 00:00:00'),
(12, 2052, 104, 'Bài giảng số 12', 17, '2021-12-03 00:00:00'),
(12, 2060, 23, 'Bài giảng số 12', 34, '2021-11-10 00:00:00'),
(12, 2061, 25, 'Bài giảng số 12', 33, '2021-11-10 00:00:00'),
(12, 2069, 43, 'Bài giảng số 12', 10, '2021-11-25 00:00:00'),
(12, 2072, 59, 'Bài giảng số 12', 20, '2021-10-28 00:00:00'),
(12, 2079, 77, 'Bài giảng số 12', 11, '2021-12-03 00:00:00'),
(12, 2081, 83, 'Bài giảng số 12', 7, '2021-12-03 00:00:00'),
(12, 2085, 4, 'Bài giảng số 12', 33, '2021-11-10 00:00:00'),
(12, 2085, 5, 'Bài giảng số 12', 9, '2021-11-10 00:00:00'),
(12, 2085, 16, 'Bài giảng số 12', 8, '2021-11-10 00:00:00'),
(12, 2086, 6, 'Bài giảng số 12', 28, '2021-10-10 00:00:00'),
(12, 2086, 7, 'Bài giảng số 12', 16, '2021-10-10 00:00:00'),
(12, 2087, 11, 'Bài giảng số 12', 15, '2021-10-01 00:00:00'),
(12, 2089, 27, 'Bài giảng số 12', 12, '2021-11-10 00:00:00'),
(13, 2001, 14, 'Bài giảng số 13', 22, '2021-10-01 00:00:00'),
(13, 2006, 36, 'Bài giảng số 13', 27, '2021-11-25 00:00:00'),
(13, 2007, 33, 'Bài giảng số 13', 34, '2021-11-01 00:00:00'),
(13, 2010, 49, 'Bài giảng số 13', 8, '2021-11-25 00:00:00'),
(13, 2011, 46, 'Bài giảng số 13', 27, '2021-11-25 00:00:00'),
(13, 2014, 58, 'Bài giảng số 13', 23, '2021-10-28 00:00:00'),
(13, 2017, 69, 'Bài giảng số 13', 15, '2021-10-20 00:00:00'),
(13, 2020, 75, 'Bài giảng số 13', 25, '2021-12-01 00:00:00'),
(13, 2021, 80, 'Bài giảng số 13', 19, '2021-12-03 00:00:00'),
(13, 2021, 95, 'Bài giảng số 13', 22, '2021-12-03 00:00:00'),
(13, 2021, 100, 'Bài giảng số 13', 26, '2021-12-03 00:00:00'),
(13, 2023, 93, 'Bài giảng số 13', 18, '2021-12-03 00:00:00'),
(13, 2023, 105, 'Bài giảng số 13', 21, '2021-12-03 00:00:00'),
(13, 2031, 24, 'Bài giảng số 13', 29, '2021-11-10 00:00:00'),
(13, 2034, 22, 'Bài giảng số 13', 31, '2021-11-10 00:00:00'),
(13, 2035, 28, 'Bài giảng số 13', 18, '2021-11-10 00:00:00'),
(13, 2035, 40, 'Bài giảng số 13', 11, '2021-11-25 00:00:00'),
(13, 2039, 42, 'Bài giảng số 13', 34, '2021-11-25 00:00:00'),
(13, 2043, 60, 'Bài giảng số 13', 31, '2021-10-28 00:00:00'),
(13, 2049, 72, 'Bài giảng số 13', 14, '2021-12-01 00:00:00'),
(13, 2049, 74, 'Bài giảng số 13', 18, '2021-12-01 00:00:00'),
(13, 2049, 76, 'Bài giảng số 13', 14, '2021-12-01 00:00:00'),
(13, 2050, 91, 'Bài giảng số 13', 6, '2021-12-03 00:00:00'),
(13, 2050, 96, 'Bài giảng số 13', 7, '2021-12-03 00:00:00'),
(13, 2051, 82, 'Bài giảng số 13', 29, '2021-12-03 00:00:00'),
(13, 2051, 92, 'Bài giảng số 13', 33, '2021-12-03 00:00:00'),
(13, 2052, 94, 'Bài giảng số 13', 7, '2021-12-03 00:00:00'),
(13, 2052, 104, 'Bài giảng số 13', 16, '2021-12-03 00:00:00'),
(13, 2056, 2, 'Bài giảng số 13', 27, '2021-11-01 00:00:00'),
(13, 2057, 8, 'Bài giảng số 13', 22, '2021-10-10 00:00:00'),
(13, 2061, 26, 'Bài giảng số 13', 34, '2021-11-10 00:00:00'),
(13, 2065, 30, 'Bài giảng số 13', 7, '2021-11-10 00:00:00'),
(13, 2068, 41, 'Bài giảng số 13', 10, '2021-11-10 00:00:00'),
(13, 2071, 44, 'Bài giảng số 13', 18, '2021-11-25 00:00:00'),
(13, 2072, 55, 'Bài giảng số 13', 7, '2021-10-28 00:00:00'),
(13, 2072, 57, 'Bài giảng số 13', 25, '2021-10-28 00:00:00'),
(13, 2072, 59, 'Bài giảng số 13', 16, '2021-10-28 00:00:00'),
(13, 2075, 62, 'Bài giảng số 13', 27, '2021-10-20 00:00:00'),
(13, 2075, 66, 'Bài giảng số 13', 13, '2021-10-20 00:00:00'),
(13, 2079, 77, 'Bài giảng số 13', 7, '2021-12-03 00:00:00'),
(13, 2079, 81, 'Bài giảng số 13', 19, '2021-12-03 00:00:00'),
(13, 2079, 85, 'Bài giảng số 13', 24, '2021-12-03 00:00:00'),
(13, 2079, 90, 'Bài giảng số 13', 19, '2021-12-03 00:00:00'),
(13, 2080, 79, 'Bài giảng số 13', 10, '2021-12-03 00:00:00'),
(13, 2080, 102, 'Bài giảng số 13', 24, '2021-12-03 00:00:00'),
(13, 2081, 83, 'Bài giảng số 13', 9, '2021-12-03 00:00:00'),
(13, 2081, 98, 'Bài giảng số 13', 7, '2021-12-03 00:00:00'),
(13, 2081, 99, 'Bài giảng số 13', 12, '2021-12-03 00:00:00'),
(13, 2081, 103, 'Bài giảng số 13', 23, '2021-12-03 00:00:00'),
(13, 2085, 4, 'Bài giảng số 13', 22, '2021-11-10 00:00:00'),
(13, 2085, 16, 'Bài giảng số 13', 8, '2021-11-10 00:00:00'),
(13, 2085, 18, 'Bài giảng số 13', 21, '2021-11-10 00:00:00'),
(13, 2086, 6, 'Bài giảng số 13', 29, '2021-10-10 00:00:00'),
(13, 2086, 7, 'Bài giảng số 13', 8, '2021-10-10 00:00:00'),
(13, 2087, 11, 'Bài giảng số 13', 8, '2021-10-01 00:00:00'),
(13, 2089, 23, 'Bài giảng số 13', 8, '2021-11-10 00:00:00'),
(13, 2093, 29, 'Bài giảng số 13', 12, '2021-11-10 00:00:00'),
(13, 2098, 43, 'Bài giảng số 13', 16, '2021-11-25 00:00:00'),
(14, 2003, 26, 'Bài giảng số 14', 17, '2021-11-10 00:00:00'),
(14, 2006, 29, 'Bài giảng số 14', 7, '2021-11-10 00:00:00'),
(14, 2006, 36, 'Bài giảng số 14', 21, '2021-11-25 00:00:00'),
(14, 2007, 30, 'Bài giảng số 14', 27, '2021-11-10 00:00:00'),
(14, 2007, 33, 'Bài giảng số 14', 27, '2021-11-01 00:00:00'),
(14, 2010, 41, 'Bài giảng số 14', 16, '2021-11-10 00:00:00'),
(14, 2010, 49, 'Bài giảng số 14', 19, '2021-11-25 00:00:00'),
(14, 2013, 44, 'Bài giảng số 14', 11, '2021-11-25 00:00:00'),
(14, 2014, 55, 'Bài giảng số 14', 12, '2021-10-28 00:00:00'),
(14, 2014, 57, 'Bài giảng số 14', 16, '2021-10-28 00:00:00'),
(14, 2014, 58, 'Bài giảng số 14', 18, '2021-10-28 00:00:00'),
(14, 2017, 62, 'Bài giảng số 14', 9, '2021-10-20 00:00:00'),
(14, 2017, 69, 'Bài giảng số 14', 13, '2021-10-20 00:00:00'),
(14, 2020, 72, 'Bài giảng số 14', 9, '2021-12-01 00:00:00'),
(14, 2020, 75, 'Bài giảng số 14', 28, '2021-12-01 00:00:00'),
(14, 2020, 76, 'Bài giảng số 14', 14, '2021-12-01 00:00:00'),
(14, 2021, 80, 'Bài giảng số 14', 11, '2021-12-03 00:00:00'),
(14, 2021, 81, 'Bài giảng số 14', 14, '2021-12-03 00:00:00'),
(14, 2021, 91, 'Bài giảng số 14', 27, '2021-12-03 00:00:00'),
(14, 2021, 95, 'Bài giảng số 14', 17, '2021-12-03 00:00:00'),
(14, 2021, 100, 'Bài giảng số 14', 29, '2021-12-03 00:00:00'),
(14, 2022, 92, 'Bài giảng số 14', 22, '2021-12-03 00:00:00'),
(14, 2023, 93, 'Bài giảng số 14', 6, '2021-12-03 00:00:00'),
(14, 2023, 94, 'Bài giảng số 14', 7, '2021-12-03 00:00:00'),
(14, 2023, 98, 'Bài giảng số 14', 18, '2021-12-03 00:00:00'),
(14, 2023, 103, 'Bài giảng số 14', 34, '2021-12-03 00:00:00'),
(14, 2023, 105, 'Bài giảng số 14', 15, '2021-12-03 00:00:00'),
(14, 2027, 2, 'Bài giảng số 14', 27, '2021-11-01 00:00:00'),
(14, 2027, 18, 'Bài giảng số 14', 26, '2021-11-10 00:00:00'),
(14, 2028, 8, 'Bài giảng số 14', 8, '2021-10-10 00:00:00'),
(14, 2031, 24, 'Bài giảng số 14', 29, '2021-11-10 00:00:00'),
(14, 2034, 22, 'Bài giảng số 14', 14, '2021-11-10 00:00:00'),
(14, 2035, 28, 'Bài giảng số 14', 25, '2021-11-10 00:00:00'),
(14, 2039, 42, 'Bài giảng số 14', 7, '2021-11-25 00:00:00'),
(14, 2043, 60, 'Bài giảng số 14', 18, '2021-10-28 00:00:00'),
(14, 2046, 66, 'Bài giảng số 14', 14, '2021-10-20 00:00:00'),
(14, 2049, 74, 'Bài giảng số 14', 26, '2021-12-01 00:00:00'),
(14, 2050, 85, 'Bài giảng số 14', 26, '2021-12-03 00:00:00'),
(14, 2050, 96, 'Bài giảng số 14', 23, '2021-12-03 00:00:00'),
(14, 2051, 79, 'Bài giảng số 14', 33, '2021-12-03 00:00:00'),
(14, 2051, 82, 'Bài giảng số 14', 29, '2021-12-03 00:00:00'),
(14, 2051, 102, 'Bài giảng số 14', 15, '2021-12-03 00:00:00'),
(14, 2052, 99, 'Bài giảng số 14', 7, '2021-12-03 00:00:00'),
(14, 2060, 23, 'Bài giảng số 14', 24, '2021-11-10 00:00:00'),
(14, 2069, 43, 'Bài giảng số 14', 25, '2021-11-25 00:00:00'),
(14, 2079, 77, 'Bài giảng số 14', 22, '2021-12-03 00:00:00'),
(14, 2081, 83, 'Bài giảng số 14', 11, '2021-12-03 00:00:00'),
(14, 2085, 4, 'Bài giảng số 14', 19, '2021-11-10 00:00:00'),
(14, 2085, 16, 'Bài giảng số 14', 18, '2021-11-10 00:00:00'),
(14, 2086, 6, 'Bài giảng số 14', 9, '2021-10-10 00:00:00'),
(14, 2086, 7, 'Bài giảng số 14', 10, '2021-10-10 00:00:00'),
(14, 2087, 11, 'Bài giảng số 14', 13, '2021-10-01 00:00:00'),
(15, 2006, 36, 'Bài giảng số 15', 25, '2021-11-25 00:00:00'),
(15, 2010, 49, 'Bài giảng số 15', 26, '2021-11-25 00:00:00'),
(15, 2014, 58, 'Bài giảng số 15', 14, '2021-10-28 00:00:00'),
(15, 2017, 69, 'Bài giảng số 15', 8, '2021-10-20 00:00:00'),
(15, 2020, 75, 'Bài giảng số 15', 31, '2021-12-01 00:00:00'),
(15, 2021, 80, 'Bài giảng số 15', 13, '2021-12-03 00:00:00'),
(15, 2021, 95, 'Bài giảng số 15', 25, '2021-12-03 00:00:00'),
(15, 2023, 93, 'Bài giảng số 15', 5, '2021-12-03 00:00:00'),
(15, 2023, 105, 'Bài giảng số 15', 10, '2021-12-03 00:00:00'),
(15, 2031, 24, 'Bài giảng số 15', 6, '2021-11-10 00:00:00'),
(15, 2039, 42, 'Bài giảng số 15', 28, '2021-11-25 00:00:00'),
(15, 2043, 60, 'Bài giảng số 15', 14, '2021-10-28 00:00:00'),
(15, 2049, 74, 'Bài giảng số 15', 11, '2021-12-01 00:00:00'),
(15, 2050, 91, 'Bài giảng số 15', 11, '2021-12-03 00:00:00'),
(15, 2050, 96, 'Bài giảng số 15', 19, '2021-12-03 00:00:00'),
(15, 2051, 82, 'Bài giảng số 15', 6, '2021-12-03 00:00:00'),
(15, 2052, 94, 'Bài giảng số 15', 5, '2021-12-03 00:00:00'),
(15, 2057, 8, 'Bài giảng số 15', 32, '2021-10-10 00:00:00'),
(15, 2061, 26, 'Bài giảng số 15', 14, '2021-11-10 00:00:00'),
(15, 2068, 41, 'Bài giảng số 15', 8, '2021-11-10 00:00:00'),
(15, 2071, 44, 'Bài giảng số 15', 30, '2021-11-25 00:00:00'),
(15, 2072, 57, 'Bài giảng số 15', 23, '2021-10-28 00:00:00'),
(15, 2075, 62, 'Bài giảng số 15', 8, '2021-10-20 00:00:00'),
(15, 2075, 66, 'Bài giảng số 15', 7, '2021-10-20 00:00:00'),
(15, 2079, 77, 'Bài giảng số 15', 30, '2021-12-03 00:00:00'),
(15, 2080, 102, 'Bài giảng số 15', 30, '2021-12-03 00:00:00'),
(15, 2081, 83, 'Bài giảng số 15', 11, '2021-12-03 00:00:00'),
(15, 2081, 98, 'Bài giảng số 15', 25, '2021-12-03 00:00:00'),
(15, 2081, 103, 'Bài giảng số 15', 23, '2021-12-03 00:00:00'),
(15, 2085, 4, 'Bài giảng số 15', 27, '2021-11-10 00:00:00'),
(15, 2085, 16, 'Bài giảng số 15', 32, '2021-11-10 00:00:00'),
(15, 2085, 18, 'Bài giảng số 15', 7, '2021-11-10 00:00:00'),
(15, 2086, 6, 'Bài giảng số 15', 11, '2021-10-10 00:00:00'),
(15, 2086, 7, 'Bài giảng số 15', 24, '2021-10-10 00:00:00'),
(15, 2087, 11, 'Bài giảng số 15', 5, '2021-10-01 00:00:00'),
(15, 2089, 23, 'Bài giảng số 15', 21, '2021-11-10 00:00:00'),
(15, 2093, 29, 'Bài giảng số 15', 24, '2021-11-10 00:00:00'),
(16, 2006, 29, 'Bài giảng số 16', 22, '2021-11-10 00:00:00'),
(16, 2006, 36, 'Bài giảng số 16', 21, '2021-11-25 00:00:00'),
(16, 2010, 41, 'Bài giảng số 16', 14, '2021-11-10 00:00:00'),
(16, 2010, 49, 'Bài giảng số 16', 22, '2021-11-25 00:00:00'),
(16, 2014, 57, 'Bài giảng số 16', 19, '2021-10-28 00:00:00'),
(16, 2017, 62, 'Bài giảng số 16', 8, '2021-10-20 00:00:00'),
(16, 2017, 69, 'Bài giảng số 16', 13, '2021-10-20 00:00:00'),
(16, 2020, 75, 'Bài giảng số 16', 27, '2021-12-01 00:00:00'),
(16, 2021, 80, 'Bài giảng số 16', 14, '2021-12-03 00:00:00'),
(16, 2021, 91, 'Bài giảng số 16', 25, '2021-12-03 00:00:00'),
(16, 2021, 95, 'Bài giảng số 16', 17, '2021-12-03 00:00:00'),
(16, 2023, 94, 'Bài giảng số 16', 6, '2021-12-03 00:00:00'),
(16, 2023, 98, 'Bài giảng số 16', 21, '2021-12-03 00:00:00'),
(16, 2023, 103, 'Bài giảng số 16', 34, '2021-12-03 00:00:00'),
(16, 2023, 105, 'Bài giảng số 16', 19, '2021-12-03 00:00:00'),
(16, 2027, 18, 'Bài giảng số 16', 29, '2021-11-10 00:00:00'),
(16, 2028, 8, 'Bài giảng số 16', 17, '2021-10-10 00:00:00'),
(16, 2031, 24, 'Bài giảng số 16', 31, '2021-11-10 00:00:00'),
(16, 2039, 42, 'Bài giảng số 16', 32, '2021-11-25 00:00:00'),
(16, 2043, 60, 'Bài giảng số 16', 9, '2021-10-28 00:00:00'),
(16, 2046, 66, 'Bài giảng số 16', 33, '2021-10-20 00:00:00'),
(16, 2050, 96, 'Bài giảng số 16', 26, '2021-12-03 00:00:00'),
(16, 2051, 82, 'Bài giảng số 16', 34, '2021-12-03 00:00:00'),
(16, 2051, 102, 'Bài giảng số 16', 26, '2021-12-03 00:00:00'),
(16, 2060, 23, 'Bài giảng số 16', 12, '2021-11-10 00:00:00'),
(16, 2079, 77, 'Bài giảng số 16', 32, '2021-12-03 00:00:00'),
(16, 2081, 83, 'Bài giảng số 16', 21, '2021-12-03 00:00:00'),
(16, 2085, 4, 'Bài giảng số 16', 32, '2021-11-10 00:00:00'),
(16, 2085, 16, 'Bài giảng số 16', 9, '2021-11-10 00:00:00'),
(16, 2086, 6, 'Bài giảng số 16', 25, '2021-10-10 00:00:00'),
(16, 2087, 11, 'Bài giảng số 16', 16, '2021-10-01 00:00:00'),
(17, 2006, 36, 'Bài giảng số 17', 6, '2021-11-25 00:00:00'),
(17, 2010, 49, 'Bài giảng số 17', 30, '2021-11-25 00:00:00'),
(17, 2017, 69, 'Bài giảng số 17', 12, '2021-10-20 00:00:00'),
(17, 2020, 75, 'Bài giảng số 17', 9, '2021-12-01 00:00:00'),
(17, 2021, 80, 'Bài giảng số 17', 33, '2021-12-03 00:00:00'),
(17, 2023, 105, 'Bài giảng số 17', 24, '2021-12-03 00:00:00'),
(17, 2031, 24, 'Bài giảng số 17', 6, '2021-11-10 00:00:00'),
(17, 2039, 42, 'Bài giảng số 17', 28, '2021-11-25 00:00:00'),
(17, 2043, 60, 'Bài giảng số 17', 20, '2021-10-28 00:00:00'),
(17, 2050, 96, 'Bài giảng số 17', 23, '2021-12-03 00:00:00'),
(17, 2051, 82, 'Bài giảng số 17', 30, '2021-12-03 00:00:00'),
(17, 2052, 94, 'Bài giảng số 17', 7, '2021-12-03 00:00:00'),
(17, 2057, 8, 'Bài giảng số 17', 21, '2021-10-10 00:00:00'),
(17, 2072, 57, 'Bài giảng số 17', 13, '2021-10-28 00:00:00'),
(17, 2075, 62, 'Bài giảng số 17', 31, '2021-10-20 00:00:00'),
(17, 2075, 66, 'Bài giảng số 17', 22, '2021-10-20 00:00:00'),
(17, 2079, 77, 'Bài giảng số 17', 33, '2021-12-03 00:00:00'),
(17, 2080, 102, 'Bài giảng số 17', 17, '2021-12-03 00:00:00'),
(17, 2081, 103, 'Bài giảng số 17', 14, '2021-12-03 00:00:00'),
(17, 2085, 4, 'Bài giảng số 17', 32, '2021-11-10 00:00:00'),
(17, 2085, 16, 'Bài giảng số 17', 28, '2021-11-10 00:00:00'),
(17, 2086, 6, 'Bài giảng số 17', 21, '2021-10-10 00:00:00'),
(17, 2089, 23, 'Bài giảng số 17', 24, '2021-11-10 00:00:00'),
(18, 2010, 49, 'Bài giảng số 18', 18, '2021-11-25 00:00:00'),
(18, 2021, 80, 'Bài giảng số 18', 8, '2021-12-03 00:00:00'),
(18, 2023, 103, 'Bài giảng số 18', 34, '2021-12-03 00:00:00'),
(18, 2023, 105, 'Bài giảng số 18', 11, '2021-12-03 00:00:00'),
(18, 2031, 24, 'Bài giảng số 18', 31, '2021-11-10 00:00:00'),
(18, 2039, 42, 'Bài giảng số 18', 16, '2021-11-25 00:00:00'),
(18, 2043, 60, 'Bài giảng số 18', 21, '2021-10-28 00:00:00'),
(18, 2046, 66, 'Bài giảng số 18', 25, '2021-10-20 00:00:00'),
(18, 2051, 82, 'Bài giảng số 18', 20, '2021-12-03 00:00:00'),
(18, 2051, 102, 'Bài giảng số 18', 15, '2021-12-03 00:00:00'),
(18, 2085, 4, 'Bài giảng số 18', 24, '2021-11-10 00:00:00'),
(18, 2085, 16, 'Bài giảng số 18', 13, '2021-11-10 00:00:00');

-- --------------------------------------------------------

--
-- Table structure for table `bai_kiem_tra`
--

CREATE TABLE `bai_kiem_tra` (
  `ma_bai_kiem_tra` int(11) NOT NULL,
  `ten_bai_kiem_tra` varchar(64) NOT NULL,
  `so_lan_lam_bai` int(11) DEFAULT NULL,
  `thoi_gian_bat_dau` datetime DEFAULT NULL,
  `thoi_gian_ket_thuc` datetime DEFAULT NULL,
  `ma_kh` int(11) DEFAULT NULL,
  `thoi_gian_lam_bai` int(11) DEFAULT NULL
) ENGINE=InnoDB DEFAULT CHARSET=utf8mb4;

--
-- Dumping data for table `bai_kiem_tra`
--

INSERT INTO `bai_kiem_tra` (`ma_bai_kiem_tra`, `ten_bai_kiem_tra`, `so_lan_lam_bai`, `thoi_gian_bat_dau`, `thoi_gian_ket_thuc`, `ma_kh`, `thoi_gian_lam_bai`) VALUES
(1, 'Kiểm tra tổng hợp 1', 1, '2021-11-01 00:00:00', '2021-01-20 00:00:00', 1, 2700),
(2, 'Kiểm tra tổng hợp 2', 1, '2021-11-01 00:00:00', '2021-01-20 00:00:00', 1, 2700),
(3, 'Kiểm tra tổng hợp 3', 1, '2021-11-01 00:00:00', '2021-01-20 00:00:00', 1, 2700),
(4, 'Kiểm tra tổng hợp 4', 1, '2021-11-01 00:00:00', '2021-02-10 00:00:00', 1, 2700),
(5, 'Kiểm tra tổng hợp 5', 1, '2021-11-01 00:00:00', '2021-02-10 00:00:00', 1, 2700),
(6, 'Kiểm tra kết thúc khoá', 1, '2021-11-01 00:00:00', '2021-02-10 00:00:00', 1, 2700),
(7, 'Bài viết 1', 1, '2021-11-10 00:00:00', '2022-01-10 00:00:00', 2, 2700),
(8, 'Bài viết 2', 1, '2021-11-10 00:00:00', '2022-01-10 00:00:00', 2, 2700),
(9, 'Bài viết 3', 1, '2021-11-10 00:00:00', '2022-01-10 00:00:00', 2, 2700),
(10, 'Bài viết 1', 1, '2021-11-10 00:00:00', '2022-01-10 00:00:00', 3, 2700),
(11, 'Bài viết 2', 1, '2021-11-10 00:00:00', '2022-01-10 00:00:00', 3, 2700),
(12, 'Bài viết 3', 1, '2021-11-10 00:00:00', '2022-01-10 00:00:00', 3, 2700),
(13, 'Bài viết 1', 1, '2021-11-10 00:00:00', '2022-01-10 00:00:00', 4, 2700),
(14, 'Bài viết 2', 1, '2021-11-10 00:00:00', '2022-01-10 00:00:00', 4, 2700),
(15, 'Bài viết 3', 1, '2021-11-10 00:00:00', '2022-01-10 00:00:00', 4, 2700),
(16, 'Bài viết 1', 1, '2021-10-10 00:00:00', '2022-01-10 00:00:00', 5, 2700),
(17, 'Bài viết 2', 1, '2021-10-10 00:00:00', '2022-01-10 00:00:00', 5, 2700),
(18, 'Bài viết 3', 1, '2021-10-10 00:00:00', '2022-01-10 00:00:00', 5, 2700),
(19, 'Bài viết 1', 1, '2021-10-10 00:00:00', '2022-04-10 00:00:00', 6, 2700),
(20, 'Bài viết 2', 1, '2021-10-10 00:00:00', '2022-04-10 00:00:00', 6, 2700),
(21, 'Bài viết 3', 1, '2021-10-10 00:00:00', '2022-04-10 00:00:00', 6, 2700),
(22, 'Bài viết 1', 1, '2021-10-01 00:00:00', '2022-10-01 00:00:00', 7, 2700),
(23, 'Bài viết 2', 1, '2021-10-01 00:00:00', '2022-10-01 00:00:00', 7, 2700),
(24, 'Bài viết 3', 1, '2021-10-01 00:00:00', '2022-10-01 00:00:00', 7, 2700),
(25, 'Bài viết 1', 1, '2021-10-01 00:00:00', '2022-10-01 00:00:00', 8, 2700),
(26, 'Bài viết 2', 1, '2021-10-01 00:00:00', '2022-10-01 00:00:00', 8, 2700),
(27, 'Bài viết 3', 1, '2021-10-01 00:00:00', '2022-10-01 00:00:00', 8, 2700),
(28, 'Bài viết 1', 1, '2021-10-01 00:00:00', '2022-10-01 00:00:00', 9, 2700),
(29, 'Bài viết 2', 1, '2021-10-01 00:00:00', '2022-10-01 00:00:00', 9, 2700),
(30, 'Bài viết 3', 1, '2021-10-01 00:00:00', '2022-10-01 00:00:00', 9, 2700),
(31, 'Bài viết 1', 1, '2021-10-01 00:00:00', '2022-10-01 00:00:00', 10, 2700),
(32, 'Bài viết 2', 1, '2021-10-01 00:00:00', '2022-10-01 00:00:00', 10, 2700),
(33, 'Bài viết 3', 1, '2021-10-01 00:00:00', '2022-10-01 00:00:00', 10, 2700),
(34, 'Kiểm tra 3 chương đầu', 1, '2021-10-01 00:00:00', '2021-12-29 00:00:00', 11, 2700),
(35, 'Kiểm tra chương 4-6', 1, '2021-10-01 00:00:00', '2021-12-29 00:00:00', 11, 2700),
(36, 'Kiểm tra tổng hợp', 1, '2021-10-01 00:00:00', '2021-12-29 00:00:00', 11, 2700),
(37, 'Kiểm tra 3 chương đầu', 1, '2021-10-01 00:00:00', '2022-03-01 00:00:00', 12, 2700),
(38, 'Kiểm tra chương 4-6', 1, '2021-10-01 00:00:00', '2022-03-01 00:00:00', 12, 2700),
(39, 'Kiểm tra tổng hợp', 1, '2021-10-01 00:00:00', '2022-03-01 00:00:00', 12, 2700),
(40, 'Kiểm tra 3 chương đầu', 1, '2021-10-01 00:00:00', '2022-03-01 00:00:00', 13, 2700),
(41, 'Kiểm tra chương 4-6', 1, '2021-10-01 00:00:00', '2022-03-01 00:00:00', 13, 2700),
(42, 'Kiểm tra tổng hợp', 1, '2021-10-01 00:00:00', '2022-03-01 00:00:00', 13, 2700),
(43, 'Kiểm tra 3 chương đầu', 1, '2021-10-01 00:00:00', '2022-10-01 00:00:00', 14, 2700),
(44, 'Kiểm tra chương 4-6', 1, '2021-10-01 00:00:00', '2022-10-01 00:00:00', 14, 2700),
(45, 'Kiểm tra tổng hợp', 1, '2021-10-01 00:00:00', '2022-10-01 00:00:00', 14, 2700),
(46, 'Kiểm tra 3 chương đầu', 1, '2021-11-10 00:00:00', '2022-01-10 00:00:00', 15, 2700),
(47, 'Kiểm tra chương 4-6', 1, '2021-11-10 00:00:00', '2022-01-10 00:00:00', 15, 2700),
(48, 'Kiểm tra tổng hợp', 1, '2021-11-10 00:00:00', '2022-01-10 00:00:00', 15, 2700),
(49, 'Kiểm tra 3 chương đầu', 1, '2021-11-10 00:00:00', '2022-09-10 00:00:00', 16, 2700),
(50, 'Kiểm tra chương 4-6', 1, '2021-11-10 00:00:00', '2022-09-10 00:00:00', 16, 2700),
(51, 'Kiểm tra tổng hợp', 1, '2021-11-10 00:00:00', '2022-09-10 00:00:00', 16, 2700),
(52, 'Kiểm tra 3 chương đầu', 1, '2021-11-10 00:00:00', '2022-01-10 00:00:00', 17, 2700),
(53, 'Kiểm tra chương 4-6', 1, '2021-11-10 00:00:00', '2022-01-10 00:00:00', 17, 2700),
(54, 'Kiểm tra tổng hợp', 1, '2021-11-10 00:00:00', '2022-01-10 00:00:00', 17, 2700),
(55, 'Bài viết 1', 1, '2021-11-10 00:00:00', '2022-01-15 00:00:00', 18, 2700),
(56, 'Bài viết 2', 1, '2021-11-10 00:00:00', '2022-01-15 00:00:00', 18, 2700),
(57, 'Bài viết 3', 1, '2021-11-10 00:00:00', '2022-01-15 00:00:00', 18, 2700),
(58, 'Bài viết 1', 1, '2021-11-10 00:00:00', '2022-05-10 00:00:00', 19, 2700),
(59, 'Bài viết 2', 1, '2021-11-10 00:00:00', '2022-05-10 00:00:00', 19, 2700),
(60, 'Bài viết 3', 1, '2021-11-10 00:00:00', '2022-05-10 00:00:00', 19, 2700),
(61, 'Bài viết 1', 1, '2021-11-10 00:00:00', '2022-08-10 00:00:00', 20, 2700),
(62, 'Bài viết 2', 1, '2021-11-10 00:00:00', '2022-08-10 00:00:00', 20, 2700),
(63, 'Bài viết 3', 1, '2021-11-10 00:00:00', '2022-08-10 00:00:00', 20, 2700),
(64, 'Bài viết 1', 1, '2021-11-10 00:00:00', '2022-11-10 00:00:00', 21, 2700),
(65, 'Bài viết 2', 1, '2021-11-10 00:00:00', '2022-11-10 00:00:00', 21, 2700),
(66, 'Bài viết 3', 1, '2021-11-10 00:00:00', '2022-11-10 00:00:00', 21, 2700),
(67, 'Kiểm tra 3 chương đầu', 1, '2021-11-10 00:00:00', '2022-01-15 00:00:00', 22, 2700),
(68, 'Kiểm tra chương 4-6', 1, '2021-11-10 00:00:00', '2022-01-15 00:00:00', 22, 2700),
(69, 'Kiểm tra tổng hợp', 1, '2021-11-10 00:00:00', '2022-01-15 00:00:00', 22, 2700),
(70, 'Kiểm tra 3 chương đầu', 1, '2021-11-10 00:00:00', '2022-01-15 00:00:00', 23, 2700),
(71, 'Kiểm tra chương 4-6', 1, '2021-11-10 00:00:00', '2022-01-15 00:00:00', 23, 2700),
(72, 'Kiểm tra tổng hợp', 1, '2021-11-10 00:00:00', '2022-01-15 00:00:00', 23, 2700),
(73, 'Kiểm tra 3 chương đầu', 1, '2021-11-10 00:00:00', '2022-02-10 00:00:00', 24, 2700),
(74, 'Kiểm tra chương 4-6', 1, '2021-11-10 00:00:00', '2022-02-10 00:00:00', 24, 2700),
(75, 'Kiểm tra tổng hợp', 1, '2021-11-10 00:00:00', '2022-02-10 00:00:00', 24, 2700),
(76, 'Kiểm tra 3 chương đầu', 1, '2021-11-10 00:00:00', '2022-02-10 00:00:00', 25, 2700),
(77, 'Kiểm tra chương 4-6', 1, '2021-11-10 00:00:00', '2022-02-10 00:00:00', 25, 2700),
(78, 'Kiểm tra tổng hợp', 1, '2021-11-10 00:00:00', '2022-02-10 00:00:00', 25, 2700),
(79, 'Kiểm tra 3 chương đầu', 1, '2021-11-10 00:00:00', '2022-02-10 00:00:00', 26, 2700),
(80, 'Kiểm tra chương 4-6', 1, '2021-11-10 00:00:00', '2022-02-10 00:00:00', 26, 2700),
(81, 'Kiểm tra tổng hợp', 1, '2021-11-10 00:00:00', '2022-02-10 00:00:00', 26, 2700),
(82, 'Kiểm tra tổng hợp 1', 1, '2021-11-10 00:00:00', '2022-02-20 00:00:00', 27, 2700),
(83, 'Kiểm tra tổng hợp 2', 1, '2021-11-10 00:00:00', '2022-02-20 00:00:00', 27, 2700),
(84, 'Kiểm tra kết thúc khoá', 1, '2021-11-10 00:00:00', '2022-02-20 00:00:00', 27, 2700),
(85, 'Bài kiểm tra đọc hiểu', 1, '2021-11-10 00:00:00', '2022-02-10 00:00:00', 28, 2700),
(86, 'Bài viết', 1, '2021-11-10 00:00:00', '2022-02-10 00:00:00', 28, 2700),
(87, 'Bài viết nghị luận', 1, '2021-11-10 00:00:00', '2022-02-10 00:00:00', 28, 2700),
(88, 'Bài kiểm tra đọc hiểu', 1, '2021-11-10 00:00:00', '2022-05-10 00:00:00', 29, 2700),
(89, 'Bài viết', 1, '2021-11-10 00:00:00', '2022-05-10 00:00:00', 29, 2700),
(90, 'Bài viết nghị luận', 1, '2021-11-10 00:00:00', '2022-05-10 00:00:00', 29, 2700),
(91, 'Bài kiểm tra đọc hiểu', 1, '2021-11-10 00:00:00', '2022-11-10 00:00:00', 30, 2700),
(92, 'Bài viết', 1, '2021-11-10 00:00:00', '2022-11-10 00:00:00', 30, 2700),
(93, 'Bài viết nghị luận', 1, '2021-11-10 00:00:00', '2022-11-10 00:00:00', 30, 2700),
(94, 'Kiểm tra 3 chương đầu', 1, '2021-11-01 00:00:00', '2022-03-01 00:00:00', 31, 2700),
(95, 'Kiểm tra chương 4-6', 1, '2021-11-01 00:00:00', '2022-03-01 00:00:00', 31, 2700),
(96, 'Kiểm tra tổng hợp', 1, '2021-11-01 00:00:00', '2022-03-01 00:00:00', 31, 2700),
(97, 'Kiểm tra 3 chương đầu', 1, '2021-11-01 00:00:00', '2022-05-01 00:00:00', 32, 2700),
(98, 'Kiểm tra chương 4-6', 1, '2021-11-01 00:00:00', '2022-05-01 00:00:00', 32, 2700),
(99, 'Kiểm tra tổng hợp', 1, '2021-11-01 00:00:00', '2022-05-01 00:00:00', 32, 2700),
(100, 'Kiểm tra 3 chương đầu', 1, '2021-11-01 00:00:00', '2022-10-01 00:00:00', 33, 2700),
(101, 'Kiểm tra chương 4-6', 1, '2021-11-01 00:00:00', '2022-10-01 00:00:00', 33, 2700),
(102, 'Kiểm tra tổng hợp', 1, '2021-11-01 00:00:00', '2022-10-01 00:00:00', 33, 2700),
(103, 'Kiểm tra 3 chương đầu', 1, '2021-11-25 00:00:00', '2022-02-25 00:00:00', 34, 2700),
(104, 'Kiểm tra chương 4-6', 1, '2021-11-25 00:00:00', '2022-02-25 00:00:00', 34, 2700),
(105, 'Kiểm tra tổng hợp', 1, '2021-11-25 00:00:00', '2022-02-25 00:00:00', 34, 2700),
(106, 'Kiểm tra 3 chương đầu', 1, '2021-11-25 00:00:00', '2022-02-25 00:00:00', 35, 2700),
(107, 'Kiểm tra chương 4-6', 1, '2021-11-25 00:00:00', '2022-02-25 00:00:00', 35, 2700),
(108, 'Kiểm tra tổng hợp', 1, '2021-11-25 00:00:00', '2022-02-25 00:00:00', 35, 2700),
(109, 'Kiểm tra 3 chương đầu', 1, '2021-11-25 00:00:00', '2022-09-25 00:00:00', 36, 2700),
(110, 'Kiểm tra chương 4-6', 1, '2021-11-25 00:00:00', '2022-09-25 00:00:00', 36, 2700),
(111, 'Kiểm tra tổng hợp', 1, '2021-11-25 00:00:00', '2022-09-25 00:00:00', 36, 2700),
(112, 'Kiểm tra 3 chương đầu', 1, '2021-11-25 00:00:00', '2022-02-25 00:00:00', 37, 2700),
(113, 'Kiểm tra chương 4-6', 1, '2021-11-25 00:00:00', '2022-02-25 00:00:00', 37, 2700),
(114, 'Kiểm tra tổng hợp', 1, '2021-11-25 00:00:00', '2022-02-25 00:00:00', 37, 2700),
(115, 'Kiểm tra 3 chương đầu', 1, '2021-11-25 00:00:00', '2022-02-25 00:00:00', 38, 2700),
(116, 'Kiểm tra chương 4-6', 1, '2021-11-25 00:00:00', '2022-02-25 00:00:00', 38, 2700),
(117, 'Kiểm tra tổng hợp', 1, '2021-11-25 00:00:00', '2022-02-25 00:00:00', 38, 2700),
(118, 'Kiểm tra 3 chương đầu', 1, '2021-11-25 00:00:00', '2022-02-25 00:00:00', 39, 2700),
(119, 'Kiểm tra chương 4-6', 1, '2021-11-25 00:00:00', '2022-02-25 00:00:00', 39, 2700),
(120, 'Kiểm tra tổng hợp', 1, '2021-11-25 00:00:00', '2022-02-25 00:00:00', 39, 2700),
(121, 'Kiểm tra tổng hợp 1', 1, '2021-11-10 00:00:00', '2022-11-10 00:00:00', 40, 2700),
(122, 'Kiểm tra tổng hợp 2', 1, '2021-11-10 00:00:00', '2022-11-10 00:00:00', 40, 2700),
(123, 'Kiểm tra kết thúc khoá', 1, '2021-11-10 00:00:00', '2022-11-10 00:00:00', 40, 2700),
(124, 'Bài kiểm tra đọc hiểu', 1, '2021-11-25 00:00:00', '2022-02-25 00:00:00', 41, 2700),
(125, 'Bài viết', 1, '2021-11-25 00:00:00', '2022-02-25 00:00:00', 41, 2700),
(126, 'Bài viết nghị luận', 1, '2021-11-25 00:00:00', '2022-02-25 00:00:00', 41, 2700),
(127, 'Bài kiểm tra đọc hiểu', 1, '2021-11-25 00:00:00', '2022-05-25 00:00:00', 42, 2700),
(128, 'Bài viết', 1, '2021-11-25 00:00:00', '2022-05-25 00:00:00', 42, 2700),
(129, 'Bài viết nghị luận', 1, '2021-11-25 00:00:00', '2022-05-25 00:00:00', 42, 2700),
(130, 'Bài viết nghị luận 1', 1, '2021-11-25 00:00:00', '2022-05-25 00:00:00', 43, 2700),
(131, 'Bài viết nghị luận 2', 1, '2021-11-25 00:00:00', '2022-05-25 00:00:00', 43, 2700),
(132, 'Bài viết nghị luận cuối khoá', 1, '2021-11-25 00:00:00', '2022-05-25 00:00:00', 43, 2700),
(133, 'Kiểm tra 3 chương đầu', 1, '2021-11-25 00:00:00', '2022-02-25 00:00:00', 44, 2700),
(134, 'Kiểm tra chương 4-6', 1, '2021-11-25 00:00:00', '2022-02-25 00:00:00', 44, 2700),
(135, 'Kiểm tra tổng hợp', 1, '2021-11-25 00:00:00', '2022-02-25 00:00:00', 44, 2700),
(136, 'Kiểm tra tổng hợp 1', 1, '2021-11-25 00:00:00', '2022-05-25 00:00:00', 45, 2700),
(137, 'Kiểm tra tổng hợp 2', 1, '2021-11-25 00:00:00', '2022-05-25 00:00:00', 45, 2700),
(138, 'Kiểm tra kết thúc khoá', 1, '2021-11-25 00:00:00', '2022-05-25 00:00:00', 45, 2700),
(139, 'Kiểm tra 3 chương đầu', 1, '2021-11-25 00:00:00', '2022-02-25 00:00:00', 46, 2700),
(140, 'Kiểm tra chương 4-6', 1, '2021-11-25 00:00:00', '2022-02-25 00:00:00', 46, 2700),
(141, 'Kiểm tra tổng hợp', 1, '2021-11-25 00:00:00', '2022-02-25 00:00:00', 46, 2700),
(142, 'Kiểm tra 3 chương đầu', 1, '2021-11-25 00:00:00', '2022-02-25 00:00:00', 47, 2700),
(143, 'Kiểm tra chương 4-6', 1, '2021-11-25 00:00:00', '2022-02-25 00:00:00', 47, 2700),
(144, 'Kiểm tra tổng hợp', 1, '2021-11-25 00:00:00', '2022-02-25 00:00:00', 47, 2700),
(145, 'Kiểm tra 3 chương đầu', 1, '2021-11-25 00:00:00', '2022-02-25 00:00:00', 48, 2700),
(146, 'Kiểm tra chương 4-6', 1, '2021-11-25 00:00:00', '2022-02-25 00:00:00', 48, 2700),
(147, 'Kiểm tra tổng hợp', 1, '2021-11-25 00:00:00', '2022-02-25 00:00:00', 48, 2700),
(148, 'Kiểm tra 3 chương đầu', 1, '2021-11-25 00:00:00', '2022-02-25 00:00:00', 49, 2700),
(149, 'Kiểm tra chương 4-6', 1, '2021-11-25 00:00:00', '2022-02-25 00:00:00', 49, 2700),
(150, 'Kiểm tra tổng hợp', 1, '2021-11-25 00:00:00', '2022-02-25 00:00:00', 49, 2700),
(151, 'Kiểm tra 3 chương đầu', 1, '2021-11-25 00:00:00', '2022-02-25 00:00:00', 50, 2700),
(152, 'Kiểm tra chương 4-6', 1, '2021-11-25 00:00:00', '2022-02-25 00:00:00', 50, 2700),
(153, 'Kiểm tra tổng hợp', 1, '2021-11-25 00:00:00', '2022-02-25 00:00:00', 50, 2700),
(154, 'Kiểm tra tổng hợp 1', 1, '2021-10-25 00:00:00', '2022-02-28 00:00:00', 51, 2700),
(155, 'Kiểm tra tổng hợp 2', 1, '2021-10-25 00:00:00', '2022-02-28 00:00:00', 51, 2700),
(156, 'Kiểm tra kết thúc khoá', 1, '2021-10-25 00:00:00', '2022-02-28 00:00:00', 51, 2700),
(157, 'Bài kiểm tra đọc hiểu', 1, '2021-10-28 00:00:00', '2022-02-25 00:00:00', 52, 2700),
(158, 'Bài viết', 1, '2021-10-28 00:00:00', '2022-02-25 00:00:00', 52, 2700),
(159, 'Bài viết nghị luận', 1, '2021-10-28 00:00:00', '2022-02-25 00:00:00', 52, 2700),
(160, 'Bài kiểm tra đọc hiểu', 1, '2021-10-28 00:00:00', '2022-01-05 00:00:00', 53, 2700),
(161, 'Bài viết', 1, '2021-10-28 00:00:00', '2022-01-05 00:00:00', 53, 2700),
(162, 'Bài viết nghị luận', 1, '2021-10-28 00:00:00', '2022-01-05 00:00:00', 53, 2700),
(163, 'Kiểm tra 3 chương đầu', 1, '2021-10-28 00:00:00', '2022-02-25 00:00:00', 54, 2700),
(164, 'Kiểm tra chương 4-6', 1, '2021-10-28 00:00:00', '2022-02-25 00:00:00', 54, 2700),
(165, 'Kiểm tra tổng hợp', 1, '2021-10-28 00:00:00', '2022-02-25 00:00:00', 54, 2700),
(166, 'Kiểm tra hình học', 1, '2021-10-28 00:00:00', '2022-01-05 00:00:00', 55, 2700),
(167, 'Kiểm tra giải tích', 1, '2021-10-28 00:00:00', '2022-01-05 00:00:00', 55, 2700),
(168, 'Kiểm tra tổng hợp', 1, '2021-10-28 00:00:00', '2022-01-05 00:00:00', 55, 2700),
(169, 'Kiểm tra 3 chương đầu', 1, '2021-10-28 00:00:00', '2022-02-25 00:00:00', 56, 2700),
(170, 'Kiểm tra chương 4-6', 1, '2021-10-28 00:00:00', '2022-02-25 00:00:00', 56, 2700),
(171, 'Kiểm tra tổng hợp', 1, '2021-10-28 00:00:00', '2022-02-25 00:00:00', 56, 2700),
(172, 'Kiểm tra 3 chương đầu', 1, '2021-10-28 00:00:00', '2022-02-25 00:00:00', 57, 2700),
(173, 'Kiểm tra chương 4-6', 1, '2021-10-28 00:00:00', '2022-02-25 00:00:00', 57, 2700),
(174, 'Kiểm tra tổng hợp', 1, '2021-10-28 00:00:00', '2022-02-25 00:00:00', 57, 2700),
(175, 'Kiểm tra 3 chương đầu', 1, '2021-10-28 00:00:00', '2022-02-25 00:00:00', 58, 2700),
(176, 'Kiểm tra chương 4-6', 1, '2021-10-28 00:00:00', '2022-02-25 00:00:00', 58, 2700),
(177, 'Kiểm tra tổng hợp', 1, '2021-10-28 00:00:00', '2022-02-25 00:00:00', 58, 2700),
(178, 'Kiểm tra 3 chương đầu', 1, '2021-10-28 00:00:00', '2022-02-25 00:00:00', 59, 2700),
(179, 'Kiểm tra chương 4-6', 1, '2021-10-28 00:00:00', '2022-02-25 00:00:00', 59, 2700),
(180, 'Kiểm tra tổng hợp', 1, '2021-10-28 00:00:00', '2022-02-25 00:00:00', 59, 2700),
(181, 'Kiểm tra tổng hợp 1', 1, '2021-10-15 00:00:00', '2022-02-15 00:00:00', 60, 2700),
(182, 'Kiểm tra tổng hợp 2', 1, '2021-10-15 00:00:00', '2022-02-15 00:00:00', 60, 2700),
(183, 'Kiểm tra kết thúc khoá', 1, '2021-10-15 00:00:00', '2022-02-15 00:00:00', 60, 2700),
(184, 'Bài kiểm tra đọc hiểu', 1, '2021-10-20 00:00:00', '2022-02-20 00:00:00', 61, 2700),
(185, 'Bài viết', 1, '2021-10-20 00:00:00', '2022-02-20 00:00:00', 61, 2700),
(186, 'Bài viết nghị luận', 1, '2021-10-20 00:00:00', '2022-02-20 00:00:00', 61, 2700),
(187, 'Bài kiểm tác phẩm 1-2', 1, '2021-10-20 00:00:00', '2022-06-20 00:00:00', 62, 2700),
(188, 'Kiểm tra tác phẩm 3-4', 1, '2021-10-20 00:00:00', '2022-06-20 00:00:00', 62, 2700),
(189, 'Kiểm tra tác phẩm 4-5', 1, '2021-10-20 00:00:00', '2022-06-20 00:00:00', 62, 2700),
(190, 'Kiểm tra 3 chương đầu', 1, '2021-10-20 00:00:00', '2022-02-20 00:00:00', 63, 2700),
(191, 'Kiểm tra chương 4-6', 1, '2021-10-20 00:00:00', '2022-02-20 00:00:00', 63, 2700),
(192, 'Kiểm tra tổng hợp', 1, '2021-10-20 00:00:00', '2022-02-20 00:00:00', 63, 2700),
(193, 'Kiểm tra hình học', 1, '2021-10-20 00:00:00', '2022-01-05 00:00:00', 64, 2700),
(194, 'Kiểm tra giải tích', 1, '2021-10-20 00:00:00', '2022-01-05 00:00:00', 64, 2700),
(195, 'Kiểm tra tổng hợp', 1, '2021-10-20 00:00:00', '2022-01-05 00:00:00', 64, 2700),
(196, 'Kiểm tra 3 chương đầu', 1, '2021-10-20 00:00:00', '2022-02-20 00:00:00', 65, 2700),
(197, 'Kiểm tra chương 4-6', 1, '2021-10-20 00:00:00', '2022-02-20 00:00:00', 65, 2700),
(198, 'Kiểm tra tổng hợp', 1, '2021-10-20 00:00:00', '2022-02-20 00:00:00', 65, 2700),
(199, 'Kiểm tra 3 chương đầu', 1, '2021-10-20 00:00:00', '2022-02-20 00:00:00', 66, 2700),
(200, 'Kiểm tra chương 4-6', 1, '2021-10-20 00:00:00', '2022-02-20 00:00:00', 66, 2700),
(201, 'Kiểm tra tổng hợp', 1, '2021-10-20 00:00:00', '2022-02-20 00:00:00', 66, 2700),
(202, 'Kiểm tra 3 chương đầu', 1, '2021-10-20 00:00:00', '2022-02-20 00:00:00', 67, 2700),
(203, 'Kiểm tra chương 4-6', 1, '2021-10-20 00:00:00', '2022-02-20 00:00:00', 67, 2700),
(204, 'Kiểm tra tổng hợp', 1, '2021-10-20 00:00:00', '2022-02-20 00:00:00', 67, 2700),
(205, 'Kiểm tra 3 chương đầu', 1, '2021-10-20 00:00:00', '2022-02-20 00:00:00', 68, 2700),
(206, 'Kiểm tra chương 4-6', 1, '2021-10-20 00:00:00', '2022-02-20 00:00:00', 68, 2700),
(207, 'Kiểm tra tổng hợp', 1, '2021-10-20 00:00:00', '2022-02-20 00:00:00', 68, 2700),
(208, 'Tổ hợp tự nhiên', 1, '2021-12-01 00:00:00', '2022-05-18 00:00:00', 69, 2700),
(209, 'Tổ hợp xã hội', 1, '2021-12-01 00:00:00', '2022-05-18 00:00:00', 69, 2700),
(210, 'Toán-Văn-Anh', 1, '2021-12-01 00:00:00', '2022-05-18 00:00:00', 69, 2700),
(211, 'Bài kiểm tra đọc hiểu', 1, '2021-12-01 00:00:00', '2022-05-18 00:00:00', 70, 2700),
(212, 'Bài viết', 1, '2021-12-01 00:00:00', '2022-05-18 00:00:00', 70, 2700),
(213, 'Bài viết nghị luận', 1, '2021-12-01 00:00:00', '2022-05-18 00:00:00', 70, 2700),
(214, 'Kiểm tra tổng hợp 1', 1, '2021-12-01 00:00:00', '2022-05-18 00:00:00', 71, 2700),
(215, 'Kiểm tra tổng hợp 2', 1, '2021-12-01 00:00:00', '2022-05-18 00:00:00', 71, 2700),
(216, 'Kiểm tra kết thúc khoá', 1, '2021-12-01 00:00:00', '2022-05-18 00:00:00', 71, 2700),
(217, 'Kiểm tra tổng hợp 1', 1, '2021-12-01 00:00:00', '2022-05-18 00:00:00', 72, 2700),
(218, 'Kiểm tra tổng hợp 2', 1, '2021-12-01 00:00:00', '2022-05-18 00:00:00', 72, 2700),
(219, 'Kiểm tra kết thúc khoá', 1, '2021-12-01 00:00:00', '2022-05-18 00:00:00', 72, 2700),
(220, 'Kiểm tra tổng hợp 1', 1, '2021-12-01 00:00:00', '2022-05-18 00:00:00', 73, 2700),
(221, 'Kiểm tra tổng hợp 2', 1, '2021-12-01 00:00:00', '2022-05-18 00:00:00', 73, 2700),
(222, 'Kiểm tra kết thúc khoá', 1, '2021-12-01 00:00:00', '2022-05-18 00:00:00', 73, 2700),
(223, 'Kiểm tra tổng hợp 1', 1, '2021-12-01 00:00:00', '2022-05-18 00:00:00', 74, 2700),
(224, 'Kiểm tra tổng hợp 2', 1, '2021-12-01 00:00:00', '2022-05-18 00:00:00', 74, 2700),
(225, 'Kiểm tra kết thúc khoá', 1, '2021-12-01 00:00:00', '2022-05-18 00:00:00', 74, 2700),
(226, 'Kiểm tra tổng hợp 1', 1, '2021-12-01 00:00:00', '2022-05-18 00:00:00', 75, 2700),
(227, 'Kiểm tra tổng hợp 2', 1, '2021-12-01 00:00:00', '2022-05-18 00:00:00', 75, 2700),
(228, 'Kiểm tra kết thúc khoá', 1, '2021-12-01 00:00:00', '2022-05-18 00:00:00', 75, 2700),
(229, 'Bài kiểm tra đọc hiểu', 1, '2021-12-03 00:00:00', '2022-05-15 00:00:00', 76, 2700),
(230, 'Bài viết', 1, '2021-12-03 00:00:00', '2022-05-15 00:00:00', 76, 2700),
(231, 'Bài viết nghị luận', 1, '2021-12-03 00:00:00', '2022-05-15 00:00:00', 76, 2700),
(232, 'Bài kiểm tra đọc hiểu', 1, '2021-12-03 00:00:00', '2022-05-15 00:00:00', 77, 2700),
(233, 'Bài viết', 1, '2021-12-03 00:00:00', '2022-05-15 00:00:00', 77, 2700),
(234, 'Bài viết nghị luận', 1, '2021-12-03 00:00:00', '2022-05-15 00:00:00', 77, 2700),
(235, 'Bài kiểm tra đọc hiểu', 1, '2021-12-03 00:00:00', '2022-05-15 00:00:00', 78, 2700),
(236, 'Bài viết', 1, '2021-12-03 00:00:00', '2022-05-15 00:00:00', 78, 2700),
(237, 'Bài viết nghị luận', 1, '2021-12-03 00:00:00', '2022-05-15 00:00:00', 78, 2700),
(238, 'Kiểm tra hình học', 1, '2021-12-03 00:00:00', '2022-05-15 00:00:00', 79, 2700),
(239, 'Kiểm tra giải tích', 1, '2021-12-03 00:00:00', '2022-05-15 00:00:00', 79, 2700),
(240, 'Kiểm tra tổng hợp', 1, '2021-12-03 00:00:00', '2022-05-15 00:00:00', 79, 2700),
(241, 'Kiểm tra hình học', 1, '2021-12-03 00:00:00', '2022-05-15 00:00:00', 80, 2700),
(242, 'Kiểm tra giải tích', 1, '2021-12-03 00:00:00', '2022-05-15 00:00:00', 80, 2700),
(243, 'Kiểm tra tổng hợp', 1, '2021-12-03 00:00:00', '2022-05-15 00:00:00', 80, 2700),
(244, 'Kiểm tra hình học', 1, '2021-12-03 00:00:00', '2022-05-15 00:00:00', 81, 2700),
(245, 'Kiểm tra giải tích', 1, '2021-12-03 00:00:00', '2022-05-15 00:00:00', 81, 2700),
(246, 'Kiểm tra tổng hợp', 1, '2021-12-03 00:00:00', '2022-05-15 00:00:00', 81, 2700),
(247, 'Kiểm tra hình học', 1, '2021-12-03 00:00:00', '2022-05-15 00:00:00', 82, 2700),
(248, 'Kiểm tra giải tích', 1, '2021-12-03 00:00:00', '2022-05-15 00:00:00', 82, 2700),
(249, 'Kiểm tra tổng hợp', 1, '2021-12-03 00:00:00', '2022-05-15 00:00:00', 82, 2700),
(250, 'Kiểm tra hình học', 1, '2021-12-03 00:00:00', '2022-05-15 00:00:00', 83, 2700),
(251, 'Kiểm tra giải tích', 1, '2021-12-03 00:00:00', '2022-05-15 00:00:00', 83, 2700),
(252, 'Kiểm tra tổng hợp', 1, '2021-12-03 00:00:00', '2022-05-15 00:00:00', 83, 2700),
(253, 'Kiểm tra tổng hợp 1', 1, '2021-12-03 00:00:00', '2022-05-15 00:00:00', 84, 2700),
(254, 'Kiểm tra tổng hợp 2', 1, '2021-12-03 00:00:00', '2022-05-15 00:00:00', 84, 2700),
(255, 'Kiểm tra kết thúc khoá', 1, '2021-12-03 00:00:00', '2022-05-15 00:00:00', 84, 2700),
(256, 'Kiểm tra tổng hợp 1', 1, '2021-12-03 00:00:00', '2022-05-15 00:00:00', 85, 2700),
(257, 'Kiểm tra tổng hợp 2', 1, '2021-12-03 00:00:00', '2022-05-15 00:00:00', 85, 2700),
(258, 'Kiểm tra kết thúc khoá', 1, '2021-12-03 00:00:00', '2022-05-15 00:00:00', 85, 2700),
(259, 'Kiểm tra tổng hợp 1', 1, '2021-12-03 00:00:00', '2022-05-15 00:00:00', 86, 2700),
(260, 'Kiểm tra tổng hợp 2', 1, '2021-12-03 00:00:00', '2022-05-15 00:00:00', 86, 2700),
(261, 'Kiểm tra kết thúc khoá', 1, '2021-12-03 00:00:00', '2022-05-15 00:00:00', 86, 2700),
(262, 'Kiểm tra tổng hợp 1', 1, '2021-12-03 00:00:00', '2022-05-15 00:00:00', 87, 2700),
(263, 'Kiểm tra tổng hợp 2', 1, '2021-12-03 00:00:00', '2022-05-15 00:00:00', 87, 2700),
(264, 'Kiểm tra kết thúc khoá', 1, '2021-12-03 00:00:00', '2022-05-15 00:00:00', 87, 2700),
(265, 'Kiểm tra tổng hợp 1', 1, '2021-12-03 00:00:00', '2022-05-15 00:00:00', 88, 2700),
(266, 'Kiểm tra tổng hợp 2', 1, '2021-12-03 00:00:00', '2022-05-15 00:00:00', 88, 2700),
(267, 'Kiểm tra kết thúc khoá', 1, '2021-12-03 00:00:00', '2022-05-15 00:00:00', 88, 2700),
(268, 'Kiểm tra tổng hợp 1', 1, '2021-12-03 00:00:00', '2022-05-15 00:00:00', 89, 2700),
(269, 'Kiểm tra tổng hợp 2', 1, '2021-12-03 00:00:00', '2022-05-15 00:00:00', 89, 2700),
(270, 'Kiểm tra kết thúc khoá', 1, '2021-12-03 00:00:00', '2022-05-15 00:00:00', 89, 2700),
(271, 'Kiểm tra tổng hợp 1', 1, '2021-12-03 00:00:00', '2022-05-15 00:00:00', 90, 2700),
(272, 'Kiểm tra tổng hợp 2', 1, '2021-12-03 00:00:00', '2022-05-15 00:00:00', 90, 2700),
(273, 'Kiểm tra kết thúc khoá', 1, '2021-12-03 00:00:00', '2022-05-15 00:00:00', 90, 2700),
(274, 'Kiểm tra tổng hợp 1', 1, '2021-12-03 00:00:00', '2022-05-15 00:00:00', 91, 2700),
(275, 'Kiểm tra tổng hợp 2', 1, '2021-12-03 00:00:00', '2022-05-15 00:00:00', 91, 2700),
(276, 'Kiểm tra kết thúc khoá', 1, '2021-12-03 00:00:00', '2022-05-15 00:00:00', 91, 2700),
(277, 'Kiểm tra tổng hợp 1', 1, '2021-12-03 00:00:00', '2022-05-15 00:00:00', 92, 2700),
(278, 'Kiểm tra tổng hợp 2', 1, '2021-12-03 00:00:00', '2022-05-15 00:00:00', 92, 2700),
(279, 'Kiểm tra kết thúc khoá', 1, '2021-12-03 00:00:00', '2022-05-15 00:00:00', 92, 2700),
(280, 'Kiểm tra tổng hợp 1', 1, '2021-12-03 00:00:00', '2022-05-15 00:00:00', 93, 2700),
(281, 'Kiểm tra tổng hợp 2', 1, '2021-12-03 00:00:00', '2022-05-15 00:00:00', 93, 2700),
(282, 'Kiểm tra kết thúc khoá', 1, '2021-12-03 00:00:00', '2022-05-15 00:00:00', 93, 2700),
(283, 'Kiểm tra tổng hợp 1', 1, '2021-12-03 00:00:00', '2022-05-15 00:00:00', 94, 2700),
(284, 'Kiểm tra tổng hợp 2', 1, '2021-12-03 00:00:00', '2022-05-15 00:00:00', 94, 2700),
(285, 'Kiểm tra kết thúc khoá', 1, '2021-12-03 00:00:00', '2022-05-15 00:00:00', 94, 2700),
(286, 'Kiểm tra tổng hợp 1', 1, '2021-12-03 00:00:00', '2022-05-15 00:00:00', 95, 2700),
(287, 'Kiểm tra tổng hợp 2', 1, '2021-12-03 00:00:00', '2022-05-15 00:00:00', 95, 2700),
(288, 'Kiểm tra kết thúc khoá', 1, '2021-12-03 00:00:00', '2022-05-15 00:00:00', 95, 2700),
(289, 'Kiểm tra tổng hợp 1', 1, '2021-12-03 00:00:00', '2022-05-15 00:00:00', 96, 2700),
(290, 'Kiểm tra tổng hợp 2', 1, '2021-12-03 00:00:00', '2022-05-15 00:00:00', 96, 2700),
(291, 'Kiểm tra kết thúc khoá', 1, '2021-12-03 00:00:00', '2022-05-15 00:00:00', 96, 2700),
(292, 'Kiểm tra tổng hợp 1', 1, '2021-12-03 00:00:00', '2022-05-15 00:00:00', 97, 2700),
(293, 'Kiểm tra tổng hợp 2', 1, '2021-12-03 00:00:00', '2022-05-15 00:00:00', 97, 2700),
(294, 'Kiểm tra kết thúc khoá', 1, '2021-12-03 00:00:00', '2022-05-15 00:00:00', 97, 2700),
(295, 'Kiểm tra tổng hợp 1', 1, '2021-12-03 00:00:00', '2022-05-15 00:00:00', 98, 2700),
(296, 'Kiểm tra tổng hợp 2', 1, '2021-12-03 00:00:00', '2022-05-15 00:00:00', 98, 2700),
(297, 'Kiểm tra kết thúc khoá', 1, '2021-12-03 00:00:00', '2022-05-15 00:00:00', 98, 2700),
(298, 'Kiểm tra tổng hợp 1', 1, '2021-12-03 00:00:00', '2022-05-15 00:00:00', 99, 2700),
(299, 'Kiểm tra tổng hợp 2', 1, '2021-12-03 00:00:00', '2022-05-15 00:00:00', 99, 2700),
(300, 'Kiểm tra kết thúc khoá', 1, '2021-12-03 00:00:00', '2022-05-15 00:00:00', 99, 2700),
(301, 'Kiểm tra tổng hợp 1', 1, '2021-12-03 00:00:00', '2022-05-15 00:00:00', 100, 2700),
(302, 'Kiểm tra tổng hợp 2', 1, '2021-12-03 00:00:00', '2022-05-15 00:00:00', 100, 2700),
(303, 'Kiểm tra kết thúc khoá', 1, '2021-12-03 00:00:00', '2022-05-15 00:00:00', 100, 2700),
(304, 'Kiểm tra tổng hợp 1', 1, '2021-12-03 00:00:00', '2022-05-15 00:00:00', 101, 2700),
(305, 'Kiểm tra tổng hợp 2', 1, '2021-12-03 00:00:00', '2022-05-15 00:00:00', 101, 2700),
(306, 'Kiểm tra kết thúc khoá', 1, '2021-12-03 00:00:00', '2022-05-15 00:00:00', 101, 2700),
(307, 'Kiểm tra tổng hợp 1', 1, '2021-12-03 00:00:00', '2022-05-15 00:00:00', 102, 2700),
(308, 'Kiểm tra tổng hợp 2', 1, '2021-12-03 00:00:00', '2022-05-15 00:00:00', 102, 2700),
(309, 'Kiểm tra kết thúc khoá', 1, '2021-12-03 00:00:00', '2022-05-15 00:00:00', 102, 2700),
(310, 'Kiểm tra tổng hợp 1', 1, '2021-12-03 00:00:00', '2022-05-15 00:00:00', 103, 2700),
(311, 'Kiểm tra tổng hợp 2', 1, '2021-12-03 00:00:00', '2022-05-15 00:00:00', 103, 2700),
(312, 'Kiểm tra kết thúc khoá', 1, '2021-12-03 00:00:00', '2022-05-15 00:00:00', 103, 2700),
(313, 'Bài kiểm tra đọc hiểu', 1, '2021-12-03 00:00:00', '2022-05-15 00:00:00', 104, 2700),
(314, 'Bài viết', 1, '2021-12-03 00:00:00', '2022-05-15 00:00:00', 104, 2700),
(315, 'Bài viết nghị luận', 1, '2021-12-03 00:00:00', '2022-05-15 00:00:00', 104, 2700),
(316, 'Bài kiểm tra đọc hiểu', 1, '2021-12-03 00:00:00', '2022-05-15 00:00:00', 105, 2700),
(317, 'Bài viết', 1, '2021-12-03 00:00:00', '2022-05-15 00:00:00', 105, 2700),
(318, 'Bài viết nghị luận', 1, '2021-12-03 00:00:00', '2022-05-15 00:00:00', 105, 2700),
(319, 'Bài kiểm tra số 1 (Trigger)', 1, '2021-11-16 00:00:00', '2021-02-19 00:00:00', 108, 2700);

-- --------------------------------------------------------

--
-- Table structure for table `bang_cap`
--

CREATE TABLE `bang_cap` (
  `id` int(11) NOT NULL,
  `bang_cap` varchar(255) DEFAULT NULL
) ENGINE=InnoDB DEFAULT CHARSET=utf8mb4;

--
-- Dumping data for table `bang_cap`
--

INSERT INTO `bang_cap` (`id`, `bang_cap`) VALUES
(2000, 'Chứng chỉ ngoại ngữ bậc 3 (B1)'),
(2001, 'Chứng chỉ bồi dưỡng giảng viên chính (hạng II);'),
(2002, 'Chứng chỉ ngoại ngữ bậc 1'),
(2003, 'Chứng chỉ ngoại ngữ bậc 2 (A2)'),
(2004, 'Chứng chỉ bồi dưỡng giáo viên trung học phổ thông hạng I.'),
(2005, 'chứng chỉ bồi dưỡng nghiệp vụ sư phạm với giáo viên trung học cơ sở;'),
(2006, 'Chứng chỉ tin học đạt chuẩn kỹ năng sử dụng công nghệ thông tin cơ bản.'),
(2007, 'Chứng chỉ bồi dưỡng giáo viên trung học cơ sở hạng I.'),
(2008, 'Chứng chỉ bồi dưỡng giảng viên chính (hạng II);'),
(2009, 'Bằng tốt nghiệp trung cấp trung cấp sư phạm'),
(2010, 'Chứng chỉ bồi dưỡng nghiệp vụ sư phạm cho giảng viên;'),
(2011, 'Bằng tốt nghiệp trung cấp sư phạm;'),
(2012, 'Chứng chỉ bồi dưỡng giáo viên trung học phổ thông hạng I.'),
(2013, 'Chứng chỉ tin học đạt chuẩn kỹ năng sử dụng công nghệ thông tin cơ bản.'),
(2014, 'Chứng chỉ bồi dưỡng giảng viên chính (hạng II);'),
(2015, 'Bằng tốt nghiệp trung cấp sư phạm tiểu học '),
(2016, 'Chứng chỉ ngoại ngữ bậc 4 (B2)'),
(2017, 'Chứng chỉ bồi dưỡng giáo viên trung học cơ sở hạng I.'),
(2018, 'Chứng chỉ tin học đạt chuẩn kỹ năng sử dụng công nghệ thông tin cơ bản.'),
(2019, 'Bằng tốt nghiệp thạc sỹ '),
(2020, 'Chứng chỉ bồi dưỡng giáo viên mầm non hạng II.'),
(2021, 'Chứng chỉ tin học đạt chuẩn kỹ năng sử dụng công nghệ thông tin cơ bản'),
(2022, 'Chứng chỉ bồi dưỡng giáo viên trung học cơ sở hạng I'),
(2023, 'Chứng chỉ bồi dưỡng giáo viên trung học phổ thông hạng I.'),
(2024, 'Chứng chỉ ngoại ngữ bậc 2 (A2)'),
(2025, 'Chứng chỉ bồi dưỡng nghiệp vụ sư phạm cho giảng viên;'),
(2026, 'Chứng chỉ bồi dưỡng giảng viên cao cấp (hạng I);'),
(2027, 'Bằng tốt nghiệp đại học sư phạm tiểu học hoặc đại học sư phạm các chuyên ngành phù hợp với bộ môn giảng dạy trở lên;'),
(2028, 'Chứng chỉ bồi dưỡng giáo viên tiểu học hạng III'),
(2029, 'Chứng chỉ ngoại ngữ bậc 1 '),
(2030, 'Bằng tốt nghiệp đại học sư phạm '),
(2031, 'Bằng tốt nghiệp cao đẳng sư phạm trở '),
(2032, 'Bằng tốt nghiệp trung cấp sư phạm;'),
(2033, 'Bằng tốt nghiệp đại học sư phạm '),
(2034, 'Chứng chỉ ngoại ngữ bậc 1'),
(2035, 'Chứng chỉ bồi dưỡng giáo viên mầm non hạng II.'),
(2036, 'Chứng chỉ bồi dưỡng nghiệp vụ sư phạm cho giảng viên;'),
(2037, 'Chứng chỉ bồi dưỡng nghiệp vụ sư phạm cho giảng viên;'),
(2038, 'Chứng chỉ bồi dưỡng giáo viên mầm non hạng II.'),
(2039, 'Chứng chỉ bồi dưỡng giảng viên chính (hạng II);'),
(2040, 'Chứng chỉ tin học đạt chuẩn kỹ năng sử dụng công nghệ thông tin cơ bản'),
(2041, 'Chứng chỉ bồi dưỡng nghiệp vụ sư phạm cho giảng viên;'),
(2042, 'Chứng chỉ tin học đạt chuẩn kỹ năng sử dụng công nghệ thông tin cơ bản'),
(2043, 'Chứng chỉ bồi dưỡng nghiệp vụ sư phạm cho giảng viên;'),
(2044, 'Chứng chỉ tin học đạt chuẩn kỹ năng sử dụng công nghệ thông tin cơ bản.'),
(2045, 'Chứng chỉ bồi dưỡng nghiệp vụ sư phạm cho giảng viên;'),
(2046, 'Chứng chỉ bồi dưỡng giáo viên trung học phổ thông hạng II.'),
(2047, 'Chứng chỉ bồi dưỡng nghiệp vụ sư phạm cho giảng viên;'),
(2048, 'Chứng chỉ ngoại ngữ bậc 2'),
(2049, 'Chứng chỉ ngoại ngữ bậc 2 '),
(2050, 'Chứng chỉ tin học đạt chuẩn kỹ năng sử dụng công nghệ thông tin cơ bản;'),
(2051, 'Chứng chỉ bồi dưỡng giáo viên trung học phổ thông hạng I.'),
(2052, 'Chứng chỉ ngoại ngữ bậc 2'),
(2053, 'Bằng tốt nghiệp cao đẳng sư phạm tiểu học '),
(2054, 'Chứng chỉ bồi dưỡng giáo viên trung học phổ thông hạng I.'),
(2055, 'Chứng chỉ tin học đạt chuẩn kỹ năng sử dụng công nghệ thông tin cơ bản;'),
(2056, 'Chứng chỉ bồi dưỡng giáo viên trung học cơ sở hạng I'),
(2057, 'Bằng tốt nghiệp đại học sư phạm '),
(2058, 'Chứng chỉ bồi dưỡng giáo viên trung học cơ sở hạng I.'),
(2059, 'Bằng tốt nghiệp đại học sư phạm '),
(2060, 'Chứng chỉ bồi dưỡng giáo viên mầm non hạng III.'),
(2061, 'Chứng chỉ bồi dưỡng giáo viên trung học cơ sở hạng I'),
(2062, 'Bằng tốt nghiệp đại học sư phạm '),
(2063, 'Bằng tốt nghiệp trung cấp sư phạm;'),
(2064, 'Chứng chỉ ngoại ngữ bậc 2 (A2)'),
(2065, 'Chứng chỉ ngoại ngữ bậc 1 '),
(2066, 'Chứng chỉ bồi dưỡng giáo viên tiểu học hạng III'),
(2067, 'Chứng chỉ tin học đạt chuẩn kỹ năng sử dụng công nghệ thông tin cơ bản.'),
(2068, 'Chứng chỉ ngoại ngữ bậc 2'),
(2069, 'Bằng tốt nghiệp đại học sư phạm tiểu học hoặc đại học sư phạm các chuyên ngành phù hợp với bộ môn giảng dạy trở lên;'),
(2070, 'Chứng chỉ tin học đạt chuẩn kỹ năng sử dụng công nghệ thông tin cơ bản'),
(2071, 'Chứng chỉ tin học đạt chuẩn kỹ năng sử dụng công nghệ thông tin cơ bản;'),
(2072, 'Chứng chỉ ngoại ngữ bậc 1'),
(2073, 'Bằng tốt nghiệp đại học sư phạm '),
(2074, 'Bằng tốt nghiệp trung cấp sư phạm;'),
(2075, 'Chứng chỉ bồi dưỡng giáo viên trung học cơ sở hạng I'),
(2076, 'Bằng tốt nghiệp đại học sư phạm tiểu học hoặc đại học sư phạm các chuyên ngành phù hợp với bộ môn giảng dạy trở lên;'),
(2077, 'Bằng tốt nghiệp đại học sư phạm '),
(2078, 'Chứng chỉ bồi dưỡng giáo viên trung học cơ sở hạng I'),
(2079, 'Chứng chỉ ngoại ngữ bậc 2 (A2)'),
(2080, 'Chứng chỉ bồi dưỡng giáo viên trung học cơ sở hạng I.'),
(2081, 'Chứng chỉ tin học đạt chuẩn kỹ năng sử dụng công nghệ thông tin cơ bản;'),
(2082, 'Bằng tốt nghiệp trung cấp sư phạm tiểu học '),
(2083, 'Bằng tốt nghiệp đại học sư phạm '),
(2084, 'Chứng chỉ bồi dưỡng nghiệp vụ sư phạm cho giảng viên;'),
(2085, 'Chứng chỉ ngoại ngữ bậc 1'),
(2086, 'Bằng tốt nghiệp trung cấp trung cấp sư phạm'),
(2087, 'Bằng tốt nghiệp cao đẳng sư phạm '),
(2088, 'Chứng chỉ ngoại ngữ bậc 2'),
(2089, 'Bằng tốt nghiệp cao đẳng sư phạm '),
(2090, 'Chứng chỉ tin học đạt chuẩn kỹ năng sử dụng công nghệ thông tin cơ bản.'),
(2091, 'Chứng chỉ bồi dưỡng giáo viên trung học phổ thông hạng II.'),
(2092, 'Chứng chỉ bồi dưỡng nghiệp vụ sư phạm cho giảng viên;'),
(2093, 'chứng chỉ bồi dưỡng nghiệp vụ sư phạm với giáo viên trung học cơ sở;'),
(2094, 'Chứng chỉ bồi dưỡng giảng viên cao cấp (hạng I);'),
(2095, 'Bằng tốt nghiệp trung cấp sư phạm tiểu học '),
(2096, 'Chứng chỉ bồi dưỡng giáo viên tiểu học hạng III'),
(2097, 'Bằng tốt nghiệp cao đẳng sư phạm tiểu học '),
(2098, 'Chứng chỉ ngoại ngữ bậc 1'),
(2099, 'Chứng chỉ tin học đạt chuẩn kỹ năng sử dụng công nghệ thông tin cơ bản');

-- --------------------------------------------------------

--
-- Table structure for table `chuyen_ve`
--

CREATE TABLE `chuyen_ve` (
  `ma_mon_hoc` int(20) NOT NULL,
  `ma_gv` int(11) NOT NULL
) ENGINE=InnoDB DEFAULT CHARSET=utf8mb4;

--
-- Dumping data for table `chuyen_ve`
--

INSERT INTO `chuyen_ve` (`ma_mon_hoc`, `ma_gv`) VALUES
(1, 2000),
(1, 2004),
(1, 2011),
(1, 2015),
(1, 2018),
(1, 2022),
(1, 2027),
(1, 2030),
(1, 2041),
(1, 2061),
(1, 2065),
(1, 2068),
(1, 2069),
(1, 2073),
(1, 2074),
(1, 2094),
(2, 2010),
(2, 2014),
(2, 2017),
(2, 2025),
(2, 2026),
(2, 2039),
(2, 2046),
(2, 2050),
(2, 2054),
(2, 2057),
(2, 2062),
(2, 2076),
(2, 2081),
(2, 2082),
(2, 2085),
(2, 2088),
(2, 2089),
(2, 2093),
(2, 2095),
(3, 2005),
(3, 2006),
(3, 2023),
(3, 2031),
(3, 2034),
(3, 2036),
(3, 2038),
(3, 2052),
(3, 2055),
(3, 2056),
(3, 2060),
(3, 2096),
(4, 2001),
(4, 2002),
(4, 2020),
(4, 2035),
(4, 2040),
(4, 2043),
(4, 2049),
(4, 2053),
(4, 2063),
(4, 2071),
(4, 2084),
(4, 2090),
(5, 2008),
(5, 2019),
(5, 2028),
(5, 2033),
(5, 2042),
(5, 2058),
(5, 2059),
(5, 2066),
(5, 2067),
(5, 2072),
(5, 2077),
(5, 2099),
(5, 2100),
(6, 2003),
(6, 2016),
(6, 2024),
(6, 2048),
(6, 2064),
(6, 2070),
(6, 2078),
(6, 2083),
(6, 2086),
(6, 2091),
(7, 2013),
(7, 2029),
(7, 2032),
(7, 2044),
(7, 2045),
(7, 2047),
(7, 2079),
(7, 2080),
(7, 2092),
(7, 2098),
(8, 2007),
(8, 2009),
(8, 2012),
(8, 2021),
(8, 2037),
(8, 2051),
(8, 2075),
(8, 2087),
(8, 2097);

-- --------------------------------------------------------

--
-- Table structure for table `danh_gia`
--

CREATE TABLE `danh_gia` (
  `ma_hv` int(11) NOT NULL,
  `ma_kh` int(11) NOT NULL,
  `diem_danh_gia` int(11) DEFAULT NULL,
  `nhan_xet` varchar(255) DEFAULT NULL
) ENGINE=InnoDB DEFAULT CHARSET=utf8mb4;

--
-- Dumping data for table `danh_gia`
--

INSERT INTO `danh_gia` (`ma_hv`, `ma_kh`, `diem_danh_gia`, `nhan_xet`) VALUES
(1, 19, 4, 'dạy học rất dễ hiểu ạ'),
(1, 36, 5, 'khóa học rất hay'),
(1, 53, 1, 'khóa học dài dòng quá'),
(1, 57, 5, 'dậy chậm, dễ hiểu, thường xuyên nhắc lại kiến thức'),
(1, 84, 5, 'tuyệt vời'),
(2, 26, 3, 'khóa học khá hay'),
(2, 30, 1, 'giao viên dạy thiếu trọng tâm'),
(2, 41, 2, 'học không hiểu gì cả'),
(2, 69, 1, 'giao viên dạy thiếu trọng tâm'),
(3, 9, 1, 'học không hiểu gì cả'),
(3, 51, 1, 'khóa học lan man'),
(3, 75, 1, 'khóa học lan man'),
(3, 100, 0, 'null'),
(4, 1, 3, 'khóa học khá tốt'),
(4, 15, 0, 'null'),
(4, 19, 2, 'học không hiểu gì cả'),
(4, 68, 5, 'dậy chậm, dễ hiểu, thường xuyên nhắc lại kiến thức'),
(5, 27, 2, 'bài giảng khó hiểu quá'),
(5, 68, 5, 'khóa học rất tốt '),
(5, 107, 0, 'null'),
(6, 7, 4, 'khóa học hay'),
(6, 37, 1, 'khóa học thiếu kiến thức'),
(6, 47, 0, 'null'),
(6, 63, 0, 'null'),
(6, 95, 5, 'khóa học rất tốt '),
(6, 98, 5, 'giáo viên dạy rất tâm huyết và dễ hiễu'),
(7, 80, 4, 'khóa học hay và chi tiết'),
(7, 102, 5, 'hay quá ạ'),
(8, 83, 1, 'không sát với chương trình'),
(8, 106, 1, 'khóa học dài dòng và khó hiểu'),
(9, 13, 4, 'khóa học tốt'),
(9, 20, 2, 'giáo viên dạy không hay'),
(9, 98, 4, 'good'),
(10, 8, 5, 'giáo viên dạy rất tâm huyết và dễ hiễu'),
(10, 43, 2, 'khóa học dài dòng quá'),
(10, 51, 3, 'khóa học khá tốt'),
(10, 77, 5, 'quá tuyệt vời'),
(10, 85, 0, 'null'),
(11, 20, 2, 'khóa học thiếu ví dụ thực tế'),
(11, 32, 1, 'khóa học thiếu kiến thức'),
(11, 44, 3, 'cũng được'),
(11, 48, 5, 'giáo viên dạy rất tâm huyết và dễ hiễu'),
(11, 80, 4, 'khóa học tốt'),
(11, 85, 3, 'khóa thiếu một vài kiến thức quan trọng'),
(11, 87, 0, 'null'),
(12, 45, 4, 'khóa học hay và chi tiết'),
(12, 50, 1, 'khóa học thiếu ví dụ thực tế'),
(13, 2, 2, 'khóa học thiếu ví dụ thực tế'),
(13, 56, 3, 'khóa học hơi ngắn'),
(13, 99, 1, 'không sát với chương trình'),
(14, 9, 2, 'chán'),
(14, 22, 0, 'null'),
(14, 29, 1, 'khóa học lan man'),
(14, 62, 4, 'khóa học hay và chi tiết'),
(14, 66, 5, 'khóa học rất tốt '),
(14, 86, 0, 'null'),
(14, 106, 4, 'giáo viên giảng hay ạ'),
(14, 107, 1, 'khóa học lan man'),
(15, 36, 0, 'null'),
(15, 75, 3, 'khóa học khá hay nhưng hơi dài dòng'),
(15, 83, 0, 'null'),
(15, 106, 3, 'bài giảng đầy đủ nhưng hơi dài'),
(16, 14, 4, 'khóa học hay và chi tiết'),
(16, 44, 5, 'khóa học này đã cứu em <3'),
(16, 103, 4, 'tốt'),
(17, 27, 1, 'chán'),
(17, 32, 4, 'giáo viên giảng hay ạ'),
(17, 46, 4, 'giáo viên giảng hay ạ'),
(17, 47, 2, 'học không hiểu gì cả'),
(17, 52, 1, 'khóa học dài dòng và khó hiểu'),
(18, 55, 2, 'khóa học thiếu ví dụ thực tế'),
(19, 60, 2, 'chán'),
(19, 77, 4, 'giáo viên giảng dễ hiểu ạ'),
(19, 100, 1, 'khóa học dài dòng và khó hiểu'),
(20, 25, 2, 'khóa học dài dòng quá'),
(20, 40, 2, 'học không hiểu gì cả'),
(20, 47, 5, 'tuyệt vời'),
(20, 61, 1, 'chán'),
(20, 76, 0, 'null'),
(21, 66, 1, 'học không hiểu gì cả'),
(21, 75, 0, 'null'),
(22, 4, 3, 'khóa thiếu một vài kiến thức quan trọng'),
(22, 26, 4, 'khóa học hay'),
(22, 38, 1, 'khóa học thiếu ví dụ thực tế'),
(22, 74, 1, 'giáo viên nói quá nhanh'),
(22, 96, 5, 'dậy chậm, dễ hiểu, thường xuyên nhắc lại kiến thức'),
(23, 15, 0, 'null'),
(23, 17, 1, 'chán'),
(23, 21, 3, 'tạm được'),
(23, 34, 1, 'chán'),
(23, 41, 2, 'khóa học dài dòng và khó hiểu'),
(23, 61, 1, 'khóa học thiếu ví dụ thực tế'),
(23, 70, 2, 'khóa học thiếu kiến thức'),
(23, 74, 1, 'giao viên dạy thiếu trọng tâm'),
(23, 93, 4, 'khóa học hay và chi tiết'),
(23, 96, 3, 'khóa thiếu một vài kiến thức quan trọng'),
(23, 99, 0, 'null'),
(24, 17, 2, 'học không hiểu gì cả'),
(24, 34, 4, 'khóa học khá hay'),
(24, 37, 2, 'giáo viên nói quá nhanh'),
(24, 77, 5, 'hay quá ạ'),
(24, 104, 2, 'không sát với chương trình'),
(24, 106, 3, 'cũng được'),
(25, 10, 1, 'khóa học thiếu ví dụ thực tế'),
(25, 13, 4, 'khóa học hay'),
(25, 17, 1, 'bài giảng khó hiểu quá'),
(25, 22, 5, 'giáo viên giảng rất dễ hiểu'),
(25, 25, 1, 'chán'),
(26, 14, 5, 'dậy chậm, dễ hiểu, thường xuyên nhắc lại kiến thức'),
(26, 30, 1, 'giáo viên nói quá nhanh'),
(26, 86, 2, 'giáo viên nói quá nhanh'),
(26, 91, 4, 'bài giảng hay và dễ hiểu nhưng hơi dài'),
(27, 49, 4, 'giáo viên giảng hay ạ'),
(27, 50, 4, 'dạy học rất dễ hiểu ạ'),
(28, 40, 2, 'giáo viên nói quá nhanh'),
(29, 15, 0, 'null'),
(29, 26, 0, 'null'),
(29, 29, 4, 'chi tiết và dễ hiểu'),
(29, 55, 1, 'học không hiểu gì cả'),
(30, 3, 0, 'null'),
(30, 56, 3, 'khá ok'),
(30, 60, 3, 'khóa học khá hay nhưng hơi dài dòng'),
(30, 72, 0, 'null'),
(30, 86, 1, 'chán'),
(30, 87, 4, 'giáo viên giảng hay ạ'),
(31, 2, 0, 'null'),
(31, 41, 5, 'khóa học rất hay'),
(31, 70, 0, 'null'),
(32, 17, 4, 'giáo viên giảng hay ạ'),
(32, 23, 5, 'khóa học rất tốt '),
(32, 48, 2, 'giáo viên dạy không hay'),
(32, 96, 3, 'khóa học khá hay'),
(33, 5, 3, 'giáo viên giảng hay nhưng nói hơi nhanh'),
(33, 39, 0, 'null'),
(33, 47, 4, 'giáo viên giảng dễ hiểu ạ'),
(33, 65, 0, 'null'),
(34, 26, 5, 'khóa học rất tốt '),
(34, 45, 4, 'khóa học tốt'),
(34, 56, 1, 'khóa học thiếu ví dụ thực tế'),
(34, 65, 0, 'null'),
(34, 87, 1, 'giáo viên dạy không hay'),
(35, 51, 0, 'null'),
(35, 85, 4, 'good'),
(35, 86, 4, 'khóa học khá hay'),
(36, 7, 1, 'khóa học lan man'),
(36, 61, 3, 'khóa học tạm được'),
(36, 70, 1, 'khóa học thiếu ví dụ thực tế'),
(36, 73, 5, 'dậy chậm, dễ hiểu, thường xuyên nhắc lại kiến thức'),
(36, 78, 5, 'khóa học rất hay'),
(37, 54, 5, 'dậy chậm, dễ hiểu, thường xuyên nhắc lại kiến thức'),
(37, 75, 0, 'null'),
(37, 84, 3, 'cũng được'),
(37, 89, 1, 'khóa học dài dòng và khó hiểu'),
(37, 105, 1, 'không sát với chương trình'),
(37, 107, 0, 'null'),
(38, 32, 3, 'khóa học khá hay'),
(39, 9, 1, 'giáo viên nói quá nhanh'),
(39, 17, 5, 'quá tuyệt vời'),
(40, 27, 2, 'giáo viên dạy không hay'),
(40, 31, 3, 'tạm được'),
(40, 32, 0, 'null'),
(40, 64, 0, 'null'),
(40, 95, 2, 'học không hiểu gì cả'),
(40, 98, 5, 'khóa học này đã cứu em <3'),
(40, 99, 2, 'khóa học dài dòng quá'),
(40, 107, 2, 'giáo viên dạy không hay'),
(41, 3, 5, 'khóa học này đã cứu em <3'),
(41, 4, 3, 'một số chỗ giáo viên giảng hơi nhanh'),
(41, 5, 4, 'khóa học khá hay'),
(41, 86, 1, 'giáo viên nói quá nhanh'),
(41, 88, 3, 'giáo viên đôi lúc hơi lan man'),
(42, 83, 5, 'giáo viên dạy rất tâm huyết và dễ hiễu'),
(43, 43, 0, 'null'),
(43, 53, 3, 'khóa học tạm được'),
(44, 2, 0, 'null'),
(44, 5, 1, 'giáo viên nói quá nhanh'),
(44, 12, 1, 'chán'),
(44, 52, 2, 'khóa học dài dòng quá'),
(44, 86, 1, 'giao viên dạy thiếu trọng tâm'),
(45, 1, 0, 'null'),
(45, 27, 3, 'cũng được'),
(45, 40, 0, 'null'),
(45, 49, 5, 'khóa học rất hay'),
(46, 18, 5, 'dậy chậm, dễ hiểu, thường xuyên nhắc lại kiến thức'),
(46, 43, 3, 'khá ok'),
(47, 18, 2, 'giáo viên dạy không hay'),
(47, 31, 1, 'giáo viên dạy không hay'),
(47, 34, 4, 'khóa học hay và chi tiết'),
(47, 60, 0, 'null'),
(48, 22, 3, 'khóa học khá hay'),
(49, 28, 3, 'giáo viên đôi lúc hơi lan man'),
(49, 35, 5, 'khóa học rất hay'),
(49, 52, 3, 'khóa học khá hay nhưng hơi dài dòng'),
(49, 57, 4, 'giáo viên giảng dễ hiểu ạ'),
(49, 98, 3, 'cũng được'),
(50, 4, 4, 'good'),
(50, 67, 1, 'bài giảng khó hiểu quá'),
(50, 81, 5, 'tuyệt vời'),
(51, 97, 0, 'null'),
(51, 107, 3, 'giáo viên giảng hay nhưng nói hơi nhanh'),
(52, 17, 4, 'bài giảng hay và dễ hiểu nhưng hơi dài'),
(52, 36, 4, 'good'),
(52, 60, 2, 'giao viên dạy thiếu trọng tâm'),
(52, 93, 2, 'khóa học lan man'),
(52, 100, 1, 'khóa học dài dòng quá'),
(53, 21, 3, 'giáo viên đôi lúc hơi lan man'),
(53, 50, 2, 'chán'),
(53, 53, 4, 'dạy học rất dễ hiểu ạ'),
(54, 6, 4, 'giáo viên giảng dễ hiểu ạ'),
(54, 13, 1, 'bài giảng khó hiểu quá'),
(54, 33, 0, 'null'),
(54, 47, 2, 'giáo viên dạy không hay'),
(54, 63, 5, 'hay quá ạ'),
(55, 1, 0, 'null'),
(55, 26, 0, 'null'),
(55, 29, 1, 'khóa học dài dòng và khó hiểu'),
(55, 35, 3, 'khá ok'),
(55, 40, 0, 'null'),
(55, 55, 2, 'chán'),
(55, 90, 2, 'khóa học thiếu kiến thức'),
(55, 95, 3, 'khóa học tạm được'),
(55, 98, 2, 'giao viên dạy thiếu trọng tâm'),
(55, 102, 4, 'chi tiết và dễ hiểu'),
(56, 29, 0, 'null'),
(56, 33, 4, 'tốt'),
(56, 50, 3, 'cũng được'),
(56, 80, 5, 'khóa học rất hay'),
(57, 20, 1, 'khóa học dài dòng và khó hiểu'),
(57, 23, 2, 'giáo viên nói quá nhanh'),
(57, 34, 0, 'null'),
(57, 55, 3, 'khóa học tạm được'),
(57, 65, 5, 'tuyệt vời'),
(57, 70, 1, 'giáo viên dạy không hay'),
(57, 75, 3, 'bài giảng đầy đủ nhưng hơi dài'),
(57, 95, 2, 'khóa học thiếu ví dụ thực tế'),
(58, 53, 5, 'giáo viên giảng rất dễ hiểu'),
(59, 20, 0, 'null'),
(59, 28, 0, 'null'),
(59, 84, 2, 'giao viên dạy thiếu trọng tâm'),
(59, 89, 4, 'good'),
(59, 92, 5, 'dậy chậm, dễ hiểu, thường xuyên nhắc lại kiến thức'),
(60, 3, 2, 'chán'),
(60, 48, 0, 'null'),
(60, 59, 0, 'null'),
(60, 67, 5, 'tuyệt vời'),
(60, 71, 4, 'giáo viên giảng dễ hiểu ạ'),
(61, 11, 3, 'bài giảng đầy đủ nhưng hơi dài'),
(61, 74, 1, 'học không hiểu gì cả'),
(61, 94, 0, 'null'),
(61, 102, 0, 'null'),
(62, 40, 2, 'khóa học thiếu kiến thức'),
(63, 20, 0, 'null'),
(63, 59, 3, 'giáo viên giảng hay nhưng nói hơi nhanh'),
(63, 64, 1, 'chán'),
(63, 74, 3, 'một số chỗ giáo viên giảng hơi nhanh'),
(64, 46, 4, 'khóa học hay và chi tiết'),
(64, 61, 5, 'giáo viên dạy rất tâm huyết và dễ hiễu'),
(64, 69, 4, 'giáo viên giảng hay ạ'),
(65, 8, 4, 'khóa học tốt'),
(65, 27, 2, 'khóa học thiếu kiến thức'),
(65, 98, 1, 'chán'),
(66, 14, 5, 'giáo viên dạy rất tâm huyết và dễ hiễu'),
(66, 56, 4, 'khóa học khá hay'),
(67, 37, 0, 'null'),
(67, 43, 2, 'bài giảng khó hiểu quá'),
(67, 90, 3, 'khóa thiếu một vài kiến thức quan trọng'),
(68, 91, 2, 'khóa học dài dòng quá'),
(68, 107, 5, 'giáo viên dạy rất tâm huyết và dễ hiễu'),
(69, 24, 5, 'giáo viên giảng rất dễ hiểu'),
(69, 98, 5, 'tuyệt vời'),
(70, 19, 3, 'cũng được'),
(70, 60, 3, 'khá ok'),
(71, 11, 2, 'giáo viên dạy không hay'),
(71, 22, 2, 'bài giảng khó hiểu quá'),
(71, 32, 1, 'khóa học dài dòng và khó hiểu'),
(71, 58, 1, 'chán'),
(71, 61, 2, 'bài giảng khó hiểu quá'),
(71, 64, 5, 'giáo viên giảng rất dễ hiểu'),
(71, 73, 4, 'dạy học rất dễ hiểu ạ'),
(71, 77, 5, 'dậy chậm, dễ hiểu, thường xuyên nhắc lại kiến thức'),
(71, 94, 1, 'giáo viên nói quá nhanh'),
(71, 106, 2, 'không sát với chương trình'),
(72, 14, 0, 'null'),
(72, 26, 5, 'khóa học rất tốt '),
(72, 43, 5, 'tuyệt vời'),
(72, 57, 1, 'khóa học dài dòng và khó hiểu'),
(72, 63, 5, 'khóa học rất tốt '),
(73, 4, 1, 'giao viên dạy thiếu trọng tâm'),
(73, 21, 5, 'giáo viên giảng rất dễ hiểu'),
(73, 66, 4, 'dạy học rất dễ hiểu ạ'),
(73, 93, 5, 'giáo viên giảng rất dễ hiểu'),
(74, 9, 1, 'bài giảng khó hiểu quá'),
(74, 35, 2, 'học không hiểu gì cả'),
(74, 68, 1, 'học không hiểu gì cả'),
(74, 73, 2, 'khóa học dài dòng quá'),
(74, 74, 2, 'giáo viên dạy không hay'),
(75, 53, 5, 'hay quá ạ'),
(75, 80, 4, 'tốt'),
(75, 84, 4, 'dạy học rất dễ hiểu ạ'),
(75, 99, 2, 'giáo viên dạy không hay'),
(76, 57, 3, 'khóa học khá tốt'),
(76, 61, 4, 'bài giảng hay và dễ hiểu nhưng hơi dài'),
(76, 71, 1, 'học không hiểu gì cả'),
(76, 74, 0, 'null'),
(76, 84, 3, 'giáo viên giảng hay nhưng nói hơi nhanh'),
(77, 14, 4, 'khóa học hay và chi tiết'),
(78, 9, 4, 'tốt'),
(78, 30, 5, 'quá tuyệt vời'),
(78, 38, 1, 'giáo viên nói quá nhanh'),
(78, 41, 5, 'giáo viên giảng rất dễ hiểu'),
(78, 100, 0, 'null'),
(79, 22, 3, 'giáo viên đôi lúc hơi lan man'),
(79, 31, 0, 'null'),
(79, 35, 4, 'khóa học hay và chi tiết'),
(79, 65, 5, 'dậy chậm, dễ hiểu, thường xuyên nhắc lại kiến thức'),
(79, 70, 0, 'null'),
(79, 73, 4, 'khóa học tốt'),
(79, 84, 0, 'null'),
(80, 3, 0, 'null'),
(80, 48, 4, 'khóa học hay và chi tiết'),
(80, 68, 5, 'tuyệt vời'),
(80, 77, 1, 'giáo viên dạy không hay'),
(81, 8, 4, 'dạy học rất dễ hiểu ạ'),
(81, 21, 0, 'null'),
(81, 64, 3, 'khá ok'),
(81, 66, 1, 'khóa học thiếu ví dụ thực tế'),
(81, 86, 3, 'khóa học khá tốt'),
(82, 2, 0, 'null'),
(82, 22, 5, 'giáo viên giảng rất dễ hiểu'),
(82, 29, 0, 'null'),
(82, 66, 0, 'null'),
(82, 74, 4, 'giáo viên giảng dễ hiểu ạ'),
(82, 80, 4, 'chi tiết và dễ hiểu'),
(82, 83, 4, 'khóa học hay'),
(83, 1, 1, 'không sát với chương trình'),
(83, 7, 3, 'khóa học khá hay nhưng hơi dài dòng'),
(83, 57, 0, 'null'),
(83, 91, 1, 'học không hiểu gì cả'),
(83, 96, 2, 'khóa học dài dòng quá'),
(84, 14, 0, 'null'),
(84, 41, 4, 'khóa học hay'),
(84, 52, 4, 'khóa học hay'),
(85, 2, 1, 'học không hiểu gì cả'),
(85, 29, 2, 'khóa học lan man'),
(85, 34, 0, 'null'),
(85, 67, 5, 'rất hài lòng'),
(85, 79, 4, 'good'),
(85, 82, 5, 'dậy chậm, dễ hiểu, thường xuyên nhắc lại kiến thức'),
(86, 17, 4, 'tốt'),
(86, 38, 0, 'null'),
(86, 75, 4, 'good'),
(87, 7, 1, 'chán'),
(87, 46, 5, 'tuyệt vời'),
(87, 50, 4, 'khóa học hay và chi tiết'),
(87, 64, 0, 'null'),
(87, 68, 5, 'giáo viên giảng rất dễ hiểu'),
(88, 14, 5, 'tuyệt vời'),
(88, 48, 4, 'giáo viên giảng hay ạ'),
(88, 55, 3, 'khóa thiếu một vài kiến thức quan trọng'),
(88, 70, 0, 'null'),
(88, 75, 3, 'khóa học tạm được'),
(88, 95, 3, 'khóa học khá hay'),
(89, 10, 0, 'null'),
(89, 20, 2, 'giáo viên nói quá nhanh'),
(89, 30, 2, 'giáo viên dạy không hay'),
(89, 56, 3, 'cũng được'),
(89, 61, 2, 'giáo viên dạy không hay'),
(89, 64, 0, 'null'),
(89, 91, 4, 'good'),
(90, 15, 2, 'chán'),
(90, 32, 4, 'khóa học hay'),
(90, 47, 3, 'giáo viên đôi lúc hơi lan man'),
(90, 79, 4, 'có những kiến thức rất hay'),
(90, 84, 3, 'khóa thiếu một vài kiến thức quan trọng'),
(92, 60, 3, 'khá ok'),
(93, 1, 1, 'khóa học dài dòng quá'),
(93, 19, 0, 'null'),
(93, 22, 0, 'null'),
(93, 24, 5, 'quá tuyệt vời'),
(93, 64, 1, 'giáo viên dạy không hay'),
(93, 68, 0, 'null'),
(93, 76, 1, 'khóa học dài dòng và khó hiểu'),
(94, 12, 1, 'giao viên dạy thiếu trọng tâm'),
(94, 27, 0, 'null'),
(94, 51, 1, 'giao viên dạy thiếu trọng tâm'),
(94, 55, 5, 'quá tuyệt vời'),
(95, 69, 4, 'có những kiến thức rất hay'),
(95, 79, 2, 'học không hiểu gì cả'),
(95, 82, 2, 'học không hiểu gì cả'),
(96, 24, 4, 'khóa học hay và chi tiết'),
(96, 36, 5, 'giáo viên dạy rất tâm huyết và dễ hiễu'),
(96, 42, 2, 'khóa học thiếu ví dụ thực tế'),
(97, 14, 5, 'quá tuyệt vời'),
(97, 21, 1, 'giao viên dạy thiếu trọng tâm'),
(98, 5, 5, 'dậy chậm, dễ hiểu, thường xuyên nhắc lại kiến thức'),
(98, 59, 3, 'một số chỗ giáo viên giảng hơi nhanh'),
(98, 96, 4, 'có những kiến thức rất hay'),
(99, 42, 5, 'quá tuyệt vời'),
(99, 43, 2, 'học không hiểu gì cả'),
(99, 68, 1, 'học không hiểu gì cả'),
(99, 97, 5, 'tuyệt vời'),
(100, 12, 0, 'null'),
(100, 17, 5, 'khóa học rất hay'),
(100, 107, 1, 'học không hiểu gì cả'),
(101, 60, 4, 'khóa học hay'),
(101, 74, 0, 'null'),
(101, 88, 3, 'khóa học tạm được'),
(101, 99, 0, 'null'),
(102, 2, 4, 'bài giảng hay và dễ hiểu nhưng hơi dài'),
(102, 22, 0, 'null'),
(102, 27, 5, 'tuyệt vời'),
(102, 71, 5, 'khóa học này đã cứu em <3'),
(102, 90, 4, 'dạy học rất dễ hiểu ạ'),
(103, 12, 1, 'khóa học lan man'),
(103, 13, 3, 'khá ok'),
(103, 51, 2, 'khóa học lan man'),
(103, 87, 1, 'không sát với chương trình'),
(103, 92, 5, 'hay quá ạ'),
(104, 10, 3, 'giáo viên giảng hay nhưng nói hơi nhanh'),
(104, 48, 4, 'khóa học khá hay'),
(104, 55, 1, 'giáo viên nói quá nhanh'),
(105, 36, 2, 'bài giảng khó hiểu quá'),
(105, 51, 4, 'good'),
(105, 53, 3, 'khóa học khá hay'),
(105, 99, 5, 'tuyệt vời'),
(105, 100, 0, 'null'),
(106, 2, 3, 'giáo viên giảng hay nhưng nói hơi nhanh'),
(106, 10, 3, 'giáo viên đôi lúc hơi lan man'),
(106, 18, 1, 'học không hiểu gì cả'),
(106, 22, 4, 'good'),
(106, 75, 5, 'khóa học rất tốt '),
(107, 11, 2, 'không sát với chương trình'),
(107, 35, 5, 'hay quá ạ'),
(107, 63, 0, 'null'),
(108, 24, 1, 'khóa học thiếu kiến thức'),
(109, 7, 1, 'giáo viên dạy không hay'),
(109, 10, 1, 'giáo viên nói quá nhanh'),
(109, 25, 4, 'có những kiến thức rất hay'),
(109, 57, 4, 'good'),
(109, 64, 1, 'chán'),
(109, 84, 5, 'khóa học rất tốt '),
(109, 89, 2, 'khóa học thiếu kiến thức'),
(109, 98, 1, 'bài giảng khó hiểu quá'),
(110, 26, 0, 'null'),
(110, 36, 0, 'null'),
(110, 60, 3, 'khóa học tạm được'),
(110, 98, 1, 'khóa học thiếu ví dụ thực tế'),
(110, 103, 1, 'giao viên dạy thiếu trọng tâm'),
(111, 99, 5, 'dậy chậm, dễ hiểu, thường xuyên nhắc lại kiến thức'),
(112, 5, 0, 'null'),
(112, 7, 1, 'giáo viên nói quá nhanh'),
(112, 64, 0, 'null'),
(112, 87, 2, 'khóa học dài dòng quá'),
(113, 79, 3, 'bài giảng đầy đủ nhưng hơi dài'),
(113, 90, 0, 'null'),
(114, 19, 5, 'hay quá ạ'),
(114, 99, 5, 'rất hài lòng'),
(115, 22, 2, 'khóa học thiếu kiến thức'),
(115, 32, 2, 'không sát với chương trình'),
(116, 10, 5, 'giáo viên dạy rất tâm huyết và dễ hiễu'),
(116, 23, 2, 'khóa học lan man'),
(116, 46, 2, 'khóa học dài dòng quá'),
(116, 66, 3, 'một số chỗ giáo viên giảng hơi nhanh'),
(116, 84, 3, 'khóa học khá hay'),
(116, 104, 5, 'khóa học rất tốt '),
(117, 6, 2, 'bài giảng khó hiểu quá'),
(117, 63, 5, 'dậy chậm, dễ hiểu, thường xuyên nhắc lại kiến thức'),
(117, 67, 0, 'null'),
(117, 82, 5, 'tuyệt vời'),
(117, 106, 2, 'chán'),
(118, 44, 0, 'null'),
(118, 61, 1, 'giáo viên nói quá nhanh'),
(119, 35, 3, 'một số chỗ giáo viên giảng hơi nhanh'),
(119, 71, 2, 'khóa học thiếu kiến thức'),
(119, 79, 1, 'khóa học dài dòng và khó hiểu'),
(119, 91, 3, 'khóa thiếu một vài kiến thức quan trọng'),
(119, 104, 2, 'khóa học thiếu ví dụ thực tế'),
(119, 107, 4, 'khóa học khá hay'),
(120, 83, 2, 'bài giảng khó hiểu quá'),
(120, 93, 4, 'good'),
(120, 98, 3, 'giáo viên giảng hay nhưng nói hơi nhanh'),
(121, 37, 2, 'không sát với chương trình'),
(121, 64, 1, 'khóa học lan man'),
(121, 97, 1, 'khóa học dài dòng quá'),
(121, 106, 2, 'giáo viên nói quá nhanh'),
(122, 8, 3, 'khá ok'),
(122, 24, 5, 'dậy chậm, dễ hiểu, thường xuyên nhắc lại kiến thức'),
(122, 49, 4, 'dạy học rất dễ hiểu ạ'),
(122, 68, 0, 'null'),
(122, 94, 0, 'null'),
(123, 17, 4, 'giáo viên giảng chậm và dễ hiểu'),
(123, 38, 2, 'chán'),
(124, 21, 4, 'good'),
(124, 22, 0, 'null'),
(124, 73, 3, 'khóa học tạm được'),
(124, 77, 5, 'giáo viên giảng rất dễ hiểu'),
(124, 95, 5, 'hay quá ạ'),
(125, 6, 0, 'null'),
(125, 16, 5, 'quá tuyệt vời'),
(125, 19, 2, 'khóa học lan man'),
(125, 30, 3, 'cũng được'),
(126, 9, 2, 'bài giảng khó hiểu quá'),
(126, 11, 4, 'chi tiết và dễ hiểu'),
(126, 21, 5, 'rất hài lòng'),
(126, 51, 4, 'bài giảng hay và dễ hiểu nhưng hơi dài'),
(126, 57, 3, 'tạm được'),
(126, 69, 3, 'cũng được'),
(127, 12, 3, 'khóa học khá hay nhưng hơi dài dòng'),
(127, 22, 2, 'học không hiểu gì cả'),
(127, 48, 3, 'khóa học hơi ngắn'),
(127, 56, 5, 'rất hài lòng'),
(127, 104, 4, 'có những kiến thức rất hay'),
(128, 10, 0, 'null'),
(128, 15, 5, 'dậy chậm, dễ hiểu, thường xuyên nhắc lại kiến thức'),
(128, 23, 5, 'hay quá ạ'),
(128, 33, 5, 'khóa học rất tốt '),
(128, 36, 2, 'học không hiểu gì cả'),
(128, 75, 1, 'không sát với chương trình'),
(128, 106, 0, 'null'),
(129, 27, 3, 'khóa thiếu một vài kiến thức quan trọng'),
(129, 80, 4, 'tốt'),
(130, 7, 1, 'không sát với chương trình'),
(130, 26, 2, 'học không hiểu gì cả'),
(130, 47, 4, 'có những kiến thức rất hay'),
(131, 70, 5, 'giáo viên giảng rất dễ hiểu'),
(131, 72, 5, 'khóa học này đã cứu em <3'),
(131, 87, 4, 'khóa học hay và chi tiết'),
(132, 18, 1, 'khóa học lan man'),
(132, 20, 5, 'hay quá ạ'),
(132, 83, 1, 'khóa học dài dòng quá'),
(132, 102, 3, 'bài giảng đầy đủ nhưng hơi dài'),
(132, 107, 5, 'quá tuyệt vời'),
(133, 19, 5, 'khóa học này đã cứu em <3'),
(133, 62, 0, 'null'),
(134, 7, 3, 'khá ok'),
(134, 12, 1, 'giáo viên dạy không hay'),
(134, 44, 4, 'good'),
(134, 99, 3, 'khá ok'),
(134, 103, 0, 'null'),
(135, 60, 0, 'null'),
(135, 62, 3, 'khóa học tạm được'),
(135, 66, 4, 'giáo viên giảng hay ạ'),
(135, 75, 4, 'giáo viên giảng chậm và dễ hiểu'),
(135, 81, 4, 'khóa học hay và chi tiết'),
(135, 82, 0, 'null'),
(135, 94, 2, 'khóa học lan man'),
(136, 26, 1, 'khóa học thiếu kiến thức'),
(136, 61, 4, 'giáo viên giảng chậm và dễ hiểu'),
(136, 102, 4, 'khóa học khá hay'),
(137, 1, 4, 'khóa học tốt'),
(137, 14, 0, 'null'),
(137, 71, 5, 'tuyệt vời'),
(137, 81, 1, 'bài giảng khó hiểu quá'),
(138, 50, 4, 'khóa học khá hay'),
(138, 77, 5, 'khóa học này đã cứu em <3'),
(138, 91, 1, 'khóa học thiếu ví dụ thực tế'),
(139, 10, 0, 'null'),
(139, 47, 4, 'khóa học tốt'),
(140, 37, 0, 'null'),
(141, 16, 3, 'giáo viên đôi lúc hơi lan man'),
(141, 74, 3, 'giáo viên giảng hay nhưng nói hơi nhanh'),
(141, 107, 3, 'cũng được'),
(142, 9, 1, 'học không hiểu gì cả'),
(142, 38, 0, 'null'),
(142, 47, 1, 'học không hiểu gì cả'),
(143, 15, 1, 'không sát với chương trình'),
(143, 28, 2, 'khóa học thiếu ví dụ thực tế'),
(143, 72, 3, 'cũng được'),
(143, 98, 3, 'một số chỗ giáo viên giảng hơi nhanh'),
(144, 20, 2, 'bài giảng khó hiểu quá'),
(144, 28, 4, 'good'),
(144, 32, 4, 'khóa học hay và chi tiết'),
(144, 71, 0, 'null'),
(144, 78, 2, 'giáo viên dạy không hay'),
(145, 6, 0, 'null'),
(145, 13, 4, 'khóa học tốt'),
(145, 37, 4, 'good'),
(145, 66, 0, 'null'),
(146, 24, 4, 'giáo viên giảng dễ hiểu ạ'),
(146, 30, 5, 'khóa học rất hay'),
(146, 46, 5, 'khóa học rất hay'),
(147, 3, 0, 'null'),
(147, 14, 3, 'một số chỗ giáo viên giảng hơi nhanh'),
(147, 38, 1, 'khóa học thiếu kiến thức'),
(147, 41, 1, 'khóa học thiếu kiến thức'),
(147, 106, 3, 'một số chỗ giáo viên giảng hơi nhanh'),
(148, 46, 5, 'hay quá ạ'),
(149, 49, 0, 'null'),
(149, 71, 1, 'khóa học dài dòng và khó hiểu'),
(149, 82, 0, 'null'),
(149, 84, 1, 'không sát với chương trình'),
(150, 18, 2, 'bài giảng khó hiểu quá'),
(150, 92, 2, 'học không hiểu gì cả'),
(151, 37, 5, 'quá tuyệt vời'),
(151, 82, 2, 'khóa học lan man'),
(152, 49, 2, 'không sát với chương trình'),
(152, 54, 1, 'bài giảng khó hiểu quá'),
(152, 79, 1, 'khóa học lan man'),
(152, 105, 4, 'khóa học hay'),
(153, 2, 2, 'học không hiểu gì cả'),
(154, 6, 2, 'giao viên dạy thiếu trọng tâm'),
(154, 14, 1, 'chán'),
(154, 47, 0, 'null'),
(154, 52, 2, 'không sát với chương trình'),
(154, 72, 5, 'tuyệt vời'),
(155, 9, 3, 'bài giảng đầy đủ nhưng hơi dài'),
(155, 15, 3, 'khóa học khá hay nhưng hơi dài dòng'),
(155, 44, 4, 'giáo viên giảng dễ hiểu ạ'),
(155, 98, 4, 'khóa học tốt'),
(156, 58, 5, 'giáo viên giảng rất dễ hiểu'),
(156, 69, 5, 'rất hài lòng'),
(156, 83, 5, 'khóa học rất tốt '),
(156, 99, 1, 'chán'),
(157, 7, 4, 'giáo viên giảng chậm và dễ hiểu'),
(157, 30, 2, 'không sát với chương trình'),
(157, 57, 4, 'bài giảng hay và dễ hiểu nhưng hơi dài'),
(158, 16, 5, 'giáo viên dạy rất tâm huyết và dễ hiễu'),
(159, 14, 4, 'bài giảng hay và dễ hiểu nhưng hơi dài'),
(159, 22, 0, 'null'),
(159, 31, 2, 'giáo viên nói quá nhanh'),
(159, 51, 5, 'dậy chậm, dễ hiểu, thường xuyên nhắc lại kiến thức'),
(160, 19, 5, 'rất hài lòng'),
(160, 21, 0, 'null'),
(160, 52, 5, 'giáo viên dạy rất tâm huyết và dễ hiễu'),
(160, 98, 1, 'giáo viên dạy không hay'),
(161, 18, 5, 'dậy chậm, dễ hiểu, thường xuyên nhắc lại kiến thức'),
(161, 35, 4, 'giáo viên giảng dễ hiểu ạ'),
(161, 47, 5, 'quá tuyệt vời'),
(161, 73, 2, 'học không hiểu gì cả'),
(161, 107, 4, 'có những kiến thức rất hay'),
(162, 33, 0, 'null'),
(162, 62, 3, 'khá ok'),
(162, 68, 1, 'bài giảng khó hiểu quá'),
(162, 89, 4, 'giáo viên giảng dễ hiểu ạ'),
(163, 8, 2, 'khóa học thiếu ví dụ thực tế'),
(163, 15, 2, 'khóa học thiếu kiến thức'),
(163, 33, 0, 'null'),
(164, 16, 5, 'khóa học này đã cứu em <3'),
(164, 37, 4, 'giáo viên giảng chậm và dễ hiểu'),
(164, 65, 0, 'null'),
(164, 84, 1, 'chán'),
(164, 89, 3, 'giáo viên giảng hay nhưng nói hơi nhanh'),
(165, 29, 4, 'giáo viên giảng dễ hiểu ạ'),
(165, 75, 2, 'chán'),
(165, 98, 5, 'tuyệt vời'),
(166, 20, 2, 'học không hiểu gì cả'),
(166, 27, 3, 'khóa học khá hay'),
(166, 72, 3, 'tạm được'),
(167, 9, 3, 'bài giảng đầy đủ nhưng hơi dài'),
(167, 77, 1, 'khóa học dài dòng và khó hiểu'),
(167, 91, 1, 'khóa học thiếu ví dụ thực tế'),
(168, 6, 4, 'khóa học hay và chi tiết'),
(168, 22, 5, 'rất hài lòng'),
(168, 61, 4, 'giáo viên giảng dễ hiểu ạ'),
(168, 64, 3, 'khá ok'),
(168, 85, 1, 'khóa học thiếu ví dụ thực tế'),
(168, 86, 0, 'null'),
(169, 16, 2, 'khóa học thiếu ví dụ thực tế'),
(169, 40, 5, 'hay quá ạ'),
(170, 17, 2, 'khóa học dài dòng quá'),
(170, 49, 2, 'bài giảng khó hiểu quá'),
(170, 51, 3, 'khóa thiếu một vài kiến thức quan trọng'),
(170, 76, 0, 'null'),
(171, 2, 1, 'khóa học lan man'),
(171, 4, 4, 'chi tiết và dễ hiểu'),
(171, 21, 0, 'null'),
(171, 39, 4, 'good'),
(171, 51, 0, 'null'),
(171, 91, 3, 'cũng được'),
(172, 9, 1, 'khóa học thiếu ví dụ thực tế'),
(172, 51, 3, 'khá ok'),
(172, 99, 3, 'bài giảng đầy đủ nhưng hơi dài'),
(173, 13, 0, 'null'),
(174, 27, 1, 'khóa học lan man'),
(174, 41, 4, 'khóa học khá hay'),
(175, 96, 2, 'giáo viên dạy không hay'),
(176, 55, 0, 'null'),
(176, 107, 5, 'tuyệt vời'),
(177, 38, 0, 'null'),
(177, 74, 3, 'khóa học tạm được'),
(178, 16, 4, 'giáo viên giảng chậm và dễ hiểu'),
(178, 69, 0, 'null'),
(178, 70, 3, 'khá ok'),
(178, 74, 4, 'khóa học hay'),
(178, 76, 2, 'bài giảng khó hiểu quá'),
(178, 102, 4, 'dạy học rất dễ hiểu ạ'),
(179, 25, 1, 'khóa học lan man'),
(179, 39, 1, 'bài giảng khó hiểu quá'),
(179, 67, 1, 'khóa học lan man'),
(179, 89, 4, 'dạy học rất dễ hiểu ạ'),
(179, 103, 4, 'giáo viên giảng chậm và dễ hiểu'),
(180, 17, 4, 'dạy học rất dễ hiểu ạ'),
(180, 64, 5, 'khóa học này đã cứu em <3'),
(180, 72, 3, 'khá ok'),
(180, 79, 2, 'khóa học dài dòng quá'),
(180, 85, 0, 'null'),
(181, 14, 0, 'null'),
(181, 30, 5, 'khóa học này đã cứu em <3'),
(181, 32, 5, 'giáo viên dạy rất tâm huyết và dễ hiễu'),
(181, 94, 2, 'giao viên dạy thiếu trọng tâm'),
(182, 4, 0, 'null'),
(182, 13, 5, 'giáo viên dạy rất tâm huyết và dễ hiễu'),
(182, 16, 3, 'khóa học tạm được'),
(182, 26, 2, 'giáo viên dạy không hay'),
(182, 39, 1, 'khóa học thiếu kiến thức'),
(182, 76, 0, 'null'),
(183, 22, 3, 'khóa học khá hay nhưng hơi dài dòng'),
(183, 43, 2, 'học không hiểu gì cả'),
(183, 57, 4, 'tốt'),
(183, 88, 4, 'chi tiết và dễ hiểu'),
(183, 97, 2, 'bài giảng khó hiểu quá'),
(184, 30, 3, 'khóa học khá tốt'),
(184, 32, 5, 'tuyệt vời'),
(184, 44, 5, 'giáo viên giảng rất dễ hiểu'),
(184, 52, 0, 'null'),
(184, 82, 4, 'dạy học rất dễ hiểu ạ'),
(184, 95, 3, 'tạm được'),
(185, 38, 4, 'khóa học tốt'),
(185, 62, 3, 'giáo viên giảng hay nhưng nói hơi nhanh'),
(185, 67, 1, 'học không hiểu gì cả'),
(185, 81, 5, 'rất hài lòng'),
(185, 83, 3, 'khóa học khá hay'),
(185, 92, 3, 'giáo viên đôi lúc hơi lan man'),
(185, 107, 3, 'tạm được'),
(186, 28, 1, 'giao viên dạy thiếu trọng tâm'),
(186, 41, 0, 'null'),
(186, 105, 2, 'khóa học thiếu ví dụ thực tế'),
(187, 7, 3, 'một số chỗ giáo viên giảng hơi nhanh'),
(187, 11, 2, 'khóa học thiếu kiến thức'),
(187, 25, 1, 'giáo viên nói quá nhanh'),
(187, 69, 4, 'khóa học hay'),
(187, 90, 2, 'khóa học lan man'),
(188, 10, 3, 'khóa học khá hay'),
(188, 31, 2, 'giao viên dạy thiếu trọng tâm'),
(189, 9, 5, 'quá tuyệt vời'),
(189, 14, 0, 'null'),
(189, 97, 3, 'một số chỗ giáo viên giảng hơi nhanh'),
(190, 16, 2, 'không sát với chương trình'),
(190, 30, 1, 'khóa học dài dòng quá'),
(190, 44, 5, 'khóa học rất tốt '),
(190, 85, 5, 'rất hài lòng'),
(191, 2, 1, 'khóa học lan man'),
(191, 12, 1, 'chán'),
(191, 83, 0, 'null'),
(191, 101, 4, 'giáo viên giảng dễ hiểu ạ'),
(192, 25, 5, 'hay quá ạ'),
(192, 44, 5, 'quá tuyệt vời'),
(192, 48, 3, 'khóa học khá tốt'),
(193, 36, 4, 'khóa học tốt'),
(193, 42, 1, 'giao viên dạy thiếu trọng tâm'),
(193, 66, 0, 'null'),
(193, 106, 4, 'khóa học hay'),
(194, 18, 0, 'null'),
(194, 19, 4, 'tốt'),
(194, 35, 3, 'bài giảng đầy đủ nhưng hơi dài'),
(194, 60, 2, 'giáo viên nói quá nhanh'),
(194, 93, 1, 'khóa học thiếu kiến thức'),
(194, 95, 2, 'không sát với chương trình'),
(195, 45, 2, 'khóa học dài dòng và khó hiểu'),
(195, 53, 2, 'khóa học thiếu ví dụ thực tế'),
(195, 73, 0, 'null'),
(195, 92, 0, 'null'),
(196, 68, 0, 'null'),
(196, 71, 2, 'khóa học thiếu ví dụ thực tế'),
(196, 72, 3, 'khóa thiếu một vài kiến thức quan trọng'),
(197, 37, 2, 'bài giảng khó hiểu quá'),
(197, 40, 0, 'null'),
(197, 94, 1, 'học không hiểu gì cả'),
(197, 105, 0, 'null'),
(198, 12, 5, 'giáo viên giảng rất dễ hiểu'),
(198, 17, 4, 'khóa học hay'),
(198, 25, 3, 'khóa thiếu một vài kiến thức quan trọng'),
(198, 26, 4, 'giáo viên giảng dễ hiểu ạ'),
(198, 71, 1, 'không sát với chương trình'),
(198, 86, 1, 'giáo viên nói quá nhanh'),
(198, 98, 1, 'giáo viên nói quá nhanh'),
(199, 23, 1, 'khóa học thiếu ví dụ thực tế'),
(199, 61, 3, 'tạm được'),
(199, 64, 5, 'giáo viên dạy rất tâm huyết và dễ hiễu'),
(199, 71, 3, 'giáo viên đôi lúc hơi lan man'),
(199, 107, 4, 'giáo viên giảng chậm và dễ hiểu'),
(200, 21, 2, 'khóa học lan man'),
(200, 36, 2, 'khóa học thiếu ví dụ thực tế'),
(200, 71, 5, 'tuyệt vời'),
(200, 90, 3, 'bài giảng đầy đủ nhưng hơi dài'),
(201, 64, 5, 'khóa học rất hay'),
(202, 23, 0, 'null'),
(203, 56, 5, 'rất hài lòng'),
(203, 62, 5, 'giáo viên giảng rất dễ hiểu'),
(203, 65, 4, 'tốt'),
(203, 70, 3, 'bài giảng đầy đủ nhưng hơi dài'),
(203, 103, 3, 'khóa học khá tốt'),
(204, 13, 5, 'khóa học này đã cứu em <3'),
(205, 44, 2, 'khóa học dài dòng quá'),
(205, 106, 1, 'giao viên dạy thiếu trọng tâm'),
(206, 39, 4, 'có những kiến thức rất hay'),
(206, 41, 1, 'khóa học lan man'),
(206, 50, 3, 'giáo viên đôi lúc hơi lan man'),
(206, 55, 3, 'khóa học khá hay nhưng hơi dài dòng'),
(206, 103, 4, 'good'),
(207, 33, 1, 'khóa học thiếu kiến thức'),
(207, 45, 1, 'giáo viên nói quá nhanh'),
(207, 57, 5, 'khóa học rất tốt '),
(207, 69, 1, 'khóa học thiếu ví dụ thực tế'),
(207, 98, 5, 'tuyệt vời'),
(207, 105, 4, 'giáo viên giảng dễ hiểu ạ'),
(208, 12, 4, 'good'),
(208, 19, 0, 'null'),
(208, 51, 3, 'khóa học khá tốt'),
(208, 55, 0, 'null'),
(209, 13, 4, 'khóa học hay và chi tiết'),
(210, 14, 5, 'giáo viên dạy rất tâm huyết và dễ hiễu'),
(210, 24, 4, 'khóa học hay'),
(210, 33, 4, 'khóa học hay và chi tiết'),
(210, 46, 4, 'giáo viên giảng dễ hiểu ạ'),
(210, 61, 3, 'một số chỗ giáo viên giảng hơi nhanh'),
(210, 70, 3, 'giáo viên đôi lúc hơi lan man'),
(211, 36, 0, 'null'),
(211, 91, 4, 'khóa học hay'),
(211, 94, 5, 'quá tuyệt vời'),
(212, 14, 2, 'chán'),
(212, 23, 4, 'giáo viên giảng dễ hiểu ạ'),
(212, 74, 1, 'giao viên dạy thiếu trọng tâm'),
(212, 83, 0, 'null'),
(213, 19, 5, 'giáo viên dạy rất tâm huyết và dễ hiễu'),
(213, 22, 3, 'khóa học tạm được'),
(213, 23, 1, 'khóa học thiếu ví dụ thực tế'),
(213, 36, 3, 'giáo viên giảng hay nhưng nói hơi nhanh'),
(213, 72, 2, 'khóa học lan man'),
(213, 77, 0, 'null'),
(214, 35, 3, 'khá ok'),
(214, 72, 4, 'giáo viên giảng hay ạ'),
(214, 93, 0, 'null'),
(215, 86, 4, 'bài giảng hay và dễ hiểu nhưng hơi dài'),
(216, 5, 0, 'null'),
(216, 22, 4, 'giáo viên giảng hay ạ'),
(216, 25, 0, 'null'),
(216, 65, 5, 'giáo viên dạy rất tâm huyết và dễ hiễu'),
(216, 100, 5, 'quá tuyệt vời'),
(217, 3, 0, 'null'),
(217, 5, 4, 'dạy học rất dễ hiểu ạ'),
(217, 45, 1, 'bài giảng khó hiểu quá'),
(217, 68, 0, 'null'),
(217, 78, 5, 'tuyệt vời'),
(217, 84, 0, 'null'),
(217, 87, 5, 'khóa học rất hay'),
(217, 93, 5, 'dậy chậm, dễ hiểu, thường xuyên nhắc lại kiến thức'),
(217, 103, 3, 'giáo viên giảng hay nhưng nói hơi nhanh'),
(218, 16, 0, 'null'),
(218, 25, 0, 'null'),
(218, 37, 0, 'null'),
(218, 44, 2, 'học không hiểu gì cả'),
(219, 53, 0, 'null'),
(220, 6, 2, 'khóa học thiếu kiến thức'),
(220, 68, 5, 'giáo viên dạy rất tâm huyết và dễ hiễu'),
(220, 84, 4, 'giáo viên giảng dễ hiểu ạ'),
(221, 17, 0, 'null'),
(221, 35, 3, 'cũng được'),
(221, 42, 4, 'bài giảng hay và dễ hiểu nhưng hơi dài'),
(221, 45, 0, 'null'),
(221, 48, 2, 'không sát với chương trình'),
(221, 67, 1, 'không sát với chương trình'),
(222, 1, 4, 'chi tiết và dễ hiểu'),
(222, 11, 0, 'null'),
(222, 70, 4, 'khóa học tốt'),
(223, 18, 5, 'quá tuyệt vời'),
(223, 21, 3, 'khóa học hơi ngắn'),
(223, 24, 1, 'giáo viên nói quá nhanh'),
(224, 3, 0, 'null'),
(224, 81, 0, 'null'),
(225, 23, 0, 'null'),
(226, 3, 3, 'khóa học khá hay nhưng hơi dài dòng'),
(226, 31, 3, 'giáo viên giảng hay nhưng nói hơi nhanh'),
(226, 43, 1, 'bài giảng khó hiểu quá'),
(226, 102, 2, 'chán'),
(227, 98, 3, 'khóa thiếu một vài kiến thức quan trọng'),
(228, 20, 1, 'giao viên dạy thiếu trọng tâm'),
(228, 23, 3, 'giáo viên đôi lúc hơi lan man'),
(228, 46, 3, 'khóa học khá tốt'),
(228, 74, 2, 'khóa học dài dòng quá'),
(228, 84, 3, 'tạm được'),
(228, 89, 2, 'giáo viên dạy không hay'),
(229, 39, 2, 'khóa học thiếu ví dụ thực tế'),
(229, 92, 4, 'giáo viên giảng hay ạ'),
(230, 4, 5, 'hay quá ạ'),
(230, 15, 4, 'khóa học hay'),
(230, 24, 1, 'khóa học dài dòng quá'),
(230, 43, 1, 'giao viên dạy thiếu trọng tâm'),
(230, 68, 3, 'giáo viên đôi lúc hơi lan man'),
(231, 16, 5, 'tuyệt vời'),
(231, 39, 1, 'bài giảng khó hiểu quá'),
(231, 47, 3, 'khóa học tạm được'),
(231, 84, 0, 'null'),
(231, 102, 5, 'khóa học này đã cứu em <3'),
(232, 39, 4, 'có những kiến thức rất hay'),
(232, 51, 0, 'null'),
(232, 57, 1, 'khóa học thiếu kiến thức'),
(232, 63, 1, 'khóa học dài dòng quá'),
(232, 103, 4, 'giáo viên giảng chậm và dễ hiểu'),
(233, 22, 2, 'khóa học dài dòng quá'),
(233, 29, 5, 'quá tuyệt vời'),
(233, 33, 3, 'khóa học khá hay'),
(233, 52, 0, 'null'),
(234, 6, 0, 'null'),
(234, 45, 2, 'giáo viên nói quá nhanh'),
(234, 48, 4, 'tốt'),
(234, 86, 2, 'học không hiểu gì cả'),
(234, 91, 5, 'hay quá ạ'),
(235, 1, 0, 'null'),
(235, 24, 3, 'bài giảng đầy đủ nhưng hơi dài'),
(235, 25, 0, 'null'),
(235, 94, 0, 'null'),
(236, 11, 4, 'chi tiết và dễ hiểu'),
(236, 36, 1, 'bài giảng khó hiểu quá'),
(236, 58, 3, 'khá ok'),
(236, 64, 3, 'khóa học khá hay nhưng hơi dài dòng'),
(236, 67, 5, 'khóa học rất tốt '),
(236, 99, 2, 'chán'),
(237, 16, 2, 'khóa học dài dòng và khó hiểu'),
(237, 27, 4, 'good'),
(237, 75, 2, 'chán'),
(237, 103, 0, 'null'),
(238, 19, 5, 'tuyệt vời'),
(238, 57, 4, 'có những kiến thức rất hay'),
(239, 25, 0, 'null'),
(239, 54, 4, 'giáo viên giảng dễ hiểu ạ'),
(239, 88, 0, 'null'),
(239, 91, 4, 'chi tiết và dễ hiểu'),
(240, 45, 0, 'null'),
(241, 20, 3, 'khóa học khá hay nhưng hơi dài dòng'),
(241, 57, 0, 'null'),
(241, 79, 1, 'giáo viên dạy không hay'),
(241, 102, 4, 'giáo viên giảng chậm và dễ hiểu'),
(242, 6, 2, 'chán'),
(242, 12, 2, 'khóa học dài dòng quá'),
(242, 46, 4, 'khóa học hay'),
(242, 66, 1, 'khóa học lan man'),
(243, 7, 0, 'null'),
(243, 18, 4, 'good'),
(243, 49, 5, 'rất hài lòng'),
(244, 22, 2, 'giáo viên dạy không hay'),
(244, 28, 0, 'null'),
(244, 68, 1, 'khóa học thiếu kiến thức'),
(244, 74, 3, 'khóa học hơi ngắn'),
(244, 99, 3, 'khóa học khá hay nhưng hơi dài dòng'),
(244, 104, 0, 'null'),
(244, 107, 4, 'có những kiến thức rất hay'),
(245, 13, 0, 'null'),
(245, 14, 4, 'giáo viên giảng chậm và dễ hiểu'),
(245, 29, 1, 'khóa học dài dòng và khó hiểu'),
(245, 58, 4, 'dạy học rất dễ hiểu ạ'),
(245, 65, 1, 'giao viên dạy thiếu trọng tâm'),
(245, 78, 5, 'khóa học này đã cứu em <3'),
(245, 90, 3, 'giáo viên giảng hay nhưng nói hơi nhanh'),
(246, 20, 5, 'quá tuyệt vời'),
(246, 78, 3, 'tạm được'),
(247, 31, 5, 'tuyệt vời'),
(247, 36, 1, 'giáo viên nói quá nhanh'),
(247, 84, 5, 'dậy chậm, dễ hiểu, thường xuyên nhắc lại kiến thức'),
(247, 103, 2, 'khóa học lan man'),
(248, 10, 4, 'good'),
(248, 21, 1, 'giáo viên nói quá nhanh'),
(248, 31, 1, 'bài giảng khó hiểu quá'),
(248, 41, 5, 'khóa học này đã cứu em <3'),
(248, 42, 1, 'khóa học thiếu ví dụ thực tế'),
(248, 46, 4, 'giáo viên giảng hay ạ'),
(248, 62, 4, 'giáo viên giảng dễ hiểu ạ'),
(248, 97, 5, 'giáo viên dạy rất tâm huyết và dễ hiễu'),
(249, 5, 4, 'có những kiến thức rất hay'),
(249, 7, 5, 'tuyệt vời'),
(249, 47, 1, 'giáo viên dạy không hay'),
(249, 70, 0, 'null'),
(249, 82, 1, 'bài giảng khó hiểu quá'),
(250, 13, 2, 'giao viên dạy thiếu trọng tâm'),
(250, 37, 5, 'rất hài lòng'),
(250, 45, 5, 'khóa học rất hay'),
(250, 97, 2, 'khóa học dài dòng quá'),
(250, 101, 0, 'null'),
(251, 2, 0, 'null'),
(251, 20, 2, 'bài giảng khó hiểu quá'),
(251, 32, 4, 'khóa học tốt'),
(251, 62, 3, 'cũng được'),
(251, 69, 0, 'null'),
(252, 11, 4, 'khóa học tốt'),
(252, 35, 1, 'khóa học dài dòng quá'),
(252, 67, 0, 'null'),
(252, 75, 1, 'khóa học thiếu kiến thức'),
(252, 86, 1, 'bài giảng khó hiểu quá'),
(252, 92, 1, 'giáo viên nói quá nhanh'),
(252, 103, 1, 'khóa học lan man'),
(253, 28, 4, 'good'),
(254, 21, 0, 'null'),
(254, 52, 4, 'khóa học khá hay'),
(254, 65, 1, 'khóa học thiếu kiến thức'),
(255, 15, 3, 'tạm được'),
(255, 46, 2, 'khóa học dài dòng và khó hiểu'),
(255, 58, 2, 'khóa học dài dòng quá'),
(255, 82, 5, 'rất hài lòng'),
(256, 50, 2, 'giao viên dạy thiếu trọng tâm'),
(256, 58, 4, 'khóa học hay'),
(256, 65, 2, 'giáo viên nói quá nhanh'),
(256, 76, 4, 'khóa học khá hay'),
(256, 90, 4, 'dạy học rất dễ hiểu ạ'),
(256, 105, 2, 'giáo viên nói quá nhanh'),
(257, 14, 0, 'null'),
(257, 20, 5, 'tuyệt vời'),
(257, 32, 3, 'bài giảng đầy đủ nhưng hơi dài'),
(257, 74, 4, 'dạy học rất dễ hiểu ạ'),
(257, 77, 1, 'giao viên dạy thiếu trọng tâm'),
(257, 97, 4, 'giáo viên giảng dễ hiểu ạ'),
(258, 37, 4, 'khóa học hay và chi tiết'),
(258, 46, 3, 'khóa học khá tốt'),
(258, 53, 2, 'học không hiểu gì cả'),
(258, 74, 0, 'null'),
(258, 98, 0, 'null'),
(258, 101, 0, 'null'),
(259, 51, 1, 'chán'),
(259, 86, 4, 'chi tiết và dễ hiểu'),
(260, 63, 5, 'giáo viên giảng rất dễ hiểu'),
(260, 76, 3, 'giáo viên giảng hay nhưng nói hơi nhanh'),
(261, 10, 1, 'khóa học thiếu kiến thức'),
(261, 14, 5, 'hay quá ạ'),
(261, 44, 0, 'null'),
(261, 85, 4, 'giáo viên giảng dễ hiểu ạ'),
(261, 90, 5, 'dậy chậm, dễ hiểu, thường xuyên nhắc lại kiến thức'),
(262, 30, 0, 'null'),
(262, 43, 1, 'giáo viên dạy không hay'),
(262, 68, 4, 'giáo viên giảng dễ hiểu ạ'),
(262, 84, 0, 'null'),
(263, 2, 1, 'bài giảng khó hiểu quá'),
(263, 21, 2, 'khóa học thiếu ví dụ thực tế'),
(263, 95, 1, 'không sát với chương trình'),
(263, 97, 5, 'khóa học này đã cứu em <3'),
(265, 26, 2, 'giáo viên nói quá nhanh'),
(265, 40, 0, 'null'),
(265, 51, 2, 'giáo viên dạy không hay'),
(265, 72, 5, 'khóa học rất hay'),
(265, 85, 5, 'khóa học rất hay'),
(265, 88, 3, 'giáo viên đôi lúc hơi lan man'),
(266, 18, 1, 'khóa học dài dòng quá'),
(266, 20, 3, 'khóa thiếu một vài kiến thức quan trọng'),
(266, 49, 3, 'khóa học khá hay'),
(266, 64, 5, 'khóa học rất hay'),
(266, 86, 1, 'khóa học thiếu kiến thức'),
(266, 89, 2, 'giao viên dạy thiếu trọng tâm'),
(267, 105, 2, 'học không hiểu gì cả'),
(268, 2, 2, 'giáo viên dạy không hay'),
(268, 50, 0, 'null'),
(268, 89, 3, 'cũng được'),
(268, 99, 3, 'giáo viên giảng hay nhưng nói hơi nhanh'),
(269, 1, 2, 'khóa học thiếu ví dụ thực tế'),
(269, 5, 1, 'học không hiểu gì cả'),
(269, 81, 5, 'giáo viên dạy rất tâm huyết và dễ hiễu'),
(270, 9, 3, 'khóa học khá hay'),
(270, 26, 3, 'khóa học tạm được'),
(270, 41, 4, 'bài giảng hay và dễ hiểu nhưng hơi dài'),
(270, 47, 3, 'cũng được'),
(270, 78, 0, 'null'),
(271, 69, 1, 'khóa học thiếu ví dụ thực tế'),
(272, 10, 0, 'null'),
(272, 18, 3, 'giáo viên giảng hay nhưng nói hơi nhanh'),
(272, 26, 3, 'khóa học hơi ngắn'),
(272, 69, 1, 'khóa học thiếu ví dụ thực tế'),
(272, 70, 2, 'khóa học dài dòng quá'),
(273, 10, 4, 'tốt'),
(273, 14, 0, 'null'),
(273, 78, 2, 'giáo viên dạy không hay'),
(273, 88, 1, 'giao viên dạy thiếu trọng tâm'),
(273, 97, 3, 'giáo viên giảng hay nhưng nói hơi nhanh'),
(273, 102, 2, 'khóa học thiếu ví dụ thực tế'),
(274, 25, 5, 'giáo viên giảng rất dễ hiểu'),
(274, 35, 2, 'khóa học thiếu kiến thức'),
(274, 64, 5, 'khóa học rất hay'),
(274, 73, 4, 'bài giảng hay và dễ hiểu nhưng hơi dài'),
(274, 99, 5, 'khóa học rất tốt '),
(275, 12, 1, 'khóa học dài dòng quá'),
(275, 13, 3, 'khóa học khá hay'),
(275, 49, 1, 'bài giảng khó hiểu quá'),
(275, 55, 3, 'cũng được'),
(275, 86, 0, 'null'),
(276, 3, 4, 'khóa học hay'),
(276, 66, 3, 'khóa học khá hay'),
(276, 97, 3, 'tạm được'),
(276, 98, 1, 'giáo viên nói quá nhanh'),
(277, 18, 0, 'null'),
(277, 19, 1, 'khóa học thiếu ví dụ thực tế'),
(277, 94, 1, 'khóa học dài dòng và khó hiểu'),
(278, 12, 2, 'khóa học dài dòng và khó hiểu'),
(278, 53, 1, 'giao viên dạy thiếu trọng tâm'),
(278, 92, 3, 'một số chỗ giáo viên giảng hơi nhanh'),
(278, 107, 4, 'tốt'),
(279, 15, 4, 'giáo viên giảng hay ạ'),
(279, 23, 1, 'giáo viên nói quá nhanh'),
(279, 26, 3, 'khóa thiếu một vài kiến thức quan trọng'),
(279, 78, 3, 'khá ok'),
(279, 84, 2, 'khóa học dài dòng và khó hiểu'),
(280, 23, 4, 'có những kiến thức rất hay'),
(280, 64, 4, 'chi tiết và dễ hiểu'),
(281, 6, 5, 'giáo viên dạy rất tâm huyết và dễ hiễu'),
(281, 56, 5, 'giáo viên dạy rất tâm huyết và dễ hiễu'),
(281, 62, 2, 'không sát với chương trình'),
(281, 66, 2, 'khóa học thiếu ví dụ thực tế'),
(281, 74, 2, 'khóa học lan man'),
(282, 67, 1, 'khóa học dài dòng quá'),
(282, 83, 5, 'tuyệt vời'),
(282, 103, 3, 'khóa học tạm được'),
(282, 105, 5, 'khóa học rất tốt '),
(283, 30, 1, 'giáo viên dạy không hay'),
(283, 53, 0, 'null'),
(283, 104, 0, 'null'),
(284, 63, 4, 'good'),
(285, 4, 1, 'giao viên dạy thiếu trọng tâm'),
(285, 26, 4, 'bài giảng hay và dễ hiểu nhưng hơi dài'),
(285, 66, 5, 'khóa học rất tốt '),
(285, 80, 1, 'khóa học thiếu kiến thức'),
(285, 90, 1, 'khóa học thiếu kiến thức'),
(285, 93, 1, 'giáo viên nói quá nhanh'),
(285, 101, 4, 'khóa học hay và chi tiết'),
(286, 58, 4, 'giáo viên giảng dễ hiểu ạ'),
(286, 75, 5, 'khóa học rất hay'),
(287, 63, 3, 'khóa học khá hay nhưng hơi dài dòng'),
(287, 106, 3, 'cũng được'),
(288, 20, 4, 'khóa học hay và chi tiết'),
(288, 21, 3, 'tạm được'),
(288, 22, 5, 'rất hài lòng'),
(288, 37, 1, 'giáo viên dạy không hay'),
(288, 55, 3, 'cũng được'),
(288, 70, 5, 'tuyệt vời'),
(288, 85, 4, 'giáo viên giảng chậm và dễ hiểu'),
(288, 101, 5, 'hay quá ạ'),
(289, 69, 3, 'khá ok'),
(289, 82, 5, 'dậy chậm, dễ hiểu, thường xuyên nhắc lại kiến thức'),
(290, 10, 3, 'khóa học tạm được'),
(290, 73, 1, 'khóa học thiếu kiến thức'),
(290, 87, 4, 'giáo viên giảng dễ hiểu ạ'),
(291, 95, 0, 'null'),
(292, 36, 3, 'tạm được'),
(292, 41, 0, 'null'),
(292, 53, 5, 'giáo viên giảng rất dễ hiểu'),
(292, 60, 0, 'null'),
(292, 64, 1, 'khóa học dài dòng và khó hiểu'),
(292, 65, 4, 'giáo viên giảng chậm và dễ hiểu'),
(292, 72, 1, 'giao viên dạy thiếu trọng tâm'),
(292, 89, 1, 'bài giảng khó hiểu quá'),
(293, 8, 2, 'khóa học thiếu ví dụ thực tế'),
(293, 43, 2, 'bài giảng khó hiểu quá'),
(293, 71, 3, 'khóa học khá hay nhưng hơi dài dòng'),
(293, 84, 0, 'null'),
(293, 87, 3, 'khóa học tạm được'),
(293, 105, 5, 'giáo viên dạy rất tâm huyết và dễ hiễu'),
(294, 23, 2, 'không sát với chương trình'),
(294, 27, 1, 'khóa học thiếu ví dụ thực tế'),
(294, 28, 3, 'khóa học hơi ngắn'),
(294, 35, 3, 'khóa học khá tốt'),
(294, 66, 1, 'khóa học thiếu ví dụ thực tế'),
(294, 103, 5, 'khóa học rất tốt '),
(295, 7, 1, 'khóa học thiếu ví dụ thực tế'),
(295, 21, 3, 'khá ok'),
(295, 23, 2, 'khóa học dài dòng quá'),
(295, 40, 1, 'bài giảng khó hiểu quá'),
(295, 49, 1, 'giao viên dạy thiếu trọng tâm'),
(295, 76, 0, 'null'),
(296, 10, 4, 'có những kiến thức rất hay'),
(296, 11, 1, 'khóa học lan man'),
(296, 84, 1, 'khóa học dài dòng quá'),
(296, 106, 0, 'null'),
(297, 10, 4, 'giáo viên giảng chậm và dễ hiểu'),
(297, 38, 4, 'tốt'),
(297, 64, 0, 'null'),
(297, 94, 1, 'bài giảng khó hiểu quá'),
(297, 107, 3, 'khóa học khá tốt'),
(298, 19, 3, 'một số chỗ giáo viên giảng hơi nhanh'),
(298, 56, 2, 'khóa học dài dòng và khó hiểu'),
(298, 85, 1, 'khóa học dài dòng và khó hiểu'),
(298, 90, 1, 'giáo viên nói quá nhanh'),
(300, 52, 4, 'tốt'),
(300, 61, 1, 'học không hiểu gì cả'),
(300, 73, 5, 'giáo viên dạy rất tâm huyết và dễ hiễu'),
(300, 83, 3, 'khóa thiếu một vài kiến thức quan trọng'),
(300, 92, 0, 'null'),
(301, 21, 4, 'khóa học khá hay'),
(301, 99, 3, 'khá ok'),
(302, 22, 1, 'chán'),
(303, 21, 2, 'khóa học dài dòng và khó hiểu'),
(303, 22, 4, 'giáo viên giảng dễ hiểu ạ'),
(303, 49, 2, 'học không hiểu gì cả'),
(303, 84, 2, 'khóa học dài dòng quá'),
(303, 85, 1, 'học không hiểu gì cả'),
(303, 94, 2, 'khóa học lan man'),
(304, 23, 5, 'khóa học này đã cứu em <3'),
(304, 55, 3, 'tạm được'),
(304, 56, 0, 'null'),
(304, 63, 2, 'bài giảng khó hiểu quá'),
(305, 20, 1, 'không sát với chương trình'),
(305, 41, 3, 'một số chỗ giáo viên giảng hơi nhanh'),
(305, 47, 4, 'khóa học hay và chi tiết'),
(305, 52, 1, 'giáo viên nói quá nhanh'),
(306, 51, 4, 'dạy học rất dễ hiểu ạ'),
(306, 54, 1, 'chán'),
(307, 27, 5, 'dậy chậm, dễ hiểu, thường xuyên nhắc lại kiến thức'),
(307, 45, 5, 'rất hài lòng'),
(308, 8, 5, 'rất hài lòng'),
(308, 83, 5, 'giáo viên giảng rất dễ hiểu'),
(309, 20, 4, 'dạy học rất dễ hiểu ạ'),
(309, 45, 4, 'khóa học tốt'),
(310, 14, 2, 'khóa học thiếu kiến thức'),
(310, 19, 1, 'giao viên dạy thiếu trọng tâm'),
(310, 106, 1, 'khóa học dài dòng quá'),
(311, 2, 1, 'giáo viên nói quá nhanh'),
(311, 25, 0, 'null'),
(311, 26, 3, 'khóa học hơi ngắn'),
(311, 88, 3, 'khóa học khá hay'),
(312, 64, 0, 'null'),
(312, 100, 2, 'giáo viên dạy không hay'),
(313, 44, 5, 'dậy chậm, dễ hiểu, thường xuyên nhắc lại kiến thức'),
(313, 45, 3, 'khóa thiếu một vài kiến thức quan trọng'),
(313, 47, 3, 'khóa học khá hay nhưng hơi dài dòng'),
(313, 71, 0, 'null'),
(313, 83, 4, 'khóa học hay và chi tiết'),
(314, 1, 3, 'tạm được'),
(314, 58, 1, 'giáo viên nói quá nhanh'),
(314, 60, 5, 'khóa học rất hay'),
(314, 105, 0, 'null'),
(315, 4, 4, 'chi tiết và dễ hiểu'),
(315, 53, 3, 'khóa học khá tốt'),
(315, 74, 5, 'giáo viên dạy rất tâm huyết và dễ hiễu'),
(315, 92, 2, 'chán'),
(316, 12, 0, 'null'),
(317, 18, 1, 'chán'),
(317, 35, 5, 'khóa học rất tốt '),
(317, 47, 2, 'không sát với chương trình'),
(317, 74, 1, 'khóa học dài dòng và khó hiểu'),
(317, 100, 2, 'chán'),
(317, 105, 3, 'một số chỗ giáo viên giảng hơi nhanh'),
(318, 22, 2, 'khóa học thiếu kiến thức'),
(318, 41, 2, 'bài giảng khó hiểu quá'),
(318, 54, 4, 'khóa học tốt'),
(318, 72, 5, 'giáo viên giảng rất dễ hiểu'),
(318, 93, 0, 'null'),
(319, 25, 3, 'một số chỗ giáo viên giảng hơi nhanh'),
(319, 26, 0, 'null'),
(319, 45, 3, 'tạm được'),
(320, 7, 0, 'null'),
(321, 11, 5, 'rất hài lòng'),
(321, 84, 5, 'rất hài lòng'),
(322, 4, 2, 'giáo viên dạy không hay'),
(322, 62, 1, 'khóa học dài dòng quá'),
(322, 78, 0, 'null'),
(322, 88, 3, 'khá ok'),
(322, 95, 4, 'khóa học hay và chi tiết'),
(323, 20, 3, 'khóa học khá tốt'),
(323, 40, 2, 'khóa học lan man'),
(324, 5, 3, 'khóa học tạm được'),
(324, 36, 0, 'null'),
(324, 42, 3, 'khóa học khá tốt'),
(324, 103, 4, 'dạy học rất dễ hiểu ạ'),
(325, 28, 1, 'khóa học lan man'),
(325, 37, 1, 'khóa học dài dòng và khó hiểu'),
(325, 61, 0, 'null'),
(326, 3, 0, 'null'),
(326, 9, 3, 'bài giảng đầy đủ nhưng hơi dài'),
(326, 42, 4, 'giáo viên giảng hay ạ'),
(326, 47, 3, 'bài giảng đầy đủ nhưng hơi dài'),
(326, 51, 5, 'dậy chậm, dễ hiểu, thường xuyên nhắc lại kiến thức'),
(327, 71, 0, 'null'),
(327, 86, 4, 'giáo viên giảng chậm và dễ hiểu'),
(328, 49, 0, 'null'),
(328, 96, 2, 'giáo viên dạy không hay'),
(329, 3, 0, 'null'),
(329, 5, 3, 'cũng được'),
(329, 21, 1, 'chán'),
(329, 42, 5, 'rất hài lòng'),
(329, 55, 2, 'giáo viên dạy không hay'),
(330, 20, 5, 'quá tuyệt vời'),
(330, 58, 5, 'giáo viên giảng rất dễ hiểu'),
(330, 85, 3, 'giáo viên đôi lúc hơi lan man'),
(331, 44, 4, 'tốt'),
(331, 64, 3, 'giáo viên đôi lúc hơi lan man'),
(331, 73, 2, 'chán'),
(332, 21, 0, 'null'),
(332, 24, 2, 'giáo viên dạy không hay'),
(332, 28, 3, 'khá ok'),
(332, 104, 5, 'khóa học rất hay'),
(333, 27, 1, 'giao viên dạy thiếu trọng tâm'),
(333, 29, 1, 'chán'),
(333, 37, 3, 'khóa thiếu một vài kiến thức quan trọng'),
(333, 46, 5, 'khóa học rất tốt '),
(333, 61, 3, 'khóa học tạm được'),
(333, 89, 2, 'khóa học dài dòng và khó hiểu'),
(334, 2, 4, 'giáo viên giảng chậm và dễ hiểu'),
(334, 3, 1, 'giao viên dạy thiếu trọng tâm'),
(334, 13, 3, 'giáo viên giảng hay nhưng nói hơi nhanh'),
(334, 49, 0, 'null'),
(334, 63, 2, 'bài giảng khó hiểu quá'),
(334, 99, 4, 'tốt'),
(335, 36, 2, 'khóa học thiếu kiến thức'),
(336, 1, 1, 'khóa học dài dòng quá'),
(336, 57, 1, 'khóa học dài dòng và khó hiểu'),
(336, 66, 0, 'null'),
(336, 68, 3, 'giáo viên đôi lúc hơi lan man'),
(336, 74, 2, 'khóa học dài dòng và khó hiểu'),
(336, 94, 3, 'khóa học tạm được'),
(337, 63, 1, 'khóa học thiếu kiến thức'),
(337, 84, 3, 'cũng được'),
(337, 95, 2, 'giáo viên nói quá nhanh'),
(338, 2, 3, 'giáo viên đôi lúc hơi lan man'),
(338, 67, 3, 'khóa học khá hay nhưng hơi dài dòng'),
(339, 75, 2, 'khóa học dài dòng và khó hiểu'),
(339, 104, 4, 'good'),
(340, 17, 2, 'khóa học thiếu kiến thức'),
(340, 21, 0, 'null'),
(340, 22, 2, 'khóa học dài dòng quá'),
(340, 40, 4, 'khóa học tốt'),
(340, 48, 1, 'khóa học thiếu kiến thức'),
(340, 82, 3, 'khóa thiếu một vài kiến thức quan trọng'),
(340, 105, 4, 'khóa học tốt'),
(341, 21, 5, 'giáo viên giảng rất dễ hiểu'),
(341, 37, 4, 'giáo viên giảng dễ hiểu ạ'),
(341, 40, 4, 'khóa học tốt'),
(341, 60, 0, 'null'),
(341, 92, 4, 'tốt'),
(341, 96, 1, 'chán'),
(342, 27, 0, 'null'),
(342, 73, 1, 'khóa học thiếu ví dụ thực tế'),
(342, 92, 3, 'khóa học khá tốt'),
(343, 61, 0, 'null'),
(343, 80, 0, 'null'),
(343, 82, 4, 'khóa học khá hay'),
(343, 86, 5, 'rất hài lòng'),
(343, 96, 2, 'giáo viên dạy không hay'),
(344, 54, 1, 'khóa học dài dòng và khó hiểu'),
(344, 59, 1, 'bài giảng khó hiểu quá'),
(344, 78, 1, 'chán'),
(344, 95, 4, 'tốt'),
(344, 100, 2, 'khóa học dài dòng và khó hiểu'),
(345, 24, 2, 'khóa học thiếu ví dụ thực tế'),
(345, 47, 3, 'tạm được'),
(345, 77, 3, 'giáo viên giảng hay nhưng nói hơi nhanh'),
(345, 104, 3, 'cũng được'),
(346, 1, 3, 'giáo viên giảng hay nhưng nói hơi nhanh'),
(346, 4, 2, 'khóa học dài dòng và khó hiểu'),
(346, 5, 2, 'khóa học lan man'),
(346, 8, 1, 'giao viên dạy thiếu trọng tâm'),
(346, 79, 0, 'null'),
(347, 83, 3, 'bài giảng đầy đủ nhưng hơi dài'),
(348, 22, 0, 'null'),
(348, 25, 3, 'giáo viên giảng hay nhưng nói hơi nhanh'),
(348, 73, 0, 'null'),
(348, 76, 5, 'khóa học rất hay'),
(348, 89, 2, 'khóa học dài dòng quá'),
(349, 19, 5, 'tuyệt vời'),
(349, 31, 4, 'khóa học khá hay'),
(349, 39, 0, 'null'),
(349, 46, 5, 'rất hài lòng'),
(349, 48, 0, 'null'),
(350, 26, 0, 'null'),
(350, 44, 5, 'quá tuyệt vời'),
(350, 81, 0, 'null'),
(350, 82, 4, 'khóa học tốt'),
(350, 93, 2, 'khóa học dài dòng quá'),
(351, 29, 2, 'giao viên dạy thiếu trọng tâm'),
(351, 34, 2, 'khóa học lan man'),
(351, 53, 2, 'giáo viên dạy không hay'),
(351, 58, 1, 'học không hiểu gì cả'),
(351, 103, 4, 'khóa học tốt'),
(352, 61, 1, 'bài giảng khó hiểu quá'),
(352, 64, 1, 'giáo viên nói quá nhanh'),
(352, 98, 0, 'null'),
(352, 103, 1, 'học không hiểu gì cả'),
(353, 39, 0, 'null'),
(353, 46, 0, 'null'),
(353, 86, 0, 'null'),
(353, 97, 0, 'null'),
(353, 99, 3, 'cũng được'),
(354, 26, 0, 'null'),
(354, 104, 0, 'null'),
(355, 1, 3, 'khóa học khá tốt'),
(355, 15, 0, 'null'),
(355, 40, 0, 'null'),
(355, 45, 5, 'giáo viên giảng rất dễ hiểu'),
(355, 46, 2, 'không sát với chương trình'),
(355, 92, 0, 'null'),
(356, 1, 3, 'khóa học hơi ngắn'),
(356, 38, 4, 'good'),
(356, 63, 4, 'giáo viên giảng dễ hiểu ạ'),
(356, 81, 2, 'chán'),
(356, 93, 2, 'giáo viên dạy không hay'),
(356, 105, 1, 'chán'),
(358, 45, 1, 'khóa học dài dòng quá'),
(358, 49, 2, 'khóa học dài dòng và khó hiểu'),
(358, 105, 5, 'hay quá ạ'),
(358, 107, 5, 'rất hài lòng'),
(359, 40, 2, 'giáo viên nói quá nhanh'),
(359, 106, 2, 'khóa học lan man'),
(360, 42, 3, 'khóa học khá hay'),
(360, 79, 4, 'khóa học hay và chi tiết'),
(361, 12, 4, 'giáo viên giảng hay ạ'),
(361, 57, 1, 'khóa học dài dòng quá'),
(362, 15, 1, 'không sát với chương trình'),
(362, 22, 2, 'bài giảng khó hiểu quá'),
(362, 26, 4, 'good'),
(362, 98, 2, 'giao viên dạy thiếu trọng tâm'),
(363, 10, 1, 'học không hiểu gì cả'),
(363, 55, 5, 'quá tuyệt vời'),
(363, 85, 4, 'chi tiết và dễ hiểu'),
(363, 102, 3, 'bài giảng đầy đủ nhưng hơi dài'),
(364, 5, 0, 'null'),
(364, 44, 5, 'quá tuyệt vời'),
(364, 69, 4, 'có những kiến thức rất hay'),
(364, 74, 4, 'có những kiến thức rất hay'),
(364, 103, 5, 'khóa học này đã cứu em <3'),
(365, 44, 2, 'giao viên dạy thiếu trọng tâm'),
(365, 51, 1, 'khóa học thiếu ví dụ thực tế'),
(365, 74, 4, 'khóa học hay'),
(366, 20, 3, 'giáo viên đôi lúc hơi lan man'),
(366, 30, 0, 'null'),
(366, 38, 3, 'khóa học hơi ngắn'),
(366, 41, 1, 'giáo viên nói quá nhanh'),
(366, 84, 0, 'null'),
(366, 100, 5, 'dậy chậm, dễ hiểu, thường xuyên nhắc lại kiến thức'),
(367, 31, 0, 'null'),
(367, 38, 5, 'khóa học này đã cứu em <3'),
(367, 80, 1, 'chán'),
(368, 26, 2, 'giáo viên nói quá nhanh'),
(369, 4, 3, 'khóa thiếu một vài kiến thức quan trọng'),
(369, 53, 0, 'null'),
(369, 107, 1, 'học không hiểu gì cả'),
(370, 4, 2, 'học không hiểu gì cả'),
(370, 17, 5, 'khóa học này đã cứu em <3'),
(370, 23, 0, 'null'),
(370, 56, 4, 'giáo viên giảng dễ hiểu ạ'),
(370, 57, 3, 'khóa học khá hay nhưng hơi dài dòng'),
(371, 7, 4, 'good'),
(371, 23, 1, 'không sát với chương trình'),
(371, 27, 0, 'null'),
(371, 62, 3, 'tạm được'),
(371, 71, 1, 'giáo viên dạy không hay'),
(371, 84, 1, 'chán'),
(371, 96, 4, 'dạy học rất dễ hiểu ạ'),
(372, 7, 2, 'khóa học lan man'),
(372, 10, 0, 'null'),
(372, 49, 0, 'null'),
(372, 76, 3, 'tạm được'),
(372, 77, 4, 'chi tiết và dễ hiểu'),
(372, 89, 2, 'không sát với chương trình'),
(373, 78, 2, 'giao viên dạy thiếu trọng tâm'),
(373, 87, 3, 'khá ok'),
(373, 91, 0, 'null'),
(373, 100, 5, 'khóa học này đã cứu em <3'),
(374, 1, 1, 'khóa học thiếu ví dụ thực tế'),
(374, 16, 0, 'null'),
(374, 79, 1, 'chán'),
(374, 89, 4, 'có những kiến thức rất hay'),
(375, 72, 5, 'tuyệt vời'),
(375, 84, 5, 'khóa học rất hay'),
(376, 36, 5, 'khóa học rất hay'),
(376, 53, 0, 'null'),
(376, 56, 1, 'khóa học thiếu ví dụ thực tế'),
(376, 68, 0, 'null'),
(376, 98, 1, 'khóa học dài dòng quá'),
(377, 38, 3, 'khóa học hơi ngắn'),
(377, 49, 4, 'dạy học rất dễ hiểu ạ'),
(378, 38, 5, 'quá tuyệt vời'),
(378, 46, 3, 'khá ok'),
(378, 55, 2, 'khóa học thiếu kiến thức'),
(378, 87, 0, 'null'),
(379, 6, 1, 'học không hiểu gì cả'),
(379, 76, 0, 'null'),
(379, 92, 5, 'khóa học rất hay'),
(379, 97, 3, 'một số chỗ giáo viên giảng hơi nhanh'),
(380, 17, 2, 'học không hiểu gì cả');
INSERT INTO `danh_gia` (`ma_hv`, `ma_kh`, `diem_danh_gia`, `nhan_xet`) VALUES
(380, 22, 1, 'học không hiểu gì cả'),
(380, 31, 0, 'null'),
(380, 44, 0, 'null'),
(380, 75, 5, 'hay quá ạ'),
(380, 104, 0, 'null'),
(381, 51, 5, 'giáo viên giảng rất dễ hiểu'),
(381, 56, 5, 'khóa học này đã cứu em <3'),
(381, 59, 1, 'khóa học lan man'),
(381, 93, 5, 'hay quá ạ'),
(382, 10, 3, 'khá ok'),
(382, 14, 0, 'null'),
(382, 26, 5, 'giáo viên giảng rất dễ hiểu'),
(382, 59, 1, 'giáo viên nói quá nhanh'),
(382, 71, 4, 'bài giảng hay và dễ hiểu nhưng hơi dài'),
(382, 74, 0, 'null'),
(382, 88, 0, 'null'),
(382, 95, 5, 'khóa học này đã cứu em <3'),
(382, 101, 3, 'cũng được'),
(383, 58, 2, 'giáo viên dạy không hay'),
(383, 107, 3, 'khóa thiếu một vài kiến thức quan trọng'),
(384, 10, 4, 'dạy học rất dễ hiểu ạ'),
(384, 17, 2, 'giáo viên dạy không hay'),
(384, 20, 2, 'bài giảng khó hiểu quá'),
(384, 46, 3, 'một số chỗ giáo viên giảng hơi nhanh'),
(384, 103, 1, 'khóa học thiếu ví dụ thực tế'),
(385, 14, 1, 'học không hiểu gì cả'),
(385, 33, 5, 'giáo viên dạy rất tâm huyết và dễ hiễu'),
(385, 51, 5, 'giáo viên dạy rất tâm huyết và dễ hiễu'),
(385, 56, 5, 'giáo viên dạy rất tâm huyết và dễ hiễu'),
(385, 104, 4, 'giáo viên giảng chậm và dễ hiểu'),
(386, 36, 1, 'giao viên dạy thiếu trọng tâm'),
(387, 52, 5, 'tuyệt vời'),
(387, 94, 4, 'có những kiến thức rất hay'),
(387, 107, 4, 'giáo viên giảng hay ạ'),
(388, 44, 3, 'khóa học khá hay nhưng hơi dài dòng'),
(389, 5, 3, 'khóa học tạm được'),
(389, 31, 3, 'khóa học hơi ngắn'),
(389, 38, 2, 'bài giảng khó hiểu quá'),
(389, 41, 0, 'null'),
(389, 58, 4, 'khóa học khá hay'),
(390, 1, 1, 'học không hiểu gì cả'),
(390, 20, 3, 'khá ok'),
(390, 40, 3, 'giáo viên đôi lúc hơi lan man'),
(390, 50, 4, 'khóa học hay và chi tiết'),
(390, 92, 3, 'một số chỗ giáo viên giảng hơi nhanh'),
(390, 102, 1, 'khóa học thiếu ví dụ thực tế'),
(391, 8, 4, 'giáo viên giảng hay ạ'),
(391, 15, 5, 'hay quá ạ'),
(391, 33, 1, 'khóa học thiếu kiến thức'),
(391, 80, 4, 'khóa học khá hay'),
(392, 39, 3, 'khóa học khá hay'),
(392, 57, 0, 'null'),
(393, 17, 1, 'khóa học thiếu ví dụ thực tế'),
(393, 71, 2, 'khóa học dài dòng quá'),
(393, 91, 2, 'bài giảng khó hiểu quá'),
(393, 99, 4, 'dạy học rất dễ hiểu ạ'),
(394, 20, 1, 'giáo viên dạy không hay'),
(394, 26, 4, 'giáo viên giảng dễ hiểu ạ'),
(394, 54, 4, 'chi tiết và dễ hiểu'),
(394, 65, 1, 'học không hiểu gì cả'),
(394, 70, 0, 'null'),
(394, 75, 5, 'rất hài lòng'),
(394, 76, 3, 'tạm được'),
(394, 95, 5, 'quá tuyệt vời'),
(395, 1, 5, 'dậy chậm, dễ hiểu, thường xuyên nhắc lại kiến thức'),
(395, 9, 2, 'giáo viên nói quá nhanh'),
(395, 72, 2, 'giáo viên dạy không hay'),
(396, 29, 0, 'null'),
(396, 56, 4, 'tốt'),
(396, 57, 5, 'tuyệt vời'),
(397, 40, 4, 'khóa học hay và chi tiết'),
(397, 61, 0, 'null'),
(397, 67, 5, 'rất hài lòng'),
(397, 68, 3, 'khóa thiếu một vài kiến thức quan trọng'),
(397, 69, 2, 'học không hiểu gì cả'),
(397, 73, 2, 'khóa học thiếu kiến thức'),
(397, 81, 0, 'null'),
(397, 102, 0, 'null'),
(398, 8, 5, 'dậy chậm, dễ hiểu, thường xuyên nhắc lại kiến thức'),
(398, 39, 0, 'null'),
(398, 40, 1, 'giáo viên nói quá nhanh'),
(398, 55, 3, 'một số chỗ giáo viên giảng hơi nhanh'),
(398, 58, 4, 'giáo viên giảng dễ hiểu ạ'),
(398, 64, 4, 'khóa học tốt'),
(398, 68, 5, 'khóa học này đã cứu em <3'),
(399, 66, 4, 'khóa học hay'),
(399, 71, 4, 'khóa học hay và chi tiết'),
(399, 84, 2, 'không sát với chương trình'),
(400, 37, 1, 'khóa học dài dòng và khó hiểu'),
(401, 2, 5, 'rất hài lòng'),
(401, 13, 4, 'giáo viên giảng chậm và dễ hiểu'),
(401, 78, 3, 'giáo viên giảng hay nhưng nói hơi nhanh'),
(401, 86, 1, 'giáo viên dạy không hay'),
(401, 92, 0, 'null'),
(402, 1, 3, 'cũng được'),
(402, 39, 2, 'khóa học dài dòng quá'),
(402, 53, 0, 'null'),
(402, 90, 5, 'giáo viên giảng rất dễ hiểu'),
(403, 37, 1, 'khóa học lan man'),
(403, 41, 3, 'khóa học hơi ngắn'),
(403, 89, 5, 'hay quá ạ'),
(404, 25, 5, 'quá tuyệt vời'),
(404, 29, 1, 'khóa học thiếu kiến thức'),
(404, 31, 2, 'khóa học dài dòng và khó hiểu'),
(404, 40, 2, 'khóa học dài dòng và khó hiểu'),
(405, 55, 3, 'tạm được'),
(405, 62, 2, 'không sát với chương trình'),
(405, 84, 0, 'null'),
(405, 99, 5, 'rất hài lòng'),
(406, 47, 5, 'quá tuyệt vời'),
(406, 48, 5, 'khóa học rất tốt '),
(406, 71, 5, 'rất hài lòng'),
(407, 79, 2, 'khóa học dài dòng và khó hiểu'),
(407, 82, 1, 'bài giảng khó hiểu quá'),
(408, 12, 3, 'một số chỗ giáo viên giảng hơi nhanh'),
(408, 26, 0, 'null'),
(408, 49, 4, 'khóa học hay và chi tiết'),
(408, 54, 0, 'null'),
(408, 69, 2, 'không sát với chương trình'),
(409, 38, 4, 'khóa học hay và chi tiết'),
(409, 41, 1, 'học không hiểu gì cả'),
(409, 70, 4, 'khóa học tốt'),
(409, 85, 0, 'null'),
(410, 64, 0, 'null'),
(411, 3, 0, 'null'),
(411, 13, 5, 'dậy chậm, dễ hiểu, thường xuyên nhắc lại kiến thức'),
(411, 23, 0, 'null'),
(411, 59, 5, 'tuyệt vời'),
(411, 80, 1, 'giao viên dạy thiếu trọng tâm'),
(412, 15, 2, 'không sát với chương trình'),
(412, 20, 5, 'quá tuyệt vời'),
(412, 28, 1, 'không sát với chương trình'),
(412, 60, 1, 'khóa học thiếu kiến thức'),
(412, 63, 5, 'khóa học này đã cứu em <3'),
(413, 30, 4, 'giáo viên giảng hay ạ'),
(413, 34, 2, 'bài giảng khó hiểu quá'),
(413, 59, 1, 'học không hiểu gì cả'),
(414, 1, 0, 'null'),
(414, 68, 5, 'rất hài lòng'),
(414, 77, 4, 'có những kiến thức rất hay'),
(414, 86, 4, 'khóa học khá hay'),
(415, 4, 4, 'giáo viên giảng hay ạ'),
(415, 51, 3, 'giáo viên giảng hay nhưng nói hơi nhanh'),
(415, 58, 5, 'khóa học này đã cứu em <3'),
(415, 72, 0, 'null'),
(415, 83, 3, 'giáo viên giảng hay nhưng nói hơi nhanh'),
(416, 10, 5, 'giáo viên giảng rất dễ hiểu'),
(416, 60, 4, 'giáo viên giảng hay ạ'),
(416, 93, 0, 'null'),
(417, 25, 2, 'giáo viên dạy không hay'),
(418, 5, 2, 'bài giảng khó hiểu quá'),
(418, 54, 2, 'chán'),
(418, 67, 5, 'giáo viên dạy rất tâm huyết và dễ hiễu'),
(418, 71, 0, 'null'),
(418, 83, 2, 'khóa học thiếu ví dụ thực tế'),
(418, 89, 3, 'khóa học khá hay nhưng hơi dài dòng'),
(419, 14, 2, 'chán'),
(419, 42, 1, 'không sát với chương trình'),
(419, 43, 3, 'khóa học tạm được'),
(419, 57, 2, 'giao viên dạy thiếu trọng tâm'),
(419, 90, 5, 'rất hài lòng'),
(420, 22, 3, 'khóa học tạm được'),
(420, 56, 4, 'giáo viên giảng dễ hiểu ạ'),
(420, 83, 4, 'tốt'),
(421, 6, 1, 'khóa học thiếu kiến thức'),
(421, 21, 0, 'null'),
(421, 37, 5, 'giáo viên dạy rất tâm huyết và dễ hiễu'),
(421, 39, 4, 'giáo viên giảng chậm và dễ hiểu'),
(421, 83, 4, 'giáo viên giảng hay ạ'),
(421, 85, 0, 'null'),
(422, 17, 0, 'null'),
(422, 50, 5, 'rất hài lòng'),
(422, 70, 2, 'bài giảng khó hiểu quá'),
(422, 83, 2, 'giáo viên nói quá nhanh'),
(423, 25, 0, 'null'),
(423, 37, 1, 'giáo viên nói quá nhanh'),
(423, 47, 1, 'chán'),
(424, 37, 3, 'tạm được'),
(424, 57, 0, 'null'),
(424, 77, 2, 'khóa học lan man'),
(425, 42, 2, 'giáo viên nói quá nhanh'),
(425, 65, 2, 'không sát với chương trình'),
(425, 90, 1, 'bài giảng khó hiểu quá'),
(426, 13, 2, 'giáo viên dạy không hay'),
(426, 15, 0, 'null'),
(426, 25, 2, 'không sát với chương trình'),
(426, 72, 3, 'giáo viên giảng hay nhưng nói hơi nhanh'),
(427, 18, 4, 'khóa học tốt'),
(427, 27, 3, 'một số chỗ giáo viên giảng hơi nhanh'),
(428, 1, 5, 'rất hài lòng'),
(428, 14, 2, 'giáo viên nói quá nhanh'),
(428, 19, 1, 'không sát với chương trình'),
(428, 26, 4, 'giáo viên giảng chậm và dễ hiểu'),
(428, 36, 2, 'khóa học dài dòng quá'),
(428, 60, 3, 'khóa học tạm được'),
(428, 63, 5, 'giáo viên dạy rất tâm huyết và dễ hiễu'),
(428, 84, 2, 'giáo viên dạy không hay'),
(428, 102, 2, 'khóa học lan man'),
(429, 76, 1, 'khóa học lan man'),
(430, 2, 5, 'giáo viên giảng rất dễ hiểu'),
(430, 25, 0, 'null'),
(430, 54, 1, 'khóa học lan man'),
(430, 62, 1, 'giao viên dạy thiếu trọng tâm'),
(430, 68, 3, 'khóa học khá tốt'),
(430, 77, 3, 'cũng được'),
(430, 79, 0, 'null'),
(430, 80, 3, 'giáo viên đôi lúc hơi lan man'),
(431, 22, 1, 'không sát với chương trình'),
(431, 61, 4, 'khóa học tốt'),
(431, 76, 4, 'có những kiến thức rất hay'),
(431, 90, 4, 'khóa học khá hay'),
(432, 1, 0, 'null'),
(432, 8, 3, 'giáo viên giảng hay nhưng nói hơi nhanh'),
(432, 22, 2, 'khóa học dài dòng quá'),
(432, 31, 3, 'khóa học khá hay nhưng hơi dài dòng'),
(432, 71, 2, 'khóa học dài dòng quá'),
(432, 75, 2, 'khóa học thiếu ví dụ thực tế'),
(432, 88, 1, 'không sát với chương trình'),
(432, 94, 1, 'chán'),
(433, 22, 0, 'null'),
(433, 23, 1, 'giao viên dạy thiếu trọng tâm'),
(433, 39, 5, 'dậy chậm, dễ hiểu, thường xuyên nhắc lại kiến thức'),
(433, 74, 4, 'good'),
(433, 83, 0, 'null'),
(433, 89, 2, 'giáo viên nói quá nhanh'),
(434, 1, 1, 'giáo viên dạy không hay'),
(434, 69, 0, 'null'),
(434, 70, 2, 'bài giảng khó hiểu quá'),
(434, 105, 4, 'khóa học tốt'),
(435, 3, 5, 'hay quá ạ'),
(435, 12, 3, 'khóa học hơi ngắn'),
(435, 14, 5, 'giáo viên giảng rất dễ hiểu'),
(435, 19, 1, 'khóa học dài dòng quá'),
(435, 33, 2, 'giao viên dạy thiếu trọng tâm'),
(435, 45, 2, 'giao viên dạy thiếu trọng tâm'),
(435, 55, 1, 'giáo viên nói quá nhanh'),
(435, 59, 1, 'khóa học dài dòng quá'),
(435, 78, 2, 'khóa học thiếu kiến thức'),
(435, 89, 4, 'good'),
(435, 105, 3, 'cũng được'),
(436, 50, 4, 'giáo viên giảng hay ạ'),
(436, 59, 4, 'giáo viên giảng chậm và dễ hiểu'),
(436, 99, 3, 'giáo viên giảng hay nhưng nói hơi nhanh'),
(437, 11, 1, 'khóa học dài dòng và khó hiểu'),
(437, 16, 3, 'cũng được'),
(437, 63, 1, 'bài giảng khó hiểu quá'),
(437, 70, 3, 'một số chỗ giáo viên giảng hơi nhanh'),
(437, 77, 3, 'khóa học hơi ngắn'),
(437, 78, 5, 'quá tuyệt vời'),
(437, 85, 2, 'học không hiểu gì cả'),
(437, 100, 4, 'khóa học hay và chi tiết'),
(437, 104, 5, 'dậy chậm, dễ hiểu, thường xuyên nhắc lại kiến thức'),
(438, 25, 2, 'giao viên dạy thiếu trọng tâm'),
(438, 26, 3, 'bài giảng đầy đủ nhưng hơi dài'),
(438, 30, 5, 'giáo viên dạy rất tâm huyết và dễ hiễu'),
(438, 67, 0, 'null'),
(438, 80, 2, 'giao viên dạy thiếu trọng tâm'),
(439, 14, 1, 'khóa học dài dòng và khó hiểu'),
(439, 23, 5, 'khóa học rất hay'),
(439, 71, 3, 'khóa học tạm được'),
(439, 77, 0, 'null'),
(439, 106, 4, 'giáo viên giảng hay ạ'),
(440, 68, 4, 'khóa học tốt'),
(441, 4, 3, 'khóa học hơi ngắn'),
(441, 19, 3, 'khóa học khá tốt'),
(441, 28, 0, 'null'),
(441, 90, 3, 'khá ok'),
(442, 33, 5, 'rất hài lòng'),
(442, 67, 2, 'khóa học thiếu kiến thức'),
(442, 94, 1, 'khóa học thiếu kiến thức'),
(443, 6, 3, 'khóa học khá hay nhưng hơi dài dòng'),
(443, 9, 2, 'chán'),
(443, 15, 0, 'null'),
(443, 31, 0, 'null'),
(443, 62, 2, 'chán'),
(444, 7, 0, 'null'),
(444, 24, 1, 'giao viên dạy thiếu trọng tâm'),
(444, 37, 1, 'không sát với chương trình'),
(444, 57, 2, 'giáo viên nói quá nhanh'),
(444, 76, 4, 'khóa học hay'),
(444, 94, 1, 'giáo viên nói quá nhanh'),
(445, 5, 4, 'giáo viên giảng chậm và dễ hiểu'),
(445, 46, 2, 'giáo viên dạy không hay'),
(446, 15, 4, 'khóa học hay'),
(446, 63, 4, 'giáo viên giảng hay ạ'),
(446, 91, 4, 'tốt'),
(446, 99, 3, 'tạm được'),
(446, 102, 5, 'tuyệt vời'),
(447, 3, 3, 'khóa học khá tốt'),
(447, 27, 5, 'rất hài lòng'),
(447, 98, 1, 'khóa học thiếu kiến thức'),
(448, 8, 4, 'khóa học hay và chi tiết'),
(448, 14, 0, 'null'),
(448, 53, 3, 'khóa học tạm được'),
(448, 60, 4, 'tốt'),
(448, 68, 2, 'khóa học dài dòng quá'),
(449, 96, 5, 'khóa học này đã cứu em <3'),
(449, 106, 2, 'học không hiểu gì cả'),
(450, 35, 2, 'học không hiểu gì cả'),
(450, 63, 4, 'dạy học rất dễ hiểu ạ'),
(451, 76, 1, 'giáo viên nói quá nhanh'),
(451, 80, 3, 'khóa học khá hay nhưng hơi dài dòng'),
(451, 89, 2, 'không sát với chương trình'),
(452, 4, 0, 'null'),
(452, 9, 2, 'giáo viên dạy không hay'),
(452, 58, 0, 'null'),
(452, 59, 5, 'khóa học rất tốt '),
(453, 37, 3, 'khóa học hơi ngắn'),
(453, 58, 4, 'dạy học rất dễ hiểu ạ'),
(453, 86, 0, 'null'),
(453, 90, 0, 'null'),
(454, 19, 4, 'good'),
(454, 40, 3, 'khóa học khá hay nhưng hơi dài dòng'),
(455, 3, 2, 'giao viên dạy thiếu trọng tâm'),
(455, 15, 3, 'khóa học khá hay nhưng hơi dài dòng'),
(455, 54, 4, 'khóa học hay'),
(455, 55, 2, 'khóa học thiếu ví dụ thực tế'),
(455, 66, 0, 'null'),
(455, 71, 4, 'khóa học khá hay'),
(455, 75, 4, 'good'),
(455, 104, 0, 'null'),
(456, 51, 3, 'một số chỗ giáo viên giảng hơi nhanh'),
(456, 72, 3, 'khóa học hơi ngắn'),
(456, 75, 4, 'khóa học hay'),
(456, 92, 4, 'khóa học khá hay'),
(456, 95, 4, 'khóa học tốt'),
(457, 49, 3, 'giáo viên giảng hay nhưng nói hơi nhanh'),
(457, 90, 5, 'rất hài lòng'),
(457, 97, 1, 'không sát với chương trình'),
(458, 9, 1, 'chán'),
(458, 42, 4, 'dạy học rất dễ hiểu ạ'),
(458, 83, 1, 'học không hiểu gì cả'),
(459, 4, 4, 'giáo viên giảng hay ạ'),
(459, 27, 4, 'giáo viên giảng dễ hiểu ạ'),
(459, 34, 2, 'giáo viên nói quá nhanh'),
(459, 41, 5, 'khóa học rất tốt '),
(459, 64, 4, 'khóa học khá hay'),
(459, 106, 1, 'giao viên dạy thiếu trọng tâm'),
(460, 26, 4, 'giáo viên giảng dễ hiểu ạ'),
(461, 25, 2, 'giáo viên dạy không hay'),
(461, 81, 1, 'khóa học thiếu ví dụ thực tế'),
(462, 16, 3, 'khóa học hơi ngắn'),
(462, 39, 1, 'không sát với chương trình'),
(462, 43, 1, 'khóa học lan man'),
(462, 48, 0, 'null'),
(462, 103, 5, 'rất hài lòng'),
(463, 41, 2, 'khóa học thiếu kiến thức'),
(463, 81, 0, 'null'),
(463, 89, 3, 'tạm được'),
(463, 101, 4, 'giáo viên giảng chậm và dễ hiểu'),
(464, 3, 1, 'khóa học dài dòng và khó hiểu'),
(464, 7, 1, 'khóa học lan man'),
(464, 25, 3, 'giáo viên đôi lúc hơi lan man'),
(464, 59, 3, 'giáo viên đôi lúc hơi lan man'),
(464, 105, 0, 'null'),
(465, 70, 3, 'bài giảng đầy đủ nhưng hơi dài'),
(465, 90, 0, 'null'),
(466, 2, 1, 'giáo viên nói quá nhanh'),
(466, 15, 4, 'good'),
(466, 37, 4, 'khóa học khá hay'),
(466, 62, 0, 'null'),
(466, 69, 5, 'giáo viên giảng rất dễ hiểu'),
(466, 78, 4, 'good'),
(466, 90, 5, 'khóa học rất tốt '),
(466, 91, 3, 'giáo viên đôi lúc hơi lan man'),
(467, 17, 4, 'dạy học rất dễ hiểu ạ'),
(467, 71, 5, 'quá tuyệt vời'),
(468, 61, 1, 'giáo viên dạy không hay'),
(468, 69, 0, 'null'),
(468, 93, 1, 'bài giảng khó hiểu quá'),
(468, 103, 1, 'học không hiểu gì cả'),
(468, 105, 1, 'giao viên dạy thiếu trọng tâm'),
(469, 29, 2, 'giáo viên dạy không hay'),
(470, 13, 0, 'null'),
(470, 42, 5, 'dậy chậm, dễ hiểu, thường xuyên nhắc lại kiến thức'),
(470, 44, 5, 'giáo viên giảng rất dễ hiểu'),
(470, 57, 2, 'khóa học thiếu ví dụ thực tế'),
(470, 71, 2, 'giáo viên nói quá nhanh'),
(470, 93, 2, 'giáo viên dạy không hay'),
(470, 94, 4, 'chi tiết và dễ hiểu'),
(471, 17, 5, 'hay quá ạ'),
(471, 26, 0, 'null'),
(471, 31, 5, 'giáo viên giảng rất dễ hiểu'),
(471, 67, 1, 'giáo viên dạy không hay'),
(471, 89, 1, 'bài giảng khó hiểu quá'),
(473, 38, 2, 'chán'),
(473, 45, 3, 'khóa thiếu một vài kiến thức quan trọng'),
(473, 70, 3, 'khóa học tạm được'),
(473, 101, 4, 'giáo viên giảng chậm và dễ hiểu'),
(474, 15, 4, 'giáo viên giảng chậm và dễ hiểu'),
(474, 74, 5, 'khóa học này đã cứu em <3'),
(475, 6, 4, 'chi tiết và dễ hiểu'),
(475, 103, 4, 'khóa học tốt'),
(475, 106, 4, 'chi tiết và dễ hiểu'),
(476, 12, 3, 'khóa học khá hay nhưng hơi dài dòng'),
(476, 27, 3, 'giáo viên đôi lúc hơi lan man'),
(476, 104, 2, 'khóa học thiếu ví dụ thực tế'),
(476, 106, 0, 'null'),
(477, 9, 2, 'chán'),
(477, 34, 4, 'giáo viên giảng chậm và dễ hiểu'),
(477, 58, 0, 'null'),
(477, 95, 1, 'bài giảng khó hiểu quá'),
(478, 15, 0, 'null'),
(478, 69, 4, 'giáo viên giảng hay ạ'),
(478, 90, 5, 'khóa học rất tốt '),
(478, 95, 0, 'null'),
(478, 100, 2, 'chán'),
(479, 1, 1, 'khóa học dài dòng và khó hiểu'),
(479, 13, 5, 'dậy chậm, dễ hiểu, thường xuyên nhắc lại kiến thức'),
(479, 52, 4, 'giáo viên giảng dễ hiểu ạ'),
(480, 24, 3, 'khóa học khá tốt'),
(480, 35, 0, 'null'),
(480, 54, 5, 'rất hài lòng'),
(480, 71, 5, 'hay quá ạ'),
(480, 76, 1, 'giao viên dạy thiếu trọng tâm'),
(480, 78, 2, 'không sát với chương trình'),
(480, 89, 3, 'giáo viên giảng hay nhưng nói hơi nhanh'),
(480, 91, 2, 'giáo viên nói quá nhanh'),
(481, 55, 1, 'khóa học dài dòng và khó hiểu'),
(482, 36, 1, 'khóa học thiếu kiến thức'),
(483, 22, 5, 'tuyệt vời'),
(483, 52, 5, 'giáo viên giảng rất dễ hiểu'),
(483, 61, 3, 'giáo viên đôi lúc hơi lan man'),
(483, 86, 1, 'giao viên dạy thiếu trọng tâm'),
(484, 7, 1, 'giao viên dạy thiếu trọng tâm'),
(484, 22, 1, 'chán'),
(484, 52, 5, 'khóa học rất tốt '),
(484, 59, 2, 'giao viên dạy thiếu trọng tâm'),
(484, 76, 4, 'khóa học khá hay'),
(484, 99, 5, 'dậy chậm, dễ hiểu, thường xuyên nhắc lại kiến thức'),
(485, 53, 2, 'không sát với chương trình'),
(486, 17, 3, 'khóa thiếu một vài kiến thức quan trọng'),
(486, 33, 2, 'giao viên dạy thiếu trọng tâm'),
(486, 42, 4, 'khóa học hay'),
(486, 91, 4, 'khóa học tốt'),
(486, 102, 5, 'dậy chậm, dễ hiểu, thường xuyên nhắc lại kiến thức'),
(488, 9, 5, 'hay quá ạ'),
(488, 26, 0, 'null'),
(488, 28, 2, 'giao viên dạy thiếu trọng tâm'),
(488, 49, 2, 'bài giảng khó hiểu quá'),
(488, 61, 3, 'tạm được'),
(488, 94, 5, 'khóa học này đã cứu em <3'),
(489, 18, 3, 'khá ok'),
(489, 51, 3, 'một số chỗ giáo viên giảng hơi nhanh'),
(489, 55, 5, 'rất hài lòng'),
(489, 68, 5, 'giáo viên giảng rất dễ hiểu'),
(489, 70, 4, 'chi tiết và dễ hiểu'),
(489, 74, 3, 'tạm được'),
(489, 79, 4, 'khóa học tốt'),
(491, 9, 1, 'học không hiểu gì cả'),
(491, 13, 5, 'giáo viên giảng rất dễ hiểu'),
(491, 46, 4, 'giáo viên giảng dễ hiểu ạ'),
(491, 85, 4, 'có những kiến thức rất hay'),
(491, 101, 2, 'khóa học dài dòng và khó hiểu'),
(492, 43, 5, 'khóa học này đã cứu em <3'),
(492, 78, 1, 'học không hiểu gì cả'),
(492, 91, 5, 'khóa học rất tốt '),
(493, 5, 2, 'học không hiểu gì cả'),
(494, 87, 1, 'khóa học thiếu ví dụ thực tế'),
(495, 2, 0, 'null'),
(495, 20, 4, 'có những kiến thức rất hay'),
(495, 51, 2, 'chán'),
(496, 15, 5, 'khóa học này đã cứu em <3'),
(496, 56, 2, 'giao viên dạy thiếu trọng tâm'),
(496, 107, 2, 'khóa học dài dòng quá'),
(497, 3, 2, 'khóa học dài dòng quá'),
(497, 13, 2, 'học không hiểu gì cả'),
(497, 24, 2, 'khóa học dài dòng và khó hiểu'),
(497, 31, 4, 'khóa học hay và chi tiết'),
(497, 34, 2, 'khóa học thiếu ví dụ thực tế'),
(497, 53, 0, 'null'),
(497, 58, 2, 'chán'),
(497, 64, 5, 'giáo viên giảng rất dễ hiểu'),
(498, 29, 5, 'quá tuyệt vời'),
(498, 41, 4, 'khóa học khá hay'),
(498, 44, 5, 'giáo viên dạy rất tâm huyết và dễ hiễu'),
(498, 61, 0, 'null'),
(498, 74, 1, 'chán'),
(498, 95, 1, 'học không hiểu gì cả'),
(498, 104, 1, 'bài giảng khó hiểu quá'),
(499, 8, 5, 'dậy chậm, dễ hiểu, thường xuyên nhắc lại kiến thức'),
(499, 23, 5, 'hay quá ạ'),
(499, 25, 0, 'null'),
(499, 51, 4, 'good'),
(499, 56, 1, 'chán'),
(499, 75, 1, 'khóa học dài dòng quá'),
(499, 100, 5, 'tuyệt vời'),
(500, 22, 0, 'null'),
(500, 37, 5, 'khóa học rất hay'),
(500, 51, 3, 'một số chỗ giáo viên giảng hơi nhanh'),
(500, 103, 3, 'khóa học tạm được');

-- --------------------------------------------------------

--
-- Table structure for table `day_hoc`
--

CREATE TABLE `day_hoc` (
  `ma_kh` int(11) NOT NULL,
  `ma_gv` int(11) NOT NULL
) ENGINE=InnoDB DEFAULT CHARSET=utf8mb4;

--
-- Dumping data for table `day_hoc`
--

INSERT INTO `day_hoc` (`ma_kh`, `ma_gv`) VALUES
(1, 2031),
(1, 2060),
(2, 2027),
(2, 2056),
(3, 2056),
(3, 2085),
(4, 2085),
(5, 2085),
(6, 2086),
(7, 2086),
(8, 2028),
(8, 2057),
(9, 2000),
(9, 2058),
(10, 2029),
(10, 2058),
(11, 2087),
(12, 2056),
(13, 2057),
(14, 2001),
(15, 2029),
(16, 2085),
(17, 2058),
(17, 2087),
(18, 2027),
(18, 2085),
(19, 2060),
(20, 2003),
(20, 2090),
(21, 2033),
(21, 2062),
(22, 2034),
(23, 2060),
(23, 2089),
(24, 2031),
(25, 2061),
(26, 2003),
(26, 2061),
(27, 2089),
(28, 2035),
(29, 2006),
(29, 2093),
(30, 2007),
(30, 2065),
(31, 2096),
(32, 2006),
(33, 2007),
(34, 2038),
(35, 2035),
(35, 2093),
(36, 2006),
(37, 2067),
(38, 2064),
(39, 2035),
(40, 2006),
(40, 2035),
(41, 2010),
(41, 2068),
(42, 2039),
(43, 2069),
(43, 2098),
(44, 2013),
(44, 2071),
(45, 2068),
(46, 2011),
(47, 2068),
(48, 2010),
(48, 2039),
(49, 2010),
(50, 2010),
(50, 2097),
(51, 2010),
(51, 2097),
(52, 2043),
(52, 2072),
(53, 2014),
(53, 2072),
(54, 2045),
(54, 2074),
(55, 2014),
(55, 2072),
(56, 2045),
(57, 2014),
(57, 2072),
(58, 2014),
(59, 2072),
(60, 2043),
(61, 2017),
(62, 2017),
(62, 2075),
(63, 2077),
(64, 2046),
(64, 2075),
(65, 2019),
(65, 2048),
(66, 2046),
(66, 2075),
(67, 2017),
(67, 2046),
(68, 2017),
(68, 2046),
(69, 2017),
(70, 2049),
(70, 2078),
(71, 2049),
(72, 2020),
(72, 2049),
(73, 2020),
(73, 2049),
(74, 2049),
(75, 2020),
(76, 2020),
(76, 2049),
(77, 2079),
(78, 2021),
(78, 2050),
(79, 2051),
(79, 2080),
(80, 2021),
(81, 2021),
(81, 2079),
(82, 2051),
(83, 2081),
(84, 2052),
(84, 2081),
(85, 2050),
(85, 2079),
(86, 2021),
(87, 2080),
(88, 2023),
(88, 2052),
(89, 2052),
(90, 2021),
(90, 2079),
(91, 2021),
(91, 2050),
(92, 2022),
(92, 2051),
(93, 2023),
(94, 2023),
(94, 2052),
(95, 2021),
(96, 2050),
(97, 2022),
(98, 2023),
(98, 2081),
(99, 2052),
(99, 2081),
(100, 2021),
(101, 2021),
(102, 2051),
(102, 2080),
(103, 2023),
(103, 2081),
(104, 2052),
(105, 2023),
(106, 2023),
(106, 2052),
(107, 2025);

-- --------------------------------------------------------

--
-- Table structure for table `giao_vien`
--

CREATE TABLE `giao_vien` (
  `id` int(11) NOT NULL,
  `mo_ta` varchar(255) DEFAULT NULL,
  `noi_cong_tac` varchar(64) DEFAULT NULL,
  `ngay_bat_dau_day` date NOT NULL,
  `he_so_luong` double NOT NULL,
  `hinh_anh` varchar(64) DEFAULT NULL
) ENGINE=InnoDB DEFAULT CHARSET=utf8mb4;

--
-- Dumping data for table `giao_vien`
--


INSERT INTO `giao_vien` (`id`, `mo_ta`, `noi_cong_tac`, `ngay_bat_dau_day`, `he_so_luong`, `hinh_anh`) VALUES
(2000, 'Quan điểm giảng dạy: \"Muốn giáo dục cho con trẻ, mỗi người thầy cần là một tấm gương sáng về nhân cách, tự học và sáng tạo\".', ' Trường THPT Hoàng Mai', '2018-07-10', 5.5, './images/teacher/teacher_4.png'),
(2001, 'Theo thầy \"Bản thân nhà giáo dục cũng cần được giáo dục\" thầy luôn hoàn thiện bản thân từng ngày; từ đó mang tới cho học sinh những bài giảng hấp dẫn.', 'Trường THPT Văn Hiến', '2006-12-22', 0.5, './images/teacher/teacher_6.png'),
(2002, 'Quan điểm giảng dạy: \"Muốn giáo dục cho con trẻ, mỗi người thầy cần là một tấm gương sáng về nhân cách, tự học và sáng tạo\".', ' Trường THPT Nguyễn Bỉnh Khiêm - Phú Xuyên', '2009-08-05', 8.5, './images/teacher/teacher_3.png'),
(2003, 'Cả cuộc đời cô gắn trọn với sự nghiệp giáo dục. Hệ thống bài giảng về Đức dục và Trí dục của cô đã góp phần bồi dưỡng cho tâm hồn và trí tuệ của các thế hệ học trò Việt.', 'Trường THPT THCS & THPT TH School Hòa Lạc (hệ thống liên cấp)', '2009-09-14', 10, './images/teacher/teacher_22.png'),
(2004, 'Trong cuộc sống, thầy thích khám phá các vấn đề mới mẻ, các hiện tượng Vật lí kì thú. Trong giảng dạy, thầy luôn tìm kiếm hướng giải quyết vấn đề đơn giản và dễ hiểu.', 'Trường PTDL HermannGmeiner (Hệ thống liên cấp Hermann Gmeiner) ', '2006-02-06', 10, './images/teacher/teacher_24.png'),
(2005, 'Nhiều năm kinh nghiệm giảng dạy và luyện thi', 'Trường THPT Hồng Hà (Liên cấp hồng hà)', '2005-12-10', 5, './images/teacher/teacher_23.png'),
(2006, 'Trong cuộc sống, thầy thích khám phá các vấn đề mới mẻ, các hiện tượng Vật lí kì thú. Trong giảng dạy, thầy luôn tìm kiếm hướng giải quyết vấn đề đơn giản và dễ hiểu.', 'Trường THPT Đặng Thai Mai', '2012-05-31', 0.5, './images/teacher/teacher_18.png'),
(2007, 'Theo thầy \"Bản thân nhà giáo dục cũng cần được giáo dục\" thầy luôn hoàn thiện bản thân từng ngày; từ đó mang tới cho học sinh những bài giảng hấp dẫn.', ' Trường THPT Nguyễn Bỉnh Khiêm - Phú Xuyên', '2005-10-25', 1.5, './images/teacher/teacher_73.png'),
(2008, '\"Hạnh phúc lớn nhất của người thầy chính là nhìn thấy sự trưởng thành của học trò, Địa lí là cầu nối giúp tôi gần gũi và hỗ trợ cho HS mình nhiều hơn\".', 'Trường THCS&THPT quốc tế Thăng Long', '2012-08-11', 5, './images/teacher/teacher_79.png'),
(2009, 'Theo thầy \"Bản thân nhà giáo dục cũng cần được giáo dục\" thầy luôn hoàn thiện bản thân từng ngày; từ đó mang tới cho học sinh những bài giảng hấp dẫn.', 'Trường THPT Nguyễn Văn Huyên ( Hệ thống giáo dục liên cấp)', '2016-06-29', 1, './images/teacher/teacher_75.png'),
(2010, 'Trong cuộc sống, thầy thích khám phá các vấn đề mới mẻ, các hiện tượng Vật lí kì thú. Trong giảng dạy, thầy luôn tìm kiếm hướng giải quyết vấn đề đơn giản và dễ hiểu.', 'Trường THPT Thanh Xuân (Tập đoàn giáo dục Thanh Xuân)', '2015-12-15', 10, './images/teacher/teacher_78.png'),
(2011, 'Thầy quan niệm, người thầy không chỉ truyền kiến thức mà còn phải truyền được niềm cảm hứng học tập cho học sinh, giúp các em trưởng thành hơn!', 'Trường THPT Phùng Hưng - Thường Tín (Tập đoàn giáo dục Thanh Xuâ', '2006-08-24', 6, './images/teacher/teacher_72.png'),
(2012, 'Ankipedia không phải lúc nào cũng đúng, nhưng sẵn sàng cập nhật, không phải là nguồn tài liệu cuối cùng mà sẽ là nguồn tài liệu đầu tiên.', 'Trường THPT Đại Việt', '2010-01-15', 1, './images/teacher/teacher_74.png'),
(2013, 'Thầy quan niệm, người thầy không chỉ truyền kiến thức mà còn phải truyền được niềm cảm hứng học tập cho học sinh, giúp các em trưởng thành hơn!', 'Trường THPT THCS & THPT TH School Hòa Lạc (hệ thống liên cấp)', '2006-01-23', 3.5, './images/teacher/teacher_76.png'),
(2014, 'Đừng e ngại xuất phát điểm của bạn như thế nào. Sự kiên trì và quyết tâm trong cuộc sống sẽ đem đến \"trái ngọt\" trong tương lai của bạn. ', 'Trường THPT Đặng Tiến Đông', '2006-08-16', 2.5, './images/teacher/teacher_30.png'),
(2015, 'Luôn khuyến khích sự chủ động, sáng tạo của học trò. Cô tâm niệm, mỗi bài giảng sẽ trở thành một câu chuyện do giáo viên và HS cùng nhau xây dựng nên.', 'Trường THPT Tô Hiệu Gia Lâm', '2011-10-20', 7.5, './images/teacher/teacher_27.png'),
(2016, 'Truyền cảm hứng và nuôi dưỡng tình yêu học tập thông qua các hoạt động tương tác, các câu hỏi khám phá giúp các em hình thành khả năng sáng tạo và tư duy độc lập.', 'Trường THPT GLOBAL Quốc tế (hệ liên cấp)', '2018-02-11', 8.5, './images/teacher/teacher_35.png'),
(2017, 'Luôn khuyến khích sự chủ động, sáng tạo của học trò. Cô tâm niệm, mỗi bài giảng sẽ trở thành một câu chuyện do giáo viên và HS cùng nhau xây dựng nên.', 'Trường THPT Lý Thái Tổ', '2015-05-29', 1, './images/teacher/teacher_49.png'),
(2018, 'Với phong cách giảng dạy tự nhiên, gần gũi, hài hước giúp học sinh không cảm thấy áp lực. Phương pháp giảng dạy thiên về đánh giá năng lực và kích thích tư duy.', 'Trường THPT FPT (Hệ thống liên cấp Giáo dục FPT)', '2007-04-15', 4.5, './images/teacher/teacher_19.png'),
(2019, '\"Hạnh phúc lớn nhất của người thầy chính là nhìn thấy sự trưởng thành của học trò, Địa lí là cầu nối giúp tôi gần gũi và hỗ trợ cho HS mình nhiều hơn\".', ' Trường THPT Phùng Khắc Khoan', '2014-06-18', 0.5, './images/teacher/teacher_21.png'),
(2020, 'Đặc biệt coi trọng việc xây dựng kiến thức căn bản, luôn khuyến khích sự sáng tạo', 'Trường THPT Xuân Thủy', '2006-04-16', 3.5, './images/teacher/teacher_44.png'),
(2021, 'Phương pháp giảng dạy của thầy chủ yếu đi theo hướng tư duy ngược để học sinh tự đưa ra được kết luận và từ đó có thể tự mô phỏng lại kiến thức với những bài sau.   ', 'Trường Mầm Non & THCS Võ Nguyên Giáp', '2006-05-17', 6, './images/teacher/teacher_41.png'),
(2022, 'Thủ khoa đầu ra trường Đại học Sư phạm Hà Nội; kinh nghiệm giảng dạy dự tuyển, đội tuyển thi HSG quốc gia cấp 2 - 3, MOS.', 'Trường THPT Ngô Quyền - Ba Vì', '2017-12-13', 9.5, './images/teacher/teacher_36.png'),
(2023, 'Với phong cách giảng dạy tự nhiên, gần gũi, hài hước giúp học sinh không cảm thấy áp lực. Phương pháp giảng dạy thiên về đánh giá năng lực và kích thích tư duy.', 'Trường THPT Thanh Xuân (Tập đoàn giáo dục Thanh Xuân)', '2013-09-07', 8.5, './images/teacher/teacher_50.png'),
(2024, '\"Hạnh phúc lớn nhất của người thầy chính là nhìn thấy sự trưởng thành của học trò, Địa lí là cầu nối giúp tôi gần gũi và hỗ trợ cho HS mình nhiều hơn\".', ' Trường TH, THCS & THPT Archimedes Đông Anh (hệ liên cấp)', '2008-04-19', 9.5, './images/teacher/teacher_84.png'),
(2025, 'Cả cuộc đời cô gắn trọn với sự nghiệp giáo dục. Hệ thống bài giảng về Đức dục và Trí dục của cô đã góp phần bồi dưỡng cho tâm hồn và trí tuệ của các thế hệ học trò Việt.', 'Trường THPT  Marie Curie (Liên cấp Marie Curie)', '2010-10-08', 5, './images/teacher/teacher_83.png'),
(2026, 'Phương pháp giảng dạy của thầy chủ yếu đi theo hướng tư duy ngược để học sinh tự đưa ra được kết luận và từ đó có thể tự mô phỏng lại kiến thức với những bài sau.   ', 'Trường THPT Trần Đại Nghĩa', '2017-07-03', 9.5, './images/teacher/teacher_100.png'),
(2027, 'Ankipedia không phải lúc nào cũng đúng, nhưng sẵn sàng cập nhật, không phải là nguồn tài liệu cuối cùng mà sẽ là nguồn tài liệu đầu tiên.', 'Trường THPT Hoàng Long', '2015-01-21', 9.5, './images/teacher/teacher_113.png'),
(2028, 'Theo thầy, học toán là học cách tư duy, nhìn nhận vấn đề chứ không chỉ học giải toán vì thế học sinh nên học được đến đâu, nắm chắc đến đó, không học \"ăn xổi\".', 'Trường THPT Nguyễn Huệ', '2017-05-01', 8.5, './images/teacher/teacher_42.png'),
(2029, 'Quan điểm giảng dạy: \"Muốn giáo dục cho con trẻ, mỗi người thầy cần là một tấm gương sáng về nhân cách, tự học và sáng tạo\".', 'Trường THPT M.V.Lômônôxôp (Liên cấp LÔMÔNÔXỐP)', '2009-11-09', 6.5, './images/teacher/teacher_40.png'),
(2030, 'Thầy đặc biệt coi trọng tính chuẩn xác, khoa học trong văn chương. Đây cũng là một trong những quan điểm dạy học chủ đạo mà thầy luôn hướng tới.', 'Trường THPT Thanh Xuân (Tập đoàn giáo dục Thanh Xuân)', '2012-11-10', 9.5, './images/teacher/teacher_43.png'),
(2031, 'Yêu mến và tôn trọng tính cá nhân của mỗi HS, thầy có quan điểm trong giảng dạy và giáo dục: \"Phát triển năng lực của HS ở chính mặt mạnh của các em\".', 'Trường THPT Ngô Tất Tố', '2012-05-03', 2, './images/teacher/teacher_13.png'),
(2032, 'Thầy quan niệm, người thầy không chỉ truyền kiến thức mà còn phải truyền được niềm cảm hứng học tập cho học sinh, giúp các em trưởng thành hơn!', 'Trường THPT Nguyễn Du', '2015-06-28', 5, './images/teacher/teacher_25.png'),
(2033, 'Theo thầy, học toán là học cách tư duy, nhìn nhận vấn đề chứ không chỉ học giải toán vì thế học sinh nên học được đến đâu, nắm chắc đến đó, không học \"ăn xổi\".', 'Trường THPT Phan Chu Trinh', '2012-01-21', 4, './images/teacher/teacher_26.png'),
(2034, 'Theo thầy, học toán là học cách tư duy, nhìn nhận vấn đề chứ không chỉ học giải toán vì thế học sinh nên học được đến đâu, nắm chắc đến đó, không học \"ăn xổi\".', 'Trường THPT  Nguyễn Thượng Hiền-Ứng Hòa', '2013-03-26', 1.5, './images/teacher/teacher_45.png'),
(2035, 'Với phong cách giảng dạy tự nhiên, gần gũi, hài hước giúp học sinh không cảm thấy áp lực. Phương pháp giảng dạy thiên về đánh giá năng lực và kích thích tư duy.', 'Trường THPT Phương Nam', '2008-08-30', 6.5, './images/teacher/teacher_47.png'),
(2036, 'Nghiêm túc trong công việc, phá cách trong giảng dạy, luôn cập nhật cái mới và ứng dụng vào trong bài giảng giúp cho mỗi bài giảng luôn thú vị, hấp dẫn và say mê.', ' Trường THPT Hoàng Mai', '2010-04-16', 4, './images/teacher/teacher_62.png'),
(2037, 'Áp dụng phương pháp tiếp cận từ nhỏ đến lớn, từ chi tiết đến cụ thể để học sinh dễ dàng thích nghi và tiếp thu kiến thức.', 'Trường THPT Phan Chu Trinh', '2018-07-05', 9, './images/teacher/teacher_64.png'),
(2038, 'Đừng e ngại xuất phát điểm của bạn như thế nào. Sự kiên trì và quyết tâm trong cuộc sống sẽ đem đến \"trái ngọt\" trong tương lai của bạn. ', 'Trường THPT Lương Thế Vinh', '2013-06-12', 4.5, './images/teacher/teacher_60.png'),
(2039, 'Phong cách giảng dạy của thầy rất linh hoạt, cá tính, cực ngầu mà rất gần gũi đem lại không khí học tập sôi nổi, thoải mái nhưng hiệu quả.', 'Trường THCS&THPT quốc tế Thăng Long', '2012-11-13', 3, './images/teacher/teacher_90.png'),
(2040, 'Thủ khoa đầu ra trường Đại học Sư phạm Hà Nội; kinh nghiệm giảng dạy dự tuyển, đội tuyển thi HSG quốc gia cấp 2 - 3, MOS.', 'Trường THPT  Nguyễn Đình Chiểu', '2011-05-01', 1.5, './images/teacher/teacher_103.png'),
(2041, 'Nhiều năm kinh nghiệm giảng dạy và luyện thi', 'Trường THPT Lạc Long Quân', '2006-10-18', 7, './images/teacher/teacher_107.png'),
(2042, 'Cung cấp kiến thức một cách đầy đủ, chi tiết, trực quan thông qua bản đồ để giải thích những hiện tượng tự nhiên giúp học sinh dễ hình dung và dễ tiếp thu kiến thức.', 'Trường THPT Huỳnh Thúc Kháng', '2013-12-16', 3.5, './images/teacher/teacher_106.png'),
(2043, 'Theo thầy, học toán là học cách tư duy, nhìn nhận vấn đề chứ không chỉ học giải toán vì thế học sinh nên học được đến đâu, nắm chắc đến đó, không học \"ăn xổi\".', 'Trường THPT Hà Nội-Academy', '2007-02-27', 10, './images/teacher/teacher_117.png'),
(2044, 'Nhiều năm kinh nghiệm giảng dạy và luyện thi', 'Trường THPT quốc tế Việt Nam', '2015-08-11', 9.5, './images/teacher/teacher_118.png'),
(2045, 'Đặc biệt coi trọng việc xây dựng kiến thức căn bản, luôn khuyến khích sự sáng tạo', ' Trường THPT Hoàng Mai', '2017-10-12', 9, './images/teacher/teacher_77.png'),
(2046, 'Đặc biệt coi trọng việc xây dựng kiến thức căn bản, luôn khuyến khích sự sáng tạo', 'Trường Mầm Non & THCS Võ Nguyên Giáp', '2009-11-10', 3.5, './images/teacher/teacher_61.png'),
(2047, 'Nhiều năm kinh nghiệm giảng dạy và luyện thi', 'Trường THCS&THPT Phạm Văn Đồng', '2006-01-04', 0.5, './images/teacher/teacher_16.png'),
(2048, 'Thủ khoa đầu ra trường Đại học Sư phạm Hà Nội; kinh nghiệm giảng dạy dự tuyển, đội tuyển thi HSG quốc gia cấp 2 - 3, MOS.', 'Trường THPT  Nguyễn Đình Chiểu', '2015-08-01', 3, './images/teacher/teacher_28.png'),
(2049, 'Cả cuộc đời cô gắn trọn với sự nghiệp giáo dục. Hệ thống bài giảng về Đức dục và Trí dục của cô đã góp phần bồi dưỡng cho tâm hồn và trí tuệ của các thế hệ học trò Việt.', 'Trường THPT  Nguyễn Đình Chiểu', '2018-04-26', 6, './images/teacher/teacher_15.png'),
(2050, 'Theo thầy \"Bản thân nhà giáo dục cũng cần được giáo dục\" thầy luôn hoàn thiện bản thân từng ngày; từ đó mang tới cho học sinh những bài giảng hấp dẫn.', 'Trường THPT Hà Đông - Hà Nội', '2010-04-20', 1, './images/teacher/teacher_12.png'),
(2051, 'Theo thầy \"Bản thân nhà giáo dục cũng cần được giáo dục\" thầy luôn hoàn thiện bản thân từng ngày; từ đó mang tới cho học sinh những bài giảng hấp dẫn.', 'Trường THPT Đại Việt', '2016-12-28', 3.5, './images/teacher/teacher_17.png'),
(2052, 'Thầy quan niệm, người thầy không chỉ truyền kiến thức mà còn phải truyền được niềm cảm hứng học tập cho học sinh, giúp các em trưởng thành hơn!', 'Trường Trung học phổ thông Quốc tế Horizon', '2006-02-02', 1, './images/teacher/teacher_85.png'),
(2053, 'Thầy quan niệm, người thầy không chỉ truyền kiến thức mà còn phải truyền được niềm cảm hứng học tập cho học sinh, giúp các em trưởng thành hơn!', 'Trường THCS&THPT Lê Quý Đôn', '2015-04-16', 6.5, './images/teacher/teacher_32.png'),
(2054, 'Theo thầy \"Bản thân nhà giáo dục cũng cần được giáo dục\" thầy luôn hoàn thiện bản thân từng ngày; từ đó mang tới cho học sinh những bài giảng hấp dẫn.', 'Trường THPT Hoàng Long', '2008-12-22', 5, './images/teacher/teacher_14.png'),
(2055, 'Theo thầy \"Bản thân nhà giáo dục cũng cần được giáo dục\" thầy luôn hoàn thiện bản thân từng ngày; từ đó mang tới cho học sinh những bài giảng hấp dẫn.', 'Trường THPT Phương Nam', '2011-08-05', 5, './images/teacher/teacher_112.png'),
(2056, 'Đừng e ngại xuất phát điểm của bạn như thế nào. Sự kiên trì và quyết tâm trong cuộc sống sẽ đem đến \"trái ngọt\" trong tương lai của bạn. ', 'Trường PTDL HermannGmeiner (Hệ thống liên cấp Hermann Gmeiner) ', '2014-07-02', 3.5, './images/teacher/teacher_116.png'),
(2057, 'Áp dụng phương pháp tiếp cận từ nhỏ đến lớn, từ chi tiết đến cụ thể để học sinh dễ dàng thích nghi và tiếp thu kiến thức.', 'Trường THPT Trần Thánh Tông', '2013-06-12', 6, './images/teacher/teacher_88.png'),
(2058, 'Yêu mến và tôn trọng tính cá nhân của mỗi HS, thầy có quan điểm trong giảng dạy và giáo dục: \"Phát triển năng lực của HS ở chính mặt mạnh của các em\".', 'Trường THPT Hồng Hà (Liên cấp hồng hà)', '2018-09-19', 1, './images/teacher/teacher_111.png'),
(2059, 'Thủ khoa đầu ra trường Đại học Sư phạm Hà Nội; kinh nghiệm giảng dạy dự tuyển, đội tuyển thi HSG quốc gia cấp 2 - 3, MOS.', 'Trường THPT Văn Hiến', '2010-09-14', 0.5, './images/teacher/teacher_114.png'),
(2060, 'Giáo viên quốc dân với phong cách giảng dạy hài hước và tâm lí.', 'Trường THPT Đặng Tiến Đông', '2008-12-06', 5.5, './images/teacher/teacher_108.png'),
(2061, 'Cả cuộc đời cô gắn trọn với sự nghiệp giáo dục. Hệ thống bài giảng về Đức dục và Trí dục của cô đã góp phần bồi dưỡng cho tâm hồn và trí tuệ của các thế hệ học trò Việt.', 'Trường THPT Xa La', '2009-08-09', 5, './images/teacher/teacher_7.png'),
(2062, 'Yêu mến và tôn trọng tính cá nhân của mỗi HS, thầy có quan điểm trong giảng dạy và giáo dục: \"Phát triển năng lực của HS ở chính mặt mạnh của các em\".', ' Trường THPT Hoàng Mai', '2016-10-08', 1, './images/teacher/teacher_2.png'),
(2063, 'Truyền cảm hứng và nuôi dưỡng tình yêu học tập thông qua các hoạt động tương tác, các câu hỏi khám phá giúp các em hình thành khả năng sáng tạo và tư duy độc lập.', ' Trường THPT Phùng Khắc Khoan', '2011-09-29', 10, './images/teacher/teacher_10.png'),
(2064, 'Phương pháp giảng dạy của thầy chủ yếu đi theo hướng tư duy ngược để học sinh tự đưa ra được kết luận và từ đó có thể tự mô phỏng lại kiến thức với những bài sau.   ', 'Trường THPT Lê Văn Thiêm', '2009-05-25', 6.5, './images/teacher/teacher_8.png'),
(2065, 'Là một giảng viên dạy giỏi cấp cơ sở, với 17 năm kinh nghiệm trong nghề, luôn muốn truyền cảm hứng đến học trò.', 'Trường THPT Trần Phú - Ba Vì', '2005-08-29', 10, './images/teacher/teacher_93.png'),
(2066, 'Đừng e ngại xuất phát điểm của bạn như thế nào. Sự kiên trì và quyết tâm trong cuộc sống sẽ đem đến \"trái ngọt\" trong tương lai của bạn. ', 'Trường THPT Nguyễn Văn Huyên ( Hệ thống giáo dục liên cấp)', '2010-03-26', 2.5, './images/teacher/teacher_91.png'),
(2067, 'Thủ khoa đầu ra trường Đại học Sư phạm Hà Nội; kinh nghiệm giảng dạy dự tuyển, đội tuyển thi HSG quốc gia cấp 2 - 3, MOS.', 'Trường THPT Ban Mai (Hệ thống giáo dục liên cấp Ban Mai)', '2016-01-27', 3.5, './images/teacher/teacher_89.png'),
(2068, 'Phong cách giảng dạy của thầy rất linh hoạt, cá tính, cực ngầu mà rất gần gũi đem lại không khí học tập sôi nổi, thoải mái nhưng hiệu quả.', 'Trường THPT Huỳnh Thúc Kháng', '2011-06-01', 9.5, './images/teacher/teacher_92.png'),
(2069, 'Đừng e ngại xuất phát điểm của bạn như thế nào. Sự kiên trì và quyết tâm trong cuộc sống sẽ đem đến \"trái ngọt\" trong tương lai của bạn. ', 'Trường THCS & THPT Vinschool The Harmony (hệ thống liên cấp)', '2015-10-14', 7.5, './images/teacher/teacher_98.png'),
(2070, 'Cả cuộc đời cô gắn trọn với sự nghiệp giáo dục. Hệ thống bài giảng về Đức dục và Trí dục của cô đã góp phần bồi dưỡng cho tâm hồn và trí tuệ của các thế hệ học trò Việt.', 'Trường THPT liên cấp Đa trí tuệ MIS', '2006-02-14', 2.5, './images/teacher/teacher_99.png'),
(2071, 'Yêu mến và tôn trọng tính cá nhân của mỗi HS, thầy có quan điểm trong giảng dạy và giáo dục: \"Phát triển năng lực của HS ở chính mặt mạnh của các em\".', 'Trường THPT Tây Sơn', '2011-04-21', 7, './images/teacher/teacher_87.png'),
(2072, 'Truyền cảm hứng và nuôi dưỡng tình yêu học tập thông qua các hoạt động tương tác, các câu hỏi khám phá giúp các em hình thành khả năng sáng tạo và tư duy độc lập.', 'Trường THPT Nguyễn Huệ', '2014-12-22', 7, './images/teacher/teacher_82.png'),
(2073, 'Lấy kim chỉ nam là Tôn trọng sự khác biệt của mỗi cá nhân, đối với cô mỗi học sinh đều là một thiên tài.', 'Trường THPT  Nguyễn Thượng Hiền-Ứng Hòa', '2012-04-14', 7, './images/teacher/teacher_86.png'),
(2074, 'Theo thầy, học toán là học cách tư duy, nhìn nhận vấn đề chứ không chỉ học giải toán vì thế học sinh nên học được đến đâu, nắm chắc đến đó, không học \"ăn xổi\".', 'Trường THPT Hồng Bàng', '2011-12-09', 5, './images/teacher/teacher_82.png'),
(2075, 'Trong cuộc sống, thầy thích khám phá các vấn đề mới mẻ, các hiện tượng Vật lí kì thú. Trong giảng dạy, thầy luôn tìm kiếm hướng giải quyết vấn đề đơn giản và dễ hiểu.', 'Trường THPT Nguyễn Bỉnh Khiêm (Hệ thống liên cấp nguyễn Bỉnh Khi', '2005-12-30', 6.5, './images/teacher/teacher_96.png'),
(2076, 'Nghiêm túc trong công việc, phá cách trong giảng dạy, luôn cập nhật cái mới và ứng dụng vào trong bài giảng giúp cho mỗi bài giảng luôn thú vị, hấp dẫn và say mê.', 'Trường THPT Trần Thánh Tông', '2017-01-24', 8, './images/teacher/teacher_98.png'),
(2077, 'Tốt nghiệp loại giỏi trường Sư phạm, kinh nghiệm dạy hơn 20 năm,ghi dấu ấn với các thế hệ HS bằng lối giảng tỉ mỉ, dễ hiểu phù hợp với mọi đối tượng.', 'Trường THPT Đông Kinh', '2011-07-27', 7.5, './images/teacher/teacher_119.png'),
(2078, 'Phương pháp giảng dạy của thầy chủ yếu đi theo hướng tư duy ngược để học sinh tự đưa ra được kết luận và từ đó có thể tự mô phỏng lại kiến thức với những bài sau.   ', 'Trường Trung học phổ thông Quốc tế Horizon', '2009-06-10', 2.5, './images/teacher/teacher_110.png'),
(2079, 'Thầy đặc biệt coi trọng tính chuẩn xác, khoa học trong văn chương. Đây cũng là một trong những quan điểm dạy học chủ đạo mà thầy luôn hướng tới.', 'Trường THPT Lý Thánh Tông', '2015-02-11', 7, './images/teacher/teacher_115.png'),
(2080, 'Cả cuộc đời cô gắn trọn với sự nghiệp giáo dục. Hệ thống bài giảng về Đức dục và Trí dục của cô đã góp phần bồi dưỡng cho tâm hồn và trí tuệ của các thế hệ học trò Việt.', 'Trường THPT Phùng Hưng - Thường Tín (Tập đoàn giáo dục Thanh Xuâ', '2018-08-19', 5.5, './images/teacher/teacher_120.png'),
(2081, 'Áp dụng phương pháp tiếp cận từ nhỏ đến lớn, từ chi tiết đến cụ thể để học sinh dễ dàng thích nghi và tiếp thu kiến thức.', 'Trường THPT Lam Hồng', '2007-03-29', 7, './images/teacher/teacher_97.png'),
(2082, 'Nhiều năm kinh nghiệm giảng dạy và luyện thi', 'Trường THPT Ban Mai (Hệ thống giáo dục liên cấp Ban Mai)', '2009-08-07', 2.5, './images/teacher/teacher_105.png'),
(2083, 'Thầy ghi dấu ấn bởi phong thái trẻ trung, chất giọng ấm, đặc biệt là phương pháp dạy khoa học, locgic, trọng tâm, súc tích giúp HS vừa dễ nhớ vừa hiểu được bản chất.', 'Trường THPT Einstein', '2007-08-23', 9.5, './images/teacher/teacher_20.png'),
(2084, 'Giáo viên quốc dân với phong cách giảng dạy hài hước và tâm lí.', 'Trường THPT Ngô Gia Tự (Tập đoàn giáo dục Thanh Xuân)', '2011-03-23', 0.5, './images/teacher/teacher_39.png'),
(2085, 'Yêu mến và tôn trọng tính cá nhân của mỗi HS, thầy có quan điểm trong giảng dạy và giáo dục: \"Phát triển năng lực của HS ở chính mặt mạnh của các em\".', ' Trường TH, THCS & THPT Archimedes Đông Anh (hệ liên cấp)', '2006-03-04', 9.5, './images/teacher/teacher_1.png'),
(2086, 'Yêu mến và tôn trọng tính cá nhân của mỗi HS, thầy có quan điểm trong giảng dạy và giáo dục: \"Phát triển năng lực của HS ở chính mặt mạnh của các em\".', 'Trường THPT M.V.Lômônôxôp (Liên cấp LÔMÔNÔXỐP)', '2007-07-19', 4, './images/teacher/teacher_31.png'),
(2087, 'Đặc biệt coi trọng việc xây dựng kiến thức căn bản, luôn khuyến khích sự sáng tạo', 'Trường THPT Nguyễn Văn Huyên ( Hệ thống giáo dục liên cấp)', '2016-02-07', 0.5, './images/teacher/teacher_34.png'),
(2088, 'Truyền cảm hứng và nuôi dưỡng tình yêu học tập thông qua các hoạt động tương tác, các câu hỏi khám phá giúp các em hình thành khả năng sáng tạo và tư duy độc lập.', 'Trường THPT IVS (Bắc Hà - Thanh Oai cũ)', '2007-01-21', 5, './images/teacher/teacher_102.png'),
(2089, 'Quan điểm giảng dạy: \"Muốn giáo dục cho con trẻ, mỗi người thầy cần là một tấm gương sáng về nhân cách, tự học và sáng tạo\".', 'Trường THPT Mạc Đĩnh Chi', '2017-05-15', 5, './images/teacher/teacher_5.png'),
(2090, 'Là một giảng viên dạy giỏi cấp cơ sở, với 17 năm kinh nghiệm trong nghề, luôn muốn truyền cảm hứng đến học trò.', 'Trường THPT Phan Bội Châu', '2015-04-30', 3, './images/teacher/teacher_11.png'),
(2091, 'Ankipedia không phải lúc nào cũng đúng, nhưng sẵn sàng cập nhật, không phải là nguồn tài liệu cuối cùng mà sẽ là nguồn tài liệu đầu tiên.', 'Trường THPT Lạc Long Quân', '2014-04-10', 2, './images/teacher/teacher_38.png'),
(2092, 'Cung cấp kiến thức một cách đầy đủ, chi tiết, trực quan thông qua bản đồ để giải thích những hiện tượng tự nhiên giúp học sinh dễ hình dung và dễ tiếp thu kiến thức.', 'Trường THPT  Marie Curie (Liên cấp Marie Curie)', '2010-01-05', 0.5, './images/teacher/teacher_9.png'),
(2093, 'Yêu mến và tôn trọng tính cá nhân của mỗi HS, thầy có quan điểm trong giảng dạy và giáo dục: \"Phát triển năng lực của HS ở chính mặt mạnh của các em\".', 'Trường THPT Kinh Đô', '2012-12-25', 3.5, './images/teacher/teacher_94.png'),
(2094, 'Phong cách giảng dạy của thầy rất linh hoạt, cá tính, cực ngầu mà rất gần gũi đem lại không khí học tập sôi nổi, thoải mái nhưng hiệu quả.', 'Trường THPT  Nguyễn Đình Chiểu', '2005-04-10', 5.5, './images/teacher/teacher_81.png'),
(2095, 'Quan điểm giảng dạy: \"Muốn giáo dục cho con trẻ, mỗi người thầy cần là một tấm gương sáng về nhân cách, tự học và sáng tạo\".', 'Trường THPT Hồng Bàng', '2013-02-19', 10, './images/teacher/teacher_55.png'),
(2096, 'Cung cấp kiến thức một cách đầy đủ, chi tiết, trực quan thông qua bản đồ để giải thích những hiện tượng tự nhiên giúp học sinh dễ hình dung và dễ tiếp thu kiến thức.', 'Trường THPT THCS & THPT TH School Hòa Lạc (hệ thống liên cấp)', '2015-01-02', 10, './images/teacher/teacher_37.png'),
(2097, 'Đừng e ngại xuất phát điểm của bạn như thế nào. Sự kiên trì và quyết tâm trong cuộc sống sẽ đem đến \"trái ngọt\" trong tương lai của bạn. ', 'Trường THPT Olimpia (Liên cấp olympia)', '2015-05-10', 2.5, './images/teacher/teacher_52.png'),
(2098, 'Cả cuộc đời cô gắn trọn với sự nghiệp giáo dục. Hệ thống bài giảng về Đức dục và Trí dục của cô đã góp phần bồi dưỡng cho tâm hồn và trí tuệ của các thế hệ học trò Việt.', 'Trường THPT  Nguyễn Thượng Hiền-Ứng Hòa', '2008-04-07', 6.5, './images/teacher/teacher_51.png'),
(2099, 'Cung cấp kiến thức một cách đầy đủ, chi tiết, trực quan thông qua bản đồ để giải thích những hiện tượng tự nhiên giúp học sinh dễ hình dung và dễ tiếp thu kiến thức.', 'Trường THPT M.V.Lômônôxôp (Liên cấp LÔMÔNÔXỐP)', '2017-10-02', 6.5, './images/teacher/teacher_56.png'),
(2100, '\"Hạnh phúc lớn nhất của người thầy chính là nhìn thấy sự trưởng thành của học trò, Địa lí là cầu nối giúp tôi gần gũi và hỗ trợ cho HS mình nhiều hơn\".', 'Trường THPT Văn Hiến', '2005-07-25', 0.5, './images/teacher/teacher_69.png');

-- --------------------------------------------------------

--
-- Table structure for table `hoa_don`
--

CREATE TABLE `hoa_don` (
  `so_bien_lai` varchar(32) NOT NULL,
  `ngay_thanh_toan` date NOT NULL,
  `ghi_chu` varchar(255) DEFAULT NULL,
  `phuong_thuc_thanh_toan` int(11) NOT NULL
) ENGINE=InnoDB DEFAULT CHARSET=utf8mb4;

--
-- Dumping data for table `hoa_don`
--

INSERT INTO `hoa_don` (`so_bien_lai`, `ngay_thanh_toan`, `ghi_chu`, `phuong_thuc_thanh_toan`) VALUES
('1000', '2022-01-11', 'null', 4),
('1001', '2022-01-02', 'null', 2),
('1002', '2021-12-30', 'null', 3),
('1003', '2022-01-11', 'null', 1),
('1004', '2021-12-19', 'null', 4),
('1005', '2022-01-01', 'null', 3),
('1006', '2021-12-24', 'null', 2),
('1007', '2022-01-11', 'null', 1),
('1008', '2021-12-23', 'null', 2),
('1009', '2022-01-02', 'null', 2),
('1010', '2022-01-01', 'null', 1),
('1011', '2022-01-02', 'null', 4),
('1012', '2021-12-17', 'null', 3),
('1013', '2022-01-01', 'null', 3),
('1014', '2021-12-31', 'null', 3),
('1015', '2022-01-11', 'null', 1),
('1016', '2022-01-06', 'null', 2),
('1017', '2021-12-17', 'null', 4),
('1018', '2022-01-08', 'null', 4),
('1019', '2022-01-12', 'null', 3),
('1020', '2022-01-13', 'null', 1),
('1021', '2021-12-26', 'null', 3),
('1022', '2021-12-22', 'null', 3),
('1023', '2021-12-30', 'null', 2),
('1024', '2021-12-31', 'null', 3),
('1025', '2021-12-24', 'null', 2),
('1026', '2022-01-03', 'null', 4),
('1027', '2021-12-19', 'null', 1),
('1028', '2021-12-23', 'null', 2),
('1029', '2022-01-03', 'null', 2),
('1030', '2022-01-11', 'null', 3),
('1031', '2022-01-07', 'null', 3),
('1032', '2022-01-14', 'null', 1),
('1033', '2022-01-06', 'null', 2),
('1034', '2021-12-24', 'null', 1),
('1035', '2022-01-08', 'null', 2),
('1036', '2022-01-15', 'null', 4),
('1037', '2022-01-15', 'null', 1),
('1038', '2022-01-12', 'null', 2),
('1039', '2022-01-13', 'null', 2),
('1040', '2022-01-13', 'null', 4),
('1041', '2022-01-07', 'null', 3),
('1042', '2022-01-13', 'null', 1),
('1043', '2021-12-17', 'null', 1),
('1044', '2021-12-16', 'null', 1),
('1045', '2022-01-04', 'null', 3),
('1046', '2022-01-03', 'null', 1),
('1047', '2021-12-17', 'null', 1),
('1048', '2022-01-13', 'null', 2),
('1049', '2021-12-22', 'null', 3),
('1050', '2021-12-23', 'null', 2),
('1051', '2022-01-07', 'null', 3),
('1052', '2022-01-07', 'null', 4),
('1053', '2022-01-12', 'null', 1),
('1054', '2021-12-20', 'null', 2),
('1055', '2021-12-23', 'null', 3),
('1056', '2021-12-25', 'null', 4),
('1057', '2022-01-02', 'null', 2),
('1058', '2021-12-24', 'null', 4),
('1059', '2022-01-09', 'null', 3),
('1060', '2022-01-13', 'null', 4),
('1061', '2022-01-07', 'null', 4),
('1062', '2022-01-06', 'null', 4),
('1063', '2021-12-25', 'null', 1),
('1064', '2022-01-10', 'null', 2),
('1065', '2022-01-08', 'null', 4),
('1066', '2022-01-08', 'null', 3),
('1067', '2021-12-16', 'null', 4),
('1068', '2021-12-24', 'null', 1),
('1069', '2021-12-16', 'null', 2),
('1070', '2022-01-03', 'null', 1),
('1071', '2022-01-06', 'null', 3),
('1072', '2022-01-09', 'null', 1),
('1073', '2022-01-02', 'null', 1),
('1074', '2021-12-16', 'null', 3),
('1075', '2021-12-29', 'null', 1),
('1076', '2021-12-21', 'null', 1),
('1077', '2022-01-01', 'null', 3),
('1078', '2021-12-24', 'null', 4),
('1079', '2022-01-02', 'null', 2),
('1080', '2021-12-19', 'null', 2),
('1081', '2022-01-06', 'null', 3),
('1082', '2022-01-12', 'null', 1),
('1083', '2021-12-16', 'null', 4),
('1084', '2022-01-04', 'null', 1),
('1085', '2022-01-03', 'null', 1),
('1086', '2022-01-03', 'null', 3),
('1087', '2022-01-05', 'null', 4),
('1088', '2021-12-30', 'null', 3),
('1089', '2021-12-21', 'null', 3),
('1090', '2022-01-04', 'null', 3),
('1091', '2022-01-03', 'null', 3),
('1092', '2022-01-09', 'null', 2),
('1093', '2021-12-26', 'null', 2),
('1094', '2022-01-09', 'null', 1),
('1095', '2022-01-11', 'null', 1),
('1096', '2022-01-01', 'null', 1),
('1097', '2022-01-04', 'null', 2),
('1098', '2022-01-02', 'null', 3),
('1099', '2022-01-15', 'null', 1),
('1100', '2022-01-11', 'null', 2),
('1101', '2022-01-11', 'null', 1),
('1102', '2022-01-12', 'null', 3),
('1103', '2021-12-27', 'null', 4),
('1104', '2022-01-12', 'null', 2),
('1105', '2022-01-06', 'null', 3),
('1106', '2021-12-29', 'null', 2),
('1107', '2021-12-17', 'null', 2),
('1108', '2021-12-23', 'null', 4),
('1109', '2021-12-24', 'null', 1),
('1110', '2022-01-10', 'null', 2),
('1111', '2022-01-09', 'null', 1),
('1112', '2022-01-09', 'null', 4),
('1113', '2022-01-10', 'null', 3),
('1114', '2022-01-05', 'null', 4),
('1115', '2022-01-01', 'null', 1),
('1116', '2021-12-16', 'null', 2),
('1117', '2022-01-07', 'null', 4),
('1118', '2021-12-22', 'null', 3),
('1119', '2021-12-22', 'null', 1),
('1120', '2022-01-08', 'null', 3),
('1121', '2022-01-13', 'null', 4),
('1122', '2021-12-31', 'null', 4),
('1123', '2021-12-30', 'null', 1),
('1124', '2022-01-12', 'null', 2),
('1125', '2021-12-15', 'null', 2),
('1126', '2021-12-16', 'null', 3),
('1127', '2021-12-16', 'null', 3),
('1128', '2022-01-03', 'null', 3),
('1129', '2022-01-01', 'null', 1),
('1130', '2021-12-19', 'null', 1),
('1131', '2022-01-09', 'null', 2),
('1132', '2021-12-19', 'null', 4),
('1133', '2022-01-03', 'null', 2),
('1134', '2022-01-07', 'null', 2),
('1135', '2021-12-15', 'null', 2),
('1136', '2022-01-05', 'null', 1),
('1137', '2022-01-02', 'null', 3),
('1138', '2021-12-15', 'null', 2),
('1139', '2022-01-04', 'null', 4),
('1140', '2022-01-07', 'null', 1),
('1141', '2021-12-23', 'null', 1),
('1142', '2022-01-09', 'null', 3),
('1143', '2021-12-18', 'null', 4),
('1144', '2021-12-18', 'null', 3),
('1145', '2021-12-25', 'null', 1),
('1146', '2022-01-03', 'null', 3),
('1147', '2021-12-29', 'null', 2),
('1148', '2021-12-25', 'null', 1),
('1149', '2022-01-01', 'null', 3),
('1150', '2021-12-24', 'null', 4),
('1151', '2021-12-19', 'null', 1),
('1152', '2022-01-05', 'null', 2),
('1153', '2021-12-16', 'null', 4),
('1154', '2022-01-03', 'null', 1),
('1155', '2022-01-05', 'null', 1),
('1156', '2022-01-12', 'null', 4),
('1157', '2021-12-16', 'null', 3),
('1158', '2021-12-29', 'null', 3),
('1159', '2022-01-10', 'null', 1),
('1160', '2021-12-28', 'null', 3),
('1161', '2022-01-10', 'null', 4),
('1162', '2021-12-19', 'null', 2),
('1163', '2021-12-25', 'null', 1),
('1164', '2021-12-17', 'null', 1),
('1165', '2021-12-19', 'null', 2),
('1166', '2022-01-02', 'null', 3),
('1167', '2021-12-18', 'null', 2),
('1168', '2022-01-12', 'null', 2),
('1169', '2021-12-30', 'null', 2),
('1170', '2022-01-01', 'null', 4),
('1171', '2022-01-05', 'null', 1),
('1172', '2022-01-05', 'null', 2),
('1173', '2021-12-29', 'null', 2),
('1174', '2021-12-20', 'null', 3),
('1175', '2022-01-04', 'null', 4),
('1176', '2022-01-15', 'null', 1),
('1177', '2021-12-29', 'null', 2),
('1178', '2021-12-17', 'null', 2),
('1179', '2021-12-30', 'null', 1),
('1180', '2022-01-07', 'null', 4),
('1181', '2022-01-10', 'null', 2),
('1182', '2021-12-16', 'null', 3),
('1183', '2021-12-17', 'null', 3),
('1184', '2022-01-04', 'null', 2),
('1185', '2022-01-02', 'null', 2),
('1186', '2022-01-03', 'null', 4),
('1187', '2022-01-13', 'null', 2),
('1188', '2021-12-20', 'null', 2),
('1189', '2021-12-21', 'null', 2),
('1190', '2021-12-16', 'null', 2),
('1191', '2021-12-29', 'null', 3),
('1192', '2021-12-29', 'null', 3),
('1193', '2022-01-01', 'null', 2),
('1194', '2022-01-07', 'null', 4),
('1195', '2022-01-04', 'null', 4),
('1196', '2021-12-28', 'null', 1),
('1197', '2021-12-25', 'null', 4),
('1198', '2022-01-12', 'null', 3),
('1199', '2021-12-16', 'null', 3),
('1200', '2021-12-25', 'null', 4),
('1201', '2021-12-25', 'null', 3),
('1202', '2021-12-22', 'null', 1),
('1203', '2022-01-07', 'null', 4),
('1204', '2021-12-17', 'null', 1),
('1205', '2021-12-17', 'null', 2),
('1206', '2022-01-10', 'null', 2),
('1207', '2021-12-31', 'null', 4),
('1208', '2022-01-11', 'null', 4),
('1209', '2022-01-13', 'null', 3),
('1210', '2022-01-01', 'null', 4),
('1211', '2021-12-25', 'null', 4),
('1212', '2022-01-15', 'null', 4),
('1213', '2022-01-07', 'null', 1),
('1214', '2022-01-09', 'null', 3),
('1215', '2022-01-07', 'null', 4),
('1216', '2021-12-21', 'null', 1),
('1217', '2022-01-05', 'null', 1),
('1218', '2022-01-01', 'null', 2),
('1219', '2022-01-01', 'null', 2),
('1220', '2022-01-06', 'null', 1),
('1221', '2021-12-23', 'null', 3),
('1222', '2022-01-08', 'null', 3),
('1223', '2021-12-29', 'null', 3),
('1224', '2022-01-09', 'null', 2),
('1225', '2021-12-31', 'null', 4),
('1226', '2022-01-13', 'null', 2),
('1227', '2021-12-16', 'null', 2),
('1228', '2021-12-21', 'null', 3),
('1229', '2022-01-02', 'null', 2),
('1230', '2022-01-11', 'null', 3),
('1231', '2021-12-17', 'null', 1),
('1232', '2022-01-09', 'null', 4),
('1233', '2022-01-13', 'null', 1),
('1234', '2021-12-17', 'null', 1),
('1235', '2022-01-15', 'null', 1),
('1236', '2022-01-11', 'null', 1),
('1237', '2022-01-08', 'null', 3),
('1238', '2022-01-03', 'null', 2),
('1239', '2021-12-26', 'null', 3),
('1240', '2022-01-02', 'null', 3),
('1241', '2021-12-25', 'null', 4),
('1242', '2022-01-15', 'null', 3),
('1243', '2022-01-03', 'null', 2),
('1244', '2021-12-25', 'null', 3),
('1245', '2022-01-13', 'null', 2),
('1246', '2021-12-16', 'null', 2),
('1247', '2021-12-27', 'null', 2),
('1248', '2021-12-24', 'null', 2),
('1249', '2022-01-07', 'null', 3),
('1250', '2021-12-18', 'null', 3),
('1251', '2021-12-18', 'null', 4),
('1252', '2022-01-10', 'null', 1),
('1253', '2022-01-01', 'null', 3),
('1254', '2021-12-23', 'null', 4),
('1255', '2022-01-12', 'null', 4),
('1256', '2021-12-26', 'null', 4),
('1257', '2021-12-30', 'null', 2),
('1258', '2021-12-18', 'null', 2),
('1259', '2022-01-14', 'null', 1),
('1260', '2022-01-03', 'null', 1),
('1261', '2022-01-08', 'null', 1),
('1262', '2022-01-15', 'null', 4),
('1263', '2022-01-09', 'null', 1),
('1264', '2022-01-10', 'null', 2),
('1265', '2021-12-31', 'null', 3),
('1266', '2022-01-15', 'null', 2),
('1267', '2021-12-17', 'null', 4),
('1268', '2021-12-28', 'null', 1),
('1269', '2022-01-10', 'null', 3),
('1270', '2021-12-15', 'null', 3),
('1271', '2021-12-29', 'null', 2),
('1272', '2022-01-13', 'null', 3),
('1273', '2022-01-07', 'null', 1),
('1274', '2021-12-20', 'null', 2),
('1275', '2021-12-19', 'null', 1),
('1276', '2021-12-26', 'null', 2),
('1277', '2022-01-04', 'null', 4),
('1278', '2022-01-06', 'null', 4),
('1279', '2022-01-14', 'null', 2),
('1280', '2021-12-18', 'null', 4),
('1281', '2021-12-19', 'null', 1),
('1282', '2021-12-31', 'null', 3),
('1283', '2022-01-04', 'null', 2),
('1284', '2021-12-27', 'null', 4),
('1285', '2021-12-26', 'null', 1),
('1286', '2021-12-20', 'null', 2),
('1287', '2021-12-26', 'null', 4),
('1288', '2022-01-04', 'null', 4),
('1289', '2022-01-07', 'null', 3),
('1290', '2021-12-15', 'null', 2),
('1291', '2021-12-21', 'null', 3),
('1292', '2022-01-06', 'null', 3),
('1293', '2022-01-02', 'null', 1),
('1294', '2021-12-16', 'null', 2),
('1295', '2021-12-15', 'null', 1),
('1296', '2021-12-26', 'null', 3),
('1297', '2022-01-13', 'null', 1),
('1298', '2021-12-30', 'null', 1),
('1299', '2022-01-03', 'null', 4),
('1300', '2022-01-07', 'null', 2),
('1301', '2021-12-30', 'null', 4),
('1302', '2021-12-22', 'null', 1),
('1303', '2022-01-09', 'null', 1),
('1304', '2021-12-15', 'null', 3),
('1305', '2021-12-26', 'null', 2),
('1306', '2021-12-30', 'null', 1),
('1307', '2022-01-01', 'null', 4),
('1308', '2022-01-08', 'null', 3),
('1309', '2022-01-06', 'null', 3),
('1310', '2021-12-31', 'null', 4),
('1311', '2022-01-06', 'null', 2),
('1312', '2022-01-12', 'null', 4),
('1313', '2022-01-08', 'null', 2),
('1314', '2022-01-15', 'null', 4),
('1315', '2022-01-01', 'null', 4),
('1316', '2021-12-15', 'null', 2),
('1317', '2022-01-14', 'null', 1),
('1318', '2022-01-04', 'null', 3),
('1319', '2022-01-13', 'null', 4),
('1320', '2021-12-28', 'null', 1),
('1321', '2022-01-05', 'null', 1),
('1322', '2022-01-03', 'null', 3),
('1323', '2021-12-27', 'null', 3),
('1324', '2021-12-22', 'null', 4),
('1325', '2021-12-23', 'null', 4),
('1326', '2021-12-26', 'null', 3),
('1327', '2022-01-06', 'null', 2),
('1328', '2022-01-12', 'null', 4),
('1329', '2021-12-29', 'null', 2),
('1330', '2022-01-06', 'null', 1),
('1331', '2021-12-15', 'null', 3),
('1332', '2022-01-06', 'null', 3),
('1333', '2021-12-26', 'null', 3),
('1334', '2022-01-10', 'null', 4),
('1335', '2021-12-21', 'null', 2),
('1336', '2021-12-26', 'null', 1),
('1337', '2022-01-02', 'null', 2),
('1338', '2022-01-08', 'null', 2),
('1339', '2021-12-20', 'null', 1),
('1340', '2022-01-05', 'null', 2),
('1341', '2021-12-17', 'null', 4),
('1342', '2022-01-02', 'null', 2),
('1343', '2022-01-01', 'null', 2),
('1344', '2021-12-24', 'null', 4),
('1345', '2022-01-09', 'null', 1),
('1346', '2022-01-08', 'null', 4),
('1347', '2022-01-05', 'null', 4),
('1348', '2022-01-09', 'null', 1),
('1349', '2021-12-15', 'null', 2),
('1350', '2022-01-03', 'null', 3),
('1351', '2021-12-27', 'null', 3),
('1352', '2022-01-10', 'null', 2),
('1353', '2021-12-25', 'null', 3),
('1354', '2022-01-14', 'null', 3),
('1355', '2021-12-26', 'null', 1),
('1356', '2022-01-04', 'null', 4),
('1357', '2021-12-21', 'null', 4),
('1358', '2021-12-17', 'null', 1),
('1359', '2022-01-15', 'null', 1),
('1360', '2021-12-28', 'null', 2),
('1361', '2021-12-28', 'null', 4),
('1362', '2022-01-01', 'null', 3),
('1363', '2021-12-30', 'null', 4),
('1364', '2021-12-27', 'null', 2),
('1365', '2021-12-21', 'null', 1),
('1366', '2021-12-19', 'null', 2),
('1367', '2022-01-01', 'null', 4),
('1368', '2022-01-15', 'null', 1),
('1369', '2022-01-01', 'null', 1),
('1370', '2022-01-11', 'null', 2),
('1371', '2022-01-14', 'null', 3),
('1372', '2021-12-26', 'null', 1),
('1373', '2022-01-07', 'null', 3),
('1374', '2022-01-13', 'null', 1),
('1375', '2022-01-15', 'null', 4),
('1376', '2022-01-15', 'null', 3),
('1377', '2021-12-29', 'null', 1),
('1378', '2022-01-07', 'null', 1),
('1379', '2022-01-11', 'null', 2),
('1380', '2021-12-19', 'null', 2),
('1381', '2022-01-12', 'null', 1),
('1382', '2021-12-31', 'null', 4),
('1383', '2022-01-14', 'null', 3),
('1384', '2021-12-18', 'null', 3),
('1385', '2022-01-04', 'null', 3),
('1386', '2021-12-15', 'null', 1),
('1387', '2022-01-09', 'null', 4),
('1388', '2021-12-17', 'null', 2),
('1389', '2021-12-25', 'null', 3),
('1390', '2022-01-13', 'null', 2),
('1391', '2022-01-07', 'null', 1),
('1392', '2021-12-18', 'null', 2),
('1393', '2022-01-01', 'null', 2),
('1394', '2021-12-21', 'null', 1),
('1395', '2021-12-27', 'null', 3),
('1396', '2022-01-05', 'null', 3),
('1397', '2022-01-03', 'null', 4),
('1398', '2021-12-26', 'null', 1),
('1399', '2022-01-12', 'null', 3),
('1400', '2022-01-15', 'null', 2),
('1401', '2022-01-12', 'null', 4),
('1402', '2021-12-20', 'null', 1),
('1403', '2022-01-13', 'null', 4),
('1404', '2022-01-04', 'null', 3),
('1405', '2022-01-02', 'null', 4),
('1406', '2021-12-15', 'null', 1),
('1407', '2022-01-09', 'null', 3),
('1408', '2022-01-08', 'null', 2),
('1409', '2022-01-12', 'null', 2),
('1410', '2021-12-20', 'null', 1),
('1411', '2022-01-08', 'null', 1),
('1412', '2021-12-26', 'null', 1),
('1413', '2021-12-18', 'null', 1),
('1414', '2021-12-30', 'null', 2),
('1415', '2022-01-10', 'null', 4),
('1416', '2021-12-21', 'null', 4),
('1417', '2021-12-20', 'null', 2),
('1418', '2022-01-08', 'null', 4),
('1419', '2021-12-29', 'null', 1),
('1420', '2022-01-11', 'null', 1),
('1421', '2021-12-31', 'null', 1),
('1422', '2022-01-03', 'null', 1),
('1423', '2022-01-07', 'null', 1),
('1424', '2021-12-22', 'null', 3),
('1425', '2021-12-21', 'null', 3),
('1426', '2022-01-15', 'null', 4),
('1427', '2022-01-04', 'null', 1),
('1428', '2021-12-29', 'null', 3),
('1429', '2021-12-27', 'null', 3),
('1430', '2021-12-21', 'null', 4),
('1431', '2021-12-18', 'null', 1),
('1432', '2022-01-01', 'null', 1),
('1433', '2021-12-15', 'null', 1),
('1434', '2021-12-21', 'null', 4),
('1435', '2022-01-12', 'null', 3),
('1436', '2021-12-15', 'null', 2),
('1437', '2022-01-01', 'null', 3),
('1438', '2021-12-24', 'null', 1),
('1439', '2021-12-23', 'null', 1),
('1440', '2022-01-15', 'null', 3),
('1441', '2021-12-19', 'null', 2),
('1442', '2021-12-27', 'null', 3),
('1443', '2022-01-08', 'null', 3),
('1444', '2022-01-10', 'null', 1),
('1445', '2021-12-29', 'null', 2),
('1446', '2021-12-22', 'null', 1),
('1447', '2022-01-02', 'null', 1),
('1448', '2022-01-14', 'null', 4),
('1449', '2022-01-13', 'null', 2),
('1450', '2021-12-22', 'null', 3),
('1451', '2022-01-08', 'null', 2),
('1452', '2021-12-29', 'null', 3),
('1453', '2021-12-18', 'null', 2),
('1454', '2022-01-08', 'null', 1),
('1455', '2021-12-24', 'null', 3),
('1456', '2022-01-08', 'null', 1),
('1457', '2022-01-12', 'null', 1),
('1458', '2021-12-22', 'null', 1),
('1459', '2021-12-26', 'null', 1),
('1460', '2022-01-11', 'null', 2),
('1461', '2022-01-14', 'null', 3),
('1462', '2022-01-14', 'null', 2),
('1463', '2021-12-24', 'null', 4),
('1464', '2021-12-23', 'null', 3),
('1465', '2022-01-06', 'null', 1),
('1466', '2022-01-08', 'null', 4),
('1467', '2021-12-16', 'null', 2),
('1468', '2021-12-17', 'null', 1),
('1469', '2021-12-15', 'null', 2),
('1470', '2022-01-12', 'null', 3),
('1471', '2021-12-19', 'null', 4),
('1472', '2021-12-25', 'null', 1),
('1473', '2022-01-01', 'null', 1),
('1474', '2021-12-26', 'null', 1),
('1475', '2021-12-15', 'null', 4),
('1476', '2021-12-20', 'null', 2),
('1477', '2021-12-19', 'null', 1),
('1478', '2021-12-24', 'null', 1),
('1479', '2021-12-15', 'null', 2),
('1480', '2021-12-16', 'null', 1),
('1481', '2022-01-15', 'null', 3),
('1482', '2022-01-14', 'null', 3),
('1483', '2022-01-13', 'null', 3),
('1484', '2022-01-04', 'null', 1),
('1485', '2021-12-27', 'null', 2),
('1486', '2022-01-13', 'null', 4),
('1487', '2022-01-10', 'null', 4),
('1488', '2022-01-01', 'null', 2),
('1489', '2021-12-18', 'null', 1),
('1490', '2021-12-18', 'null', 4),
('1491', '2022-01-06', 'null', 1),
('1492', '2022-01-12', 'null', 1),
('1493', '2022-01-10', 'null', 2),
('1494', '2021-12-28', 'null', 1),
('1495', '2021-12-22', 'null', 2),
('1496', '2022-01-08', 'null', 2),
('1497', '2021-12-27', 'null', 3),
('1498', '2021-12-31', 'null', 2),
('1499', '2021-12-26', 'null', 4),
('1500', '2021-12-30', 'null', 1),
('1501', '2021-12-18', 'null', 2),
('1502', '2021-12-29', 'null', 1),
('1503', '2022-01-11', 'null', 4),
('1504', '2021-12-19', 'null', 4),
('1505', '2021-12-30', 'null', 3),
('1506', '2021-12-21', 'null', 2),
('1507', '2021-12-31', 'null', 1),
('1508', '2021-12-16', 'null', 2),
('1509', '2021-12-29', 'null', 3),
('1510', '2021-12-19', 'null', 1),
('1511', '2021-12-16', 'null', 3),
('1512', '2022-01-14', 'null', 4),
('1513', '2021-12-24', 'null', 2),
('1514', '2022-01-13', 'null', 3),
('1515', '2022-01-10', 'null', 3),
('1516', '2021-12-25', 'null', 4),
('1517', '2021-12-29', 'null', 4),
('1518', '2022-01-03', 'null', 1),
('1519', '2022-01-05', 'null', 1),
('1520', '2021-12-16', 'null', 4),
('1521', '2022-01-13', 'null', 1),
('1522', '2022-01-06', 'null', 4),
('1523', '2022-01-11', 'null', 3),
('1524', '2022-01-06', 'null', 4),
('1525', '2022-01-15', 'null', 2),
('1526', '2022-01-03', 'null', 4),
('1527', '2021-12-25', 'null', 2),
('1528', '2021-12-28', 'null', 3),
('1529', '2022-01-11', 'null', 3),
('1530', '2022-01-07', 'null', 2),
('1531', '2021-12-26', 'null', 2),
('1532', '2022-01-03', 'null', 1),
('1533', '2022-01-09', 'null', 3),
('1534', '2021-12-28', 'null', 2),
('1535', '2021-12-31', 'null', 1),
('1536', '2022-01-12', 'null', 3),
('1537', '2021-12-16', 'null', 4),
('1538', '2021-12-19', 'null', 3),
('1539', '2021-12-22', 'null', 4),
('1540', '2021-12-28', 'null', 4),
('1541', '2021-12-17', 'null', 4),
('1542', '2021-12-28', 'null', 3),
('1543', '2022-01-03', 'null', 3),
('1544', '2022-01-10', 'null', 1),
('1545', '2021-12-30', 'null', 1),
('1546', '2021-12-18', 'null', 4),
('1547', '2022-01-03', 'null', 1),
('1548', '2021-12-26', 'null', 2),
('1549', '2022-01-11', 'null', 1),
('1550', '2022-01-09', 'null', 1),
('1551', '2022-01-05', 'null', 4),
('1552', '2022-01-05', 'null', 4),
('1553', '2022-01-07', 'null', 4),
('1554', '2022-01-11', 'null', 4),
('1555', '2021-12-25', 'null', 2),
('1556', '2022-01-08', 'null', 4),
('1557', '2021-12-31', 'null', 4),
('1558', '2021-12-30', 'null', 2),
('1559', '2021-12-23', 'null', 3),
('1560', '2022-01-14', 'null', 4),
('1561', '2021-12-20', 'null', 2),
('1562', '2021-12-31', 'null', 2),
('1563', '2021-12-23', 'null', 3),
('1564', '2022-01-13', 'null', 4),
('1565', '2021-12-21', 'null', 1),
('1566', '2022-01-08', 'null', 1),
('1567', '2022-01-14', 'null', 1),
('1568', '2021-12-18', 'null', 2),
('1569', '2022-01-12', 'null', 3),
('1570', '2022-01-14', 'null', 1),
('1571', '2022-01-02', 'null', 4),
('1572', '2021-12-31', 'null', 3),
('1573', '2022-01-01', 'null', 4),
('1574', '2022-01-08', 'null', 4),
('1575', '2021-12-29', 'null', 2),
('1576', '2022-01-14', 'null', 2),
('1577', '2021-12-15', 'null', 1),
('1578', '2021-12-26', 'null', 4),
('1579', '2022-01-02', 'null', 3),
('1580', '2022-01-01', 'null', 2),
('1581', '2022-01-02', 'null', 3),
('1582', '2022-01-02', 'null', 2),
('1583', '2022-01-03', 'null', 4),
('1584', '2021-12-16', 'null', 1),
('1585', '2022-01-08', 'null', 2),
('1586', '2022-01-10', 'null', 4),
('1587', '2021-12-21', 'null', 1),
('1588', '2021-12-31', 'null', 2),
('1589', '2021-12-16', 'null', 3),
('1590', '2022-01-13', 'null', 4),
('1591', '2022-01-07', 'null', 4),
('1592', '2021-12-22', 'null', 2),
('1593', '2021-12-16', 'null', 3),
('1594', '2021-12-21', 'null', 1),
('1595', '2021-12-15', 'null', 4),
('1596', '2021-12-23', 'null', 4),
('1597', '2022-01-10', 'null', 3),
('1598', '2022-01-06', 'null', 1),
('1599', '2021-12-15', 'null', 3),
('1600', '2021-12-23', 'null', 1),
('1601', '2022-01-11', 'null', 2),
('1602', '2022-01-01', 'null', 1),
('1603', '2021-12-30', 'null', 1),
('1604', '2022-01-09', 'null', 1),
('1605', '2021-12-27', 'null', 2),
('1606', '2022-01-01', 'null', 3),
('1607', '2022-01-03', 'null', 1),
('1608', '2022-01-08', 'null', 4),
('1609', '2022-01-12', 'null', 2),
('1610', '2021-12-27', 'null', 2),
('1611', '2022-01-13', 'null', 4),
('1612', '2021-12-20', 'null', 2),
('1613', '2022-01-06', 'null', 3),
('1614', '2022-01-15', 'null', 1),
('1615', '2021-12-25', 'null', 3),
('1616', '2022-01-14', 'null', 1),
('1617', '2021-12-22', 'null', 3),
('1618', '2022-01-05', 'null', 3),
('1619', '2022-01-11', 'null', 3),
('1620', '2022-01-08', 'null', 4),
('1621', '2021-12-20', 'null', 2),
('1622', '2022-01-06', 'null', 4),
('1623', '2021-12-29', 'null', 1),
('1624', '2021-12-20', 'null', 3),
('1625', '2022-01-08', 'null', 2),
('1626', '2021-12-28', 'null', 4),
('1627', '2022-01-13', 'null', 4),
('1628', '2022-01-07', 'null', 1),
('1629', '2022-01-04', 'null', 1),
('1630', '2021-12-19', 'null', 4),
('1631', '2021-12-16', 'null', 3),
('1632', '2021-12-21', 'null', 2),
('1633', '2021-12-31', 'null', 1),
('1634', '2021-12-24', 'null', 2),
('1635', '2021-12-17', 'null', 1),
('1636', '2022-01-03', 'null', 4),
('1637', '2022-01-06', 'null', 1),
('1638', '2021-12-23', 'null', 1),
('1639', '2022-01-12', 'null', 4),
('1640', '2022-01-11', 'null', 3),
('1641', '2021-12-17', 'null', 1),
('1642', '2022-01-14', 'null', 2),
('1643', '2021-12-19', 'null', 4),
('1644', '2022-01-12', 'null', 4),
('1645', '2021-12-20', 'null', 2),
('1646', '2022-01-14', 'null', 2),
('1647', '2022-01-06', 'null', 2),
('1648', '2022-01-07', 'null', 1),
('1649', '2022-01-04', 'null', 2),
('1650', '2021-12-15', 'null', 3),
('1651', '2021-12-25', 'null', 2),
('1652', '2022-01-10', 'null', 4),
('1653', '2022-01-10', 'null', 4),
('1654', '2022-01-14', 'null', 1),
('1655', '2021-12-22', 'null', 2),
('1656', '2022-01-06', 'null', 3),
('1657', '2021-12-30', 'null', 3),
('1658', '2021-12-27', 'null', 4),
('1659', '2021-12-31', 'null', 2),
('1660', '2021-12-26', 'null', 4),
('1661', '2022-01-14', 'null', 3),
('1662', '2021-12-16', 'null', 2),
('1663', '2021-12-15', 'null', 1),
('1664', '2021-12-20', 'null', 4),
('1665', '2021-12-20', 'null', 2),
('1666', '2022-01-11', 'null', 4),
('1667', '2022-01-10', 'null', 1),
('1668', '2022-01-04', 'null', 3),
('1669', '2021-12-20', 'null', 2),
('1670', '2022-01-08', 'null', 1),
('1671', '2021-12-29', 'null', 4),
('1672', '2021-12-29', 'null', 4),
('1673', '2022-01-05', 'null', 2),
('1674', '2022-01-14', 'null', 1),
('1675', '2021-12-17', 'null', 1),
('1676', '2021-12-18', 'null', 3),
('1677', '2021-12-31', 'null', 3),
('1678', '2021-12-18', 'null', 2),
('1679', '2022-01-10', 'null', 4),
('1680', '2021-12-30', 'null', 2),
('1681', '2021-12-31', 'null', 3),
('1682', '2021-12-17', 'null', 2),
('1683', '2022-01-10', 'null', 3),
('1684', '2022-01-02', 'null', 4),
('1685', '2021-12-19', 'null', 1),
('1686', '2022-01-12', 'null', 4),
('1687', '2022-01-11', 'null', 1),
('1688', '2021-12-31', 'null', 2),
('1689', '2021-12-23', 'null', 3),
('1690', '2022-01-14', 'null', 2),
('1691', '2021-12-24', 'null', 1),
('1692', '2021-12-27', 'null', 1),
('1693', '2021-12-30', 'null', 3),
('1694', '2022-01-15', 'null', 2),
('1695', '2022-01-10', 'null', 2),
('1696', '2022-01-11', 'null', 4),
('1697', '2022-01-02', 'null', 4),
('1698', '2022-01-14', 'null', 3),
('1699', '2021-12-31', 'null', 2),
('1700', '2021-12-27', 'null', 1),
('1701', '2022-01-02', 'null', 2),
('1702', '2021-12-31', 'null', 2),
('1703', '2021-12-22', 'null', 4),
('1704', '2021-12-24', 'null', 1),
('1705', '2021-12-16', 'null', 3),
('1706', '2021-12-22', 'null', 3),
('1707', '2022-01-02', 'null', 4),
('1708', '2021-12-18', 'null', 2),
('1709', '2021-12-17', 'null', 3),
('1710', '2022-01-14', 'null', 3),
('1711', '2022-01-08', 'null', 4),
('1712', '2021-12-30', 'null', 3),
('1713', '2021-12-17', 'null', 1),
('1714', '2022-01-10', 'null', 3),
('1715', '2022-01-09', 'null', 1),
('1716', '2022-01-09', 'null', 2),
('1717', '2022-01-12', 'null', 4),
('1718', '2021-12-29', 'null', 3),
('1719', '2021-12-27', 'null', 4),
('1720', '2022-01-07', 'null', 3),
('1721', '2022-01-13', 'null', 2),
('1722', '2021-12-28', 'null', 3),
('1723', '2021-12-17', 'null', 3),
('1724', '2021-12-25', 'null', 1),
('1725', '2022-01-07', 'null', 3),
('1726', '2022-01-09', 'null', 2),
('1727', '2022-01-14', 'null', 2),
('1728', '2021-12-19', 'null', 4),
('1729', '2021-12-24', 'null', 2),
('1730', '2022-01-15', 'null', 4),
('1731', '2022-01-01', 'null', 4),
('1732', '2022-01-03', 'null', 3),
('1733', '2021-12-28', 'null', 2),
('1734', '2021-12-23', 'null', 2),
('1735', '2022-01-13', 'null', 2),
('1736', '2021-12-23', 'null', 1),
('1737', '2022-01-01', 'null', 3),
('1738', '2021-12-26', 'null', 1),
('1739', '2022-01-05', 'null', 1),
('1740', '2021-12-16', 'null', 3),
('1741', '2022-01-13', 'null', 3),
('1742', '2021-12-18', 'null', 3),
('1743', '2021-12-15', 'null', 3),
('1744', '2022-01-12', 'null', 1),
('1745', '2022-01-13', 'null', 1),
('1746', '2021-12-23', 'null', 3),
('1747', '2022-01-05', 'null', 4),
('1748', '2021-12-23', 'null', 1),
('1749', '2022-01-12', 'null', 2),
('1750', '2022-01-13', 'null', 3),
('1751', '2021-12-27', 'null', 4),
('1752', '2021-12-22', 'null', 1),
('1753', '2022-01-13', 'null', 2),
('1754', '2021-12-19', 'null', 3),
('1755', '2021-12-26', 'null', 1),
('1756', '2022-01-07', 'null', 2),
('1757', '2022-01-04', 'null', 1),
('1758', '2021-12-27', 'null', 1),
('1759', '2021-12-27', 'null', 2),
('1760', '2021-12-28', 'null', 3),
('1761', '2021-12-25', 'null', 3),
('1762', '2021-12-17', 'null', 1),
('1763', '2021-12-29', 'null', 1),
('1764', '2022-01-06', 'null', 2),
('1765', '2021-12-26', 'null', 2),
('1766', '2022-01-09', 'null', 2),
('1767', '2022-01-01', 'null', 4),
('1768', '2022-01-04', 'null', 2),
('1769', '2021-12-30', 'null', 2),
('1770', '2022-01-11', 'null', 4),
('1771', '2021-12-21', 'null', 2),
('1772', '2021-12-22', 'null', 2),
('1773', '2021-12-24', 'null', 4),
('1774', '2022-01-03', 'null', 2),
('1775', '2021-12-16', 'null', 2),
('1776', '2022-01-06', 'null', 2),
('1777', '2022-01-12', 'null', 1),
('1778', '2022-01-04', 'null', 3),
('1779', '2022-01-13', 'null', 3),
('1780', '2021-12-31', 'null', 3),
('1781', '2022-01-13', 'null', 2),
('1782', '2022-01-13', 'null', 1),
('1783', '2022-01-15', 'null', 1),
('1784', '2022-01-13', 'null', 4),
('1785', '2021-12-25', 'null', 1),
('1786', '2021-12-19', 'null', 4),
('1787', '2022-01-01', 'null', 1),
('1788', '2021-12-18', 'null', 2),
('1789', '2022-01-04', 'null', 3),
('1790', '2021-12-18', 'null', 1),
('1791', '2022-01-07', 'null', 1),
('1792', '2021-12-27', 'null', 1),
('1793', '2021-12-29', 'null', 2),
('1794', '2021-12-30', 'null', 2),
('1795', '2022-01-04', 'null', 4),
('1796', '2021-12-19', 'null', 3),
('1797', '2021-12-29', 'null', 2),
('1798', '2022-01-10', 'null', 2),
('1799', '2022-01-07', 'null', 4),
('1800', '2021-12-21', 'null', 3),
('1801', '2022-01-10', 'null', 2),
('1802', '2022-01-06', 'null', 4),
('1803', '2022-01-11', 'null', 1),
('1804', '2022-01-15', 'null', 3),
('1805', '2021-12-15', 'null', 3),
('1806', '2022-01-11', 'null', 4),
('1807', '2022-01-09', 'null', 2),
('1808', '2021-12-31', 'null', 3),
('1809', '2021-12-31', 'null', 3),
('1810', '2022-01-04', 'null', 1),
('1811', '2022-01-02', 'null', 3),
('1812', '2022-01-15', 'null', 3),
('1813', '2021-12-16', 'null', 4),
('1814', '2022-01-07', 'null', 1),
('1815', '2021-12-31', 'null', 2),
('1816', '2022-01-15', 'null', 4),
('1817', '2022-01-03', 'null', 4),
('1818', '2022-01-06', 'null', 1),
('1819', '2022-01-07', 'null', 3),
('1820', '2022-01-01', 'null', 1),
('1821', '2022-01-15', 'null', 2),
('1822', '2021-12-21', 'null', 1),
('1823', '2022-01-15', 'null', 1),
('1824', '2021-12-29', 'null', 2),
('1825', '2021-12-22', 'null', 4),
('1826', '2022-01-13', 'null', 2),
('1827', '2021-12-24', 'null', 4),
('1828', '2021-12-29', 'null', 1),
('1829', '2021-12-16', 'null', 2),
('1830', '2022-01-09', 'null', 1),
('1831', '2021-12-20', 'null', 2),
('1832', '2022-01-13', 'null', 4),
('1833', '2021-12-15', 'null', 1),
('1834', '2021-12-24', 'null', 1),
('1835', '2021-12-25', 'null', 1),
('1836', '2021-12-30', 'null', 1),
('1837', '2021-12-18', 'null', 2),
('1838', '2021-12-16', 'null', 2),
('1839', '2022-01-09', 'null', 3),
('1840', '2021-12-21', 'null', 2),
('1841', '2022-01-04', 'null', 2),
('1842', '2022-01-11', 'null', 4),
('1843', '2021-12-27', 'null', 4),
('1844', '2022-01-05', 'null', 3),
('1845', '2022-01-08', 'null', 3),
('1846', '2022-01-02', 'null', 3),
('1847', '2022-01-15', 'null', 2),
('1848', '2022-01-10', 'null', 1),
('1849', '2021-12-15', 'null', 2),
('1850', '2021-12-18', 'null', 3),
('1851', '2022-01-04', 'null', 2),
('1852', '2022-01-04', 'null', 2),
('1853', '2022-01-15', 'null', 4),
('1854', '2022-01-12', 'null', 1),
('1855', '2022-01-05', 'null', 3),
('1856', '2021-12-26', 'null', 4),
('1857', '2022-01-15', 'null', 2),
('1858', '2021-12-19', 'null', 1),
('1859', '2021-12-22', 'null', 4),
('1860', '2021-12-27', 'null', 2),
('1861', '2021-12-20', 'null', 3),
('1862', '2021-12-26', 'null', 4),
('1863', '2021-12-15', 'null', 2),
('1864', '2022-01-06', 'null', 3),
('1865', '2021-12-23', 'null', 2),
('1866', '2021-12-29', 'null', 2),
('1867', '2022-01-10', 'null', 2),
('1868', '2022-01-12', 'null', 4),
('1869', '2021-12-26', 'null', 1),
('1870', '2021-12-22', 'null', 3),
('1871', '2021-12-29', 'null', 4),
('1872', '2021-12-25', 'null', 1),
('1873', '2022-01-05', 'null', 1),
('1874', '2022-01-01', 'null', 1),
('1875', '2022-01-07', 'null', 2),
('1876', '2022-01-03', 'null', 3),
('1877', '2021-12-20', 'null', 4),
('1878', '2022-01-06', 'null', 1),
('1879', '2022-01-11', 'null', 2),
('1880', '2022-01-08', 'null', 1),
('1881', '2022-01-02', 'null', 1),
('1882', '2021-12-16', 'null', 4),
('1883', '2021-12-18', 'null', 1),
('1884', '2022-01-05', 'null', 3),
('1885', '2021-12-28', 'null', 1),
('1886', '2021-12-24', 'null', 4),
('1887', '2022-01-08', 'null', 2),
('1888', '2021-12-29', 'null', 2),
('1889', '2021-12-26', 'null', 1),
('1890', '2022-01-01', 'null', 1),
('1891', '2021-12-19', 'null', 1),
('1892', '2022-01-11', 'null', 3),
('1893', '2021-12-16', 'null', 2),
('1894', '2022-01-14', 'null', 2),
('1895', '2021-12-31', 'null', 3),
('1896', '2022-01-08', 'null', 2),
('1897', '2022-01-13', 'null', 2),
('1898', '2022-01-01', 'null', 2),
('1899', '2022-01-11', 'null', 2),
('1900', '2021-12-17', 'null', 2),
('1901', '2021-12-18', 'null', 3),
('1902', '2021-12-18', 'null', 3),
('1903', '2021-12-22', 'null', 2),
('1904', '2021-12-25', 'null', 1),
('1905', '2022-01-05', 'null', 2),
('1906', '2022-01-07', 'null', 3),
('1907', '2022-01-13', 'null', 3),
('1908', '2021-12-20', 'null', 1),
('1909', '2022-01-04', 'null', 2),
('1910', '2022-01-15', 'null', 4),
('1911', '2022-01-14', 'null', 1),
('1912', '2021-12-30', 'null', 2),
('1913', '2021-12-31', 'null', 3),
('1914', '2022-01-11', 'null', 4),
('1915', '2021-12-22', 'null', 2),
('1916', '2021-12-25', 'null', 1),
('1917', '2022-01-14', 'null', 2),
('1918', '2021-12-28', 'null', 2),
('1919', '2021-12-21', 'null', 1),
('1920', '2022-01-13', 'null', 4),
('1921', '2021-12-31', 'null', 3),
('1922', '2022-01-06', 'null', 1),
('1923', '2022-01-05', 'null', 4),
('1924', '2022-01-04', 'null', 2),
('1925', '2022-01-13', 'null', 3),
('1926', '2021-12-15', 'null', 2),
('1927', '2022-01-14', 'null', 3),
('1928', '2021-12-28', 'null', 2),
('1929', '2022-01-13', 'null', 2),
('1930', '2022-01-02', 'null', 3),
('1931', '2021-12-16', 'null', 4),
('1932', '2022-01-05', 'null', 4),
('1933', '2022-01-02', 'null', 1),
('1934', '2022-01-15', 'null', 4),
('1935', '2022-01-11', 'null', 4),
('1936', '2022-01-08', 'null', 3),
('1937', '2022-01-06', 'null', 1),
('1938', '2022-01-15', 'null', 4),
('1939', '2021-12-18', 'null', 3),
('1940', '2022-01-12', 'null', 1),
('1941', '2022-01-10', 'null', 4),
('1942', '2022-01-01', 'null', 3),
('1943', '2021-12-29', 'null', 4),
('1944', '2021-12-19', 'null', 4),
('1945', '2021-12-31', 'null', 3),
('1946', '2021-12-18', 'null', 4),
('1947', '2021-12-28', 'null', 1),
('1948', '2022-01-03', 'null', 2),
('1949', '2021-12-17', 'null', 4),
('1950', '2021-12-23', 'null', 1),
('1951', '2021-12-16', 'null', 3),
('1952', '2021-12-25', 'null', 2),
('1953', '2022-01-03', 'null', 3),
('1954', '2021-12-22', 'null', 1),
('1955', '2022-01-03', 'null', 2),
('1956', '2021-12-28', 'null', 2),
('1957', '2021-12-24', 'null', 1),
('1958', '2021-12-21', 'null', 2),
('1959', '2021-12-15', 'null', 3),
('1960', '2021-12-29', 'null', 4),
('1961', '2022-01-09', 'null', 4),
('1962', '2022-01-09', 'null', 2),
('1963', '2021-12-24', 'null', 2),
('1964', '2022-01-06', 'null', 4),
('1965', '2022-01-01', 'null', 3),
('1966', '2021-12-26', 'null', 4),
('1967', '2021-12-21', 'null', 2),
('1968', '2022-01-14', 'null', 4),
('1969', '2022-01-15', 'null', 1),
('1970', '2021-12-15', 'null', 4),
('1971', '2021-12-30', 'null', 4),
('1972', '2022-01-09', 'null', 3),
('1973', '2021-12-17', 'null', 2),
('1974', '2022-01-09', 'null', 4),
('1975', '2022-01-12', 'null', 4),
('1976', '2021-12-19', 'null', 3),
('1977', '2022-01-09', 'null', 4),
('1978', '2021-12-19', 'null', 2),
('1979', '2022-01-15', 'null', 4),
('1980', '2022-01-11', 'null', 3),
('1981', '2021-12-25', 'null', 1),
('1982', '2021-12-21', 'null', 4),
('1983', '2022-01-14', 'null', 1),
('1984', '2022-01-04', 'null', 4),
('1985', '2021-12-21', 'null', 4),
('1986', '2022-01-02', 'null', 2),
('1987', '2021-12-27', 'null', 2),
('1988', '2021-12-18', 'null', 4),
('1989', '2021-12-20', 'null', 3),
('1990', '2022-01-06', 'null', 3),
('1991', '2022-01-10', 'null', 3),
('1992', '2022-01-08', 'null', 1),
('1993', '2022-01-06', 'null', 3),
('1994', '2021-12-30', 'null', 2),
('1995', '2022-01-01', 'null', 4),
('1996', '2022-01-06', 'null', 4),
('1997', '2021-12-18', 'null', 3),
('1998', '2021-12-15', 'null', 1),
('1999', '2021-12-26', 'null', 4),
('2000', '2022-01-15', 'null', 2),
('2001', '2021-12-30', 'null', 4),
('2002', '2021-12-18', 'null', 3),
('2003', '2021-12-16', 'null', 1),
('2004', '2022-01-08', 'null', 2),
('2005', '2021-12-15', 'null', 4),
('2006', '2021-12-28', 'null', 1),
('2007', '2022-01-13', 'null', 1),
('2008', '2022-01-13', 'null', 4),
('2009', '2021-12-23', 'null', 4),
('2010', '2021-12-27', 'null', 4),
('2011', '2022-01-03', 'null', 4),
('2012', '2021-12-19', 'null', 3),
('2013', '2021-12-30', 'null', 3),
('2014', '2022-01-13', 'null', 2),
('2015', '2021-12-31', 'null', 4),
('2016', '2022-01-03', 'null', 4),
('2017', '2022-01-01', 'null', 2),
('2018', '2021-12-25', 'null', 4),
('2019', '2022-01-07', 'null', 3),
('2020', '2021-12-23', 'null', 3),
('2021', '2022-01-11', 'null', 2),
('2022', '2021-12-19', 'null', 1),
('2023', '2021-12-25', 'null', 4),
('2024', '2022-01-13', 'null', 4),
('2025', '2021-12-15', 'null', 2),
('2026', '2022-01-12', 'null', 3),
('2027', '2022-01-04', 'null', 4),
('2028', '2021-12-20', 'null', 3),
('2029', '2022-01-09', 'null', 4),
('2030', '2022-01-08', 'null', 4),
('2031', '2022-01-06', 'null', 2),
('2032', '2021-12-17', 'null', 1),
('2033', '2022-01-14', 'null', 3),
('2034', '2021-12-28', 'null', 3),
('2035', '2021-12-25', 'null', 4),
('2036', '2022-01-07', 'null', 4),
('2037', '2022-01-09', 'null', 1),
('2038', '2021-12-26', 'null', 4),
('2039', '2021-12-27', 'null', 3),
('2040', '2022-01-12', 'null', 2),
('2041', '2022-01-11', 'null', 4),
('2042', '2021-12-17', 'null', 3),
('2043', '2021-12-30', 'null', 2),
('2044', '2021-12-18', 'null', 3),
('2045', '2022-01-13', 'null', 3),
('2046', '2022-01-07', 'null', 3),
('2047', '2021-12-30', 'null', 3),
('2048', '2022-01-09', 'null', 2),
('2049', '2021-12-23', 'null', 2),
('2050', '2022-01-07', 'null', 1),
('2051', '2021-12-19', 'null', 4),
('2052', '2021-12-31', 'null', 2),
('2053', '2022-01-04', 'null', 2),
('2054', '2022-01-15', 'null', 4),
('2055', '2022-01-03', 'null', 4),
('2056', '2021-12-25', 'null', 2),
('2057', '2022-01-13', 'null', 4),
('2058', '2021-12-20', 'null', 4),
('2059', '2021-12-16', 'null', 3),
('2060', '2021-12-29', 'null', 2),
('2061', '2021-12-31', 'null', 4),
('2062', '2021-12-27', 'null', 3),
('2063', '2021-12-15', 'null', 3),
('2064', '2021-12-25', 'null', 2),
('2065', '2022-01-01', 'null', 3),
('2066', '2021-12-28', 'null', 1),
('2067', '2022-01-08', 'null', 2),
('2068', '2022-01-03', 'null', 3),
('2069', '2021-12-29', 'null', 3),
('2070', '2021-12-21', 'null', 1),
('2071', '2022-01-02', 'null', 4),
('2072', '2021-12-31', 'null', 3),
('2073', '2021-12-24', 'null', 1),
('2074', '2021-12-22', 'null', 3),
('2075', '2022-01-03', 'null', 4),
('2076', '2021-12-29', 'null', 1),
('2077', '2022-01-06', 'null', 2),
('2078', '2021-12-25', 'null', 4),
('2079', '2021-12-27', 'null', 2),
('2080', '2022-01-04', 'null', 4),
('2081', '2021-12-28', 'null', 3),
('2082', '2021-12-15', 'null', 2),
('2083', '2022-01-05', 'null', 4),
('2084', '2022-01-13', 'null', 1),
('2085', '2022-01-08', 'null', 4),
('2086', '2022-01-01', 'null', 1),
('2087', '2022-01-01', 'null', 1),
('2088', '2022-01-04', 'null', 3),
('2089', '2022-01-03', 'null', 1),
('2090', '2021-12-28', 'null', 4),
('2091', '2021-12-31', 'null', 1),
('2092', '2022-01-08', 'null', 2),
('2093', '2022-01-09', 'null', 2),
('2094', '2022-01-02', 'null', 3),
('2095', '2021-12-22', 'null', 3),
('2096', '2022-01-03', 'null', 3),
('2097', '2022-01-13', 'null', 1),
('2098', '2022-01-15', 'null', 4),
('2099', '2021-12-24', 'null', 3),
('2100', '2022-01-12', 'null', 4),
('2101', '2022-01-12', 'null', 1),
('2102', '2022-01-07', 'null', 4),
('2103', '2021-12-29', 'null', 4),
('2104', '2021-12-26', 'null', 1),
('2105', '2021-12-16', 'null', 3),
('2106', '2022-01-04', 'null', 1),
('2107', '2021-12-19', 'null', 3),
('2108', '2021-12-31', 'null', 4),
('2109', '2022-01-05', 'null', 3),
('2110', '2022-01-10', 'null', 3),
('2111', '2022-01-05', 'null', 4),
('2112', '2021-12-16', 'null', 1),
('2113', '2021-12-28', 'null', 3),
('2114', '2022-01-10', 'null', 3),
('2115', '2021-12-30', 'null', 2),
('2116', '2022-01-12', 'null', 2),
('2117', '2022-01-04', 'null', 3),
('2118', '2022-01-02', 'null', 1),
('2119', '2021-12-21', 'null', 4),
('2120', '2022-01-11', 'null', 1),
('2121', '2022-01-06', 'null', 3),
('2122', '2021-12-26', 'null', 1),
('2123', '2022-01-09', 'null', 4),
('2124', '2021-12-22', 'null', 4),
('2125', '2021-12-24', 'null', 1),
('2126', '2022-01-09', 'null', 3),
('2127', '2022-01-13', 'null', 4),
('2128', '2022-01-14', 'null', 2),
('2129', '2021-12-29', 'null', 1),
('2130', '2021-12-19', 'null', 1),
('2131', '2021-12-28', 'null', 4),
('2132', '2022-01-03', 'null', 4),
('2133', '2022-01-15', 'null', 2),
('2134', '2022-01-06', 'null', 1),
('2135', '2021-12-29', 'null', 1),
('2136', '2021-12-24', 'null', 1),
('2137', '2021-12-15', 'null', 4),
('2138', '2022-01-01', 'null', 4),
('2139', '2022-01-14', 'null', 4),
('2140', '2022-01-14', 'null', 3),
('2141', '2021-12-29', 'null', 4),
('2142', '2022-01-05', 'null', 4),
('2143', '2021-12-26', 'null', 3),
('2144', '2022-01-13', 'null', 1),
('2145', '2022-01-08', 'null', 3),
('2146', '2022-01-15', 'null', 4),
('2147', '2022-01-08', 'null', 4),
('2148', '2021-12-25', 'null', 1),
('2149', '2022-01-09', 'null', 4),
('2150', '2022-01-01', 'null', 3),
('2151', '2022-01-10', 'null', 4),
('2152', '2022-01-05', 'null', 4),
('2153', '2022-01-01', 'null', 2),
('2154', '2022-01-14', 'null', 2),
('2155', '2022-01-07', 'null', 4),
('2156', '2021-12-24', 'null', 2),
('2157', '2021-12-21', 'null', 4),
('2158', '2022-01-10', 'null', 4),
('2159', '2021-12-17', 'null', 1),
('2160', '2022-01-13', 'null', 3),
('2161', '2022-01-13', 'null', 3),
('2162', '2022-01-05', 'null', 1),
('2163', '2022-01-13', 'null', 2),
('2164', '2021-12-31', 'null', 2),
('2165', '2022-01-11', 'null', 2),
('2166', '2022-01-07', 'null', 2),
('2167', '2022-01-14', 'null', 1),
('2168', '2022-01-01', 'null', 1),
('2169', '2022-01-06', 'null', 1),
('2170', '2021-12-24', 'null', 4),
('2171', '2022-01-11', 'null', 3),
('2172', '2021-12-17', 'null', 2),
('2173', '2021-12-26', 'null', 2),
('2174', '2022-01-10', 'null', 3),
('2175', '2022-01-13', 'null', 4),
('2176', '2022-01-11', 'null', 2),
('2177', '2022-01-15', 'null', 4),
('2178', '2021-12-21', 'null', 3),
('2179', '2021-12-17', 'null', 2),
('2180', '2021-12-26', 'null', 4),
('2181', '2022-01-06', 'null', 2),
('2182', '2021-12-28', 'null', 2),
('2183', '2021-12-29', 'null', 1),
('2184', '2022-01-12', 'null', 3),
('2185', '2021-12-31', 'null', 3),
('2186', '2022-01-13', 'null', 1),
('2187', '2021-12-19', 'null', 1),
('2188', '2021-12-21', 'null', 2),
('2189', '2022-01-10', 'null', 1),
('2190', '2022-01-08', 'null', 1),
('2191', '2022-01-01', 'null', 3),
('2192', '2021-12-28', 'null', 3),
('2193', '2022-01-12', 'null', 2),
('2194', '2021-12-15', 'null', 2),
('2195', '2021-12-20', 'null', 2),
('2196', '2021-12-21', 'null', 1),
('2197', '2021-12-27', 'null', 4),
('2198', '2021-12-27', 'null', 1),
('2199', '2021-12-21', 'null', 3),
('2200', '2022-01-06', 'null', 1),
('2201', '2021-12-17', 'null', 3),
('2202', '2022-01-07', 'null', 4),
('2203', '2022-01-08', 'null', 1),
('2204', '2021-12-30', 'null', 3),
('2205', '2021-12-26', 'null', 2),
('2206', '2021-12-18', 'null', 1),
('2207', '2021-12-24', 'null', 3),
('2208', '2022-01-15', 'null', 2),
('2209', '2022-01-03', 'null', 4),
('2210', '2021-12-20', 'null', 3),
('2211', '2022-01-08', 'null', 4),
('2212', '2022-01-10', 'null', 1),
('2213', '2022-01-14', 'null', 1),
('2214', '2022-01-02', 'null', 3),
('2215', '2021-12-21', 'null', 1),
('2216', '2021-12-30', 'null', 4),
('2217', '2021-12-31', 'null', 4),
('2218', '2021-12-24', 'null', 3),
('2219', '2021-12-20', 'null', 1),
('2220', '2022-01-06', 'null', 3),
('2221', '2022-01-08', 'null', 1),
('2222', '2022-01-07', 'null', 1),
('2223', '2021-12-23', 'null', 1),
('2224', '2021-12-23', 'null', 3),
('2225', '2021-12-21', 'null', 4),
('2226', '2022-01-05', 'null', 1),
('2227', '2022-01-15', 'null', 1),
('2228', '2022-01-03', 'null', 2),
('2229', '2021-12-16', 'null', 1),
('2230', '2022-01-07', 'null', 1),
('2231', '2021-12-27', 'null', 2),
('2232', '2022-01-11', 'null', 2),
('2233', '2022-01-01', 'null', 1),
('2234', '2022-01-07', 'null', 3),
('2235', '2021-12-23', 'null', 3),
('2236', '2022-01-07', 'null', 3),
('2237', '2021-12-23', 'null', 2),
('2238', '2022-01-09', 'null', 1),
('2239', '2022-01-12', 'null', 2),
('2240', '2022-01-08', 'null', 2),
('2241', '2022-01-15', 'null', 4),
('2242', '2021-12-17', 'null', 3),
('2243', '2021-12-15', 'null', 3),
('2244', '2021-12-20', 'null', 3),
('2245', '2021-12-28', 'null', 4),
('2246', '2021-12-25', 'null', 4),
('2247', '2022-01-10', 'null', 4),
('2248', '2021-12-29', 'null', 1),
('2249', '2022-01-05', 'null', 3),
('2250', '2022-01-11', 'null', 4),
('2251', '2022-01-02', 'null', 2),
('2252', '2022-01-08', 'null', 1),
('2253', '2021-12-20', 'null', 3),
('2254', '2021-12-23', 'null', 4),
('2255', '2022-01-11', 'null', 3),
('2256', '2021-12-22', 'null', 4),
('2257', '2022-01-06', 'null', 3),
('2258', '2021-12-28', 'null', 1),
('2259', '2022-01-07', 'null', 4),
('2260', '2022-01-05', 'null', 2),
('2261', '2022-01-07', 'null', 3),
('2262', '2022-01-02', 'null', 1),
('2263', '2022-01-10', 'null', 1),
('2264', '2022-01-08', 'null', 1),
('2265', '2021-12-31', 'null', 3),
('2266', '2022-01-14', 'null', 4),
('2267', '2021-12-20', 'null', 2),
('2268', '2022-01-11', 'null', 2),
('2269', '2022-01-01', 'null', 2),
('2270', '2021-12-22', 'null', 1),
('2271', '2021-12-16', 'null', 4),
('2272', '2022-01-01', 'null', 4),
('2273', '2021-12-28', 'null', 3),
('2274', '2021-12-17', 'null', 4),
('2275', '2022-01-14', 'null', 2),
('2276', '2021-12-28', 'null', 4),
('2277', '2021-12-20', 'null', 1),
('2278', '2021-12-19', 'null', 4),
('2279', '2022-01-09', 'null', 3),
('2280', '2021-12-22', 'null', 4),
('2281', '2021-12-22', 'null', 3),
('2282', '2022-01-07', 'null', 1),
('2283', '2021-12-27', 'null', 1),
('2284', '2022-01-08', 'null', 3),
('2285', '2022-01-07', 'null', 2),
('2286', '2022-01-11', 'null', 4),
('2287', '2021-12-21', 'null', 4),
('2288', '2022-01-02', 'null', 2),
('2289', '2021-12-20', 'null', 3),
('2290', '2022-01-10', 'null', 2),
('2291', '2021-12-29', 'null', 1),
('2292', '2022-01-13', 'null', 3),
('2293', '2022-01-01', 'null', 2),
('2294', '2022-01-13', 'null', 4),
('2295', '2021-12-25', 'null', 4),
('2296', '2022-01-12', 'null', 1),
('2297', '2022-01-02', 'null', 4),
('2298', '2021-12-19', 'null', 4),
('2299', '2021-12-24', 'null', 3),
('2300', '2021-12-20', 'null', 3),
('2301', '2021-12-26', 'null', 2),
('2302', '2022-01-13', 'null', 1),
('2303', '2022-01-03', 'null', 1),
('2304', '2022-01-05', 'null', 3),
('2305', '2022-01-10', 'null', 1),
('2306', '2021-12-26', 'null', 2),
('2307', '2022-01-02', 'null', 2),
('2308', '2021-12-28', 'null', 3),
('2309', '2021-12-15', 'null', 4),
('2310', '2022-01-11', 'null', 1),
('2311', '2022-01-05', 'null', 2),
('2312', '2022-01-10', 'null', 2),
('2313', '2022-01-15', 'null', 2),
('2314', '2022-01-03', 'null', 1),
('2315', '2021-12-25', 'null', 1),
('2316', '2021-12-16', 'null', 4),
('2317', '2022-01-06', 'null', 2),
('2318', '2022-01-10', 'null', 1),
('2319', '2022-01-06', 'null', 3),
('2320', '2021-12-16', 'null', 4),
('2321', '2021-12-27', 'null', 2),
('2322', '2022-01-01', 'null', 2),
('2323', '2021-12-16', 'null', 1),
('2324', '2021-12-31', 'null', 2),
('2325', '2021-12-15', 'null', 2),
('2326', '2021-12-16', 'null', 4),
('2327', '2021-12-30', 'null', 1),
('2328', '2021-12-30', 'null', 4),
('2329', '2022-01-10', 'null', 4),
('2330', '2021-12-28', 'null', 2),
('2331', '2022-01-07', 'null', 3),
('2332', '2022-01-05', 'null', 1),
('2333', '2022-01-09', 'null', 1),
('2334', '2022-01-07', 'null', 2),
('2335', '2021-12-23', 'null', 1),
('2336', '2022-01-07', 'null', 2),
('2337', '2021-12-26', 'null', 4),
('2338', '2022-01-03', 'null', 3),
('2339', '2021-12-31', 'null', 4),
('2340', '2022-01-05', 'null', 1),
('2341', '2022-01-15', 'null', 2),
('2342', '2021-12-25', 'null', 4),
('2343', '2021-12-29', 'null', 1),
('2344', '2022-01-12', 'null', 1),
('2345', '2021-12-22', 'null', 3),
('2346', '2022-01-06', 'null', 1),
('2347', '2022-01-07', 'null', 4),
('2348', '2022-01-05', 'null', 1),
('2349', '2022-01-03', 'null', 3),
('2350', '2022-01-07', 'null', 3),
('2351', '2021-12-21', 'null', 1),
('2352', '2022-01-07', 'null', 1),
('2353', '2021-12-28', 'null', 2),
('2354', '2022-01-12', 'null', 3),
('2355', '2022-01-15', 'null', 4),
('2356', '2021-12-16', 'null', 4),
('2357', '2022-01-06', 'null', 4),
('2358', '2022-01-11', 'null', 2),
('2359', '2022-01-14', 'null', 1),
('2360', '2022-01-06', 'null', 4),
('2361', '2021-12-19', 'null', 4),
('2362', '2022-01-05', 'null', 4),
('2363', '2022-01-04', 'null', 2),
('2364', '2021-12-31', 'null', 3),
('2365', '2021-12-27', 'null', 3),
('2366', '2021-12-27', 'null', 1),
('2367', '2021-12-19', 'null', 1),
('2368', '2021-12-15', 'null', 2),
('2369', '2021-12-30', 'null', 3),
('2370', '2022-01-11', 'null', 4),
('2371', '2021-12-21', 'null', 4),
('2372', '2022-01-09', 'null', 1),
('2373', '2022-01-03', 'null', 2),
('2374', '2021-12-26', 'null', 1),
('2375', '2021-12-18', 'null', 4),
('2376', '2022-01-15', 'null', 1),
('2377', '2021-12-16', 'null', 2),
('2378', '2022-01-09', 'null', 2),
('2379', '2022-01-07', 'null', 3),
('2380', '2022-01-02', 'null', 3),
('2381', '2021-12-21', 'null', 4),
('2382', '2022-01-13', 'null', 2),
('2383', '2022-01-03', 'null', 4),
('2384', '2022-01-15', 'null', 4),
('2385', '2021-12-19', 'null', 4),
('2386', '2022-01-09', 'null', 3),
('2387', '2022-01-14', 'null', 2),
('2388', '2022-01-10', 'null', 4),
('2389', '2021-12-30', 'null', 3),
('2390', '2021-12-24', 'null', 1),
('2391', '2022-01-12', 'null', 3),
('2392', '2021-12-27', 'null', 2),
('2393', '2021-12-30', 'null', 2),
('2394', '2022-01-15', 'null', 2),
('2395', '2022-01-07', 'null', 4),
('2396', '2021-12-16', 'null', 3),
('2397', '2021-12-22', 'null', 3),
('2398', '2022-01-08', 'null', 1),
('2399', '2022-01-13', 'null', 2),
('2400', '2022-01-06', 'null', 2),
('2401', '2021-12-21', 'null', 2),
('2402', '2022-01-10', 'null', 4),
('2403', '2021-12-17', 'null', 2),
('2404', '2022-01-15', 'null', 2),
('2405', '2021-12-22', 'null', 3),
('2406', '2021-12-29', 'null', 3),
('2407', '2022-01-07', 'null', 2),
('2408', '2022-01-01', 'null', 4),
('2409', '2021-12-24', 'null', 4),
('2410', '2022-01-15', 'null', 1),
('2411', '2022-01-05', 'null', 3),
('2412', '2021-12-21', 'null', 2),
('2413', '2022-01-06', 'null', 2),
('2414', '2022-01-01', 'null', 3),
('2415', '2021-12-20', 'null', 1),
('2416', '2021-12-17', 'null', 2),
('2417', '2021-12-15', 'null', 3),
('2418', '2021-12-21', 'null', 3),
('2419', '2021-12-28', 'null', 1),
('2420', '2022-01-02', 'null', 3),
('2421', '2021-12-18', 'null', 1),
('2422', '2022-01-07', 'null', 1),
('2423', '2022-01-01', 'null', 3),
('2424', '2021-12-15', 'null', 3),
('2425', '2022-01-05', 'null', 3),
('2426', '2021-12-18', 'null', 2),
('2427', '2022-01-08', 'null', 1),
('2428', '2021-12-18', 'null', 3),
('2429', '2022-01-09', 'null', 4),
('2430', '2022-01-09', 'null', 4),
('2431', '2022-01-01', 'null', 3),
('2432', '2022-01-02', 'null', 1),
('2433', '2022-01-08', 'null', 3),
('2434', '2021-12-16', 'null', 4),
('2435', '2022-01-05', 'null', 3),
('2436', '2022-01-07', 'null', 1),
('2437', '2021-12-26', 'null', 4),
('2438', '2021-12-24', 'null', 2),
('2439', '2021-12-23', 'null', 2),
('2440', '2022-01-13', 'null', 3),
('2441', '2022-01-10', 'null', 2),
('2442', '2021-12-17', 'null', 4),
('2443', '2021-12-21', 'null', 2),
('2444', '2022-01-07', 'null', 1),
('2445', '2021-12-26', 'null', 4),
('2446', '2022-01-03', 'null', 3),
('2447', '2022-01-10', 'null', 3),
('2448', '2022-01-07', 'null', 2),
('2449', '2021-12-26', 'null', 4),
('2450', '2021-12-27', 'null', 3),
('2451', '2022-01-15', 'null', 2),
('2452', '2022-01-10', 'null', 1),
('2453', '2022-01-07', 'null', 3),
('2454', '2022-01-15', 'null', 4),
('2455', '2021-12-22', 'null', 1),
('2456', '2022-01-09', 'null', 1),
('2457', '2022-01-02', 'null', 3),
('2458', '2022-01-07', 'null', 3),
('2459', '2022-01-05', 'null', 1),
('2460', '2022-01-15', 'null', 1),
('2461', '2021-12-30', 'null', 2),
('2462', '2022-01-09', 'null', 4),
('2463', '2021-12-28', 'null', 4),
('2464', '2021-12-20', 'null', 1),
('2465', '2021-12-19', 'null', 4),
('2466', '2022-01-07', 'null', 3),
('2467', '2022-01-07', 'null', 2),
('2468', '2021-12-31', 'null', 1),
('2469', '2022-01-03', 'null', 1),
('2470', '2021-12-29', 'null', 2),
('2471', '2022-01-01', 'null', 3),
('2472', '2022-01-05', 'null', 3),
('2473', '2021-12-15', 'null', 4),
('2474', '2022-01-09', 'null', 1),
('2475', '2022-01-13', 'null', 2),
('2476', '2021-12-27', 'null', 4),
('2477', '2022-01-11', 'null', 2),
('2478', '2021-12-31', 'null', 3),
('2479', '2022-01-13', 'null', 4),
('2480', '2021-12-31', 'null', 3),
('2481', '2021-12-22', 'null', 3),
('2482', '2022-01-06', 'null', 4),
('2483', '2021-12-17', 'null', 1),
('2484', '2021-12-17', 'null', 1),
('2485', '2021-12-18', 'null', 3),
('2486', '2021-12-15', 'null', 3),
('2487', '2022-01-07', 'null', 1),
('2488', '2021-12-26', 'null', 2),
('2489', '2022-01-15', 'null', 4),
('2490', '2021-12-26', 'null', 3),
('2491', '2022-01-01', 'null', 4),
('2492', '2022-01-06', 'null', 1),
('2493', '2021-12-19', 'null', 1),
('2494', '2022-01-12', 'null', 4),
('2495', '2022-01-02', 'null', 3),
('2496', '2022-01-03', 'null', 2),
('2497', '2022-01-10', 'null', 1),
('2498', '2021-12-25', 'null', 4),
('2499', '2022-01-12', 'null', 3),
('2500', '2022-01-10', 'null', 3),
('2501', '2021-12-29', 'null', 1),
('2502', '2021-12-19', 'null', 1),
('2503', '2022-01-06', 'null', 4),
('2504', '2021-12-28', 'null', 1),
('2505', '2021-12-19', 'null', 2),
('2506', '2021-12-30', 'null', 2),
('2507', '2021-12-22', 'null', 3),
('2508', '2021-12-25', 'null', 4),
('2509', '2021-12-25', 'null', 2),
('2510', '2022-01-12', 'null', 2),
('2511', '2021-12-28', 'null', 2);
INSERT INTO `hoa_don` (`so_bien_lai`, `ngay_thanh_toan`, `ghi_chu`, `phuong_thuc_thanh_toan`) VALUES
('2512', '2021-12-26', 'null', 4),
('2513', '2022-01-12', 'null', 2),
('2514', '2021-12-25', 'null', 1),
('2515', '2021-12-30', 'null', 3),
('2516', '2021-12-16', 'null', 3),
('2517', '2022-01-07', 'null', 3),
('2518', '2021-12-28', 'null', 1),
('2519', '2022-01-12', 'null', 4),
('2520', '2021-12-25', 'null', 1),
('2521', '2022-01-12', 'null', 3),
('2522', '2022-01-04', 'null', 4),
('2523', '2021-12-24', 'null', 3),
('2524', '2022-01-11', 'null', 4),
('2525', '2021-12-31', 'null', 3),
('2526', '2022-01-10', 'null', 1),
('2527', '2021-12-27', 'null', 3),
('2528', '2022-01-14', 'null', 4),
('2529', '2021-12-28', 'null', 4),
('2530', '2022-01-09', 'null', 4),
('2531', '2022-01-06', 'null', 2),
('2532', '2022-01-06', 'null', 2),
('2533', '2021-12-27', 'null', 2),
('2534', '2021-12-21', 'null', 2),
('2535', '2022-01-15', 'null', 2),
('2536', '2021-12-28', 'null', 4),
('2537', '2021-12-25', 'null', 1),
('2538', '2022-01-04', 'null', 3),
('2539', '2021-12-29', 'null', 1),
('2540', '2021-12-29', 'null', 1),
('2541', '2021-12-22', 'null', 3),
('2542', '2021-12-31', 'null', 4),
('2543', '2021-12-27', 'null', 1),
('2544', '2022-01-08', 'null', 3),
('2545', '2022-01-05', 'null', 2),
('2546', '2022-01-07', 'null', 3),
('2547', '2022-01-15', 'null', 3),
('2548', '2022-01-04', 'null', 2),
('2549', '2022-01-09', 'null', 4),
('2550', '2022-01-10', 'null', 3),
('2551', '2021-12-22', 'null', 1),
('2552', '2021-12-27', 'null', 2),
('2553', '2021-12-17', 'null', 3),
('2554', '2021-12-17', 'null', 3),
('2555', '2022-01-06', 'null', 3),
('2556', '2021-12-31', 'null', 2),
('2557', '2021-12-25', 'null', 4),
('2558', '2022-01-02', 'null', 3),
('2559', '2022-01-04', 'null', 1),
('2560', '2022-01-15', 'null', 4),
('2561', '2022-01-14', 'null', 4),
('2562', '2022-01-09', 'null', 1),
('2563', '2021-12-25', 'null', 2),
('2564', '2021-12-27', 'null', 4),
('2565', '2022-01-14', 'null', 3),
('2566', '2022-01-07', 'null', 3),
('2567', '2022-01-11', 'null', 2),
('2568', '2022-01-13', 'null', 4),
('2569', '2021-12-31', 'null', 3),
('2570', '2021-12-20', 'null', 4),
('2571', '2022-01-08', 'null', 2),
('2572', '2021-12-23', 'null', 2),
('2573', '2022-01-04', 'null', 2),
('2574', '2022-01-05', 'null', 1),
('2575', '2021-12-22', 'null', 3),
('2576', '2022-01-06', 'null', 4),
('2577', '2022-01-12', 'null', 1),
('2578', '2022-01-04', 'null', 3),
('2579', '2021-12-16', 'null', 4),
('2580', '2022-01-05', 'null', 3),
('2581', '2022-01-15', 'null', 3),
('2582', '2021-12-15', 'null', 1),
('2583', '2021-12-23', 'null', 2),
('2584', '2021-12-23', 'null', 1),
('2585', '2021-12-17', 'null', 2),
('2586', '2021-12-26', 'null', 1),
('2587', '2021-12-24', 'null', 2),
('2588', '2021-12-20', 'null', 3),
('2589', '2021-12-21', 'null', 4),
('2590', '2022-01-02', 'null', 3),
('2591', '2021-12-21', 'null', 3),
('2592', '2022-01-13', 'null', 3),
('2593', '2021-12-15', 'null', 3),
('2594', '2021-12-30', 'null', 4),
('2595', '2022-01-01', 'null', 3),
('2596', '2021-12-15', 'null', 1),
('2597', '2022-01-01', 'null', 2),
('2598', '2021-12-21', 'null', 2),
('2599', '2021-12-31', 'null', 1),
('2600', '2021-12-16', 'null', 4),
('2601', '2022-01-10', 'null', 4),
('2602', '2022-01-02', 'null', 3),
('2603', '2022-01-04', 'null', 4),
('2604', '2021-12-17', 'null', 3),
('2605', '2022-01-14', 'null', 1),
('2606', '2022-01-09', 'null', 3),
('2607', '2022-01-07', 'null', 2),
('2608', '2021-12-19', 'null', 4),
('2609', '2022-01-14', 'null', 2),
('2610', '2022-01-01', 'null', 3),
('2611', '2022-01-15', 'null', 2),
('2612', '2022-01-07', 'null', 3),
('2613', '2022-01-07', 'null', 3),
('2614', '2022-01-03', 'null', 3),
('2615', '2021-12-15', 'null', 1),
('2616', '2022-01-11', 'null', 4),
('2617', '2022-01-03', 'null', 1),
('2618', '2021-12-27', 'null', 4),
('2619', '2022-01-01', 'null', 3),
('2620', '2022-01-01', 'null', 3),
('2621', '2022-01-01', 'null', 2),
('2622', '2022-01-02', 'null', 4),
('2623', '2022-01-11', 'null', 4),
('2624', '2022-01-04', 'null', 2),
('2625', '2022-01-12', 'null', 3),
('2626', '2022-01-08', 'null', 3),
('2627', '2022-01-02', 'null', 3),
('2628', '2022-01-10', 'null', 4),
('2629', '2021-12-15', 'null', 2),
('2630', '2021-12-20', 'null', 3),
('2631', '2021-12-17', 'null', 2),
('2632', '2021-12-20', 'null', 4),
('2633', '2022-01-13', 'null', 2),
('2634', '2021-12-24', 'null', 2),
('2635', '2021-12-23', 'null', 1),
('2636', '2022-01-12', 'null', 2),
('2637', '2022-01-12', 'null', 1),
('2638', '2021-12-19', 'null', 3),
('2639', '2022-01-01', 'null', 4),
('2640', '2022-01-12', 'null', 3),
('2641', '2022-01-15', 'null', 1),
('2642', '2022-01-01', 'null', 1),
('2643', '2021-12-23', 'null', 3),
('2644', '2022-01-11', 'null', 1),
('2645', '2021-12-24', 'null', 4),
('2646', '2021-12-28', 'null', 3),
('2647', '2021-12-18', 'null', 4),
('2648', '2021-12-15', 'null', 3),
('2649', '2021-12-15', 'null', 2),
('2650', '2021-12-16', 'null', 3),
('2651', '2022-01-06', 'null', 4),
('2652', '2022-01-04', 'null', 1),
('2653', '2021-12-29', 'null', 4),
('2654', '2021-12-18', 'null', 1),
('2655', '2022-01-10', 'null', 1),
('2656', '2022-01-13', 'null', 4),
('2657', '2021-12-26', 'null', 1),
('2658', '2021-12-22', 'null', 2),
('2659', '2022-01-14', 'null', 4),
('2660', '2021-12-25', 'null', 1),
('2661', '2021-12-16', 'null', 4),
('2662', '2022-01-11', 'null', 2),
('2663', '2022-01-02', 'null', 1),
('2664', '2022-01-03', 'null', 3),
('2665', '2021-12-31', 'null', 1),
('2666', '2021-12-23', 'null', 2),
('2667', '2021-12-25', 'null', 2),
('2668', '2022-01-15', 'null', 4),
('2669', '2022-01-13', 'null', 3),
('2670', '2022-01-07', 'null', 4),
('2671', '2021-12-15', 'null', 2),
('2672', '2021-12-26', 'null', 3),
('2673', '2022-01-06', 'null', 4),
('2674', '2022-01-13', 'null', 3),
('2675', '2022-01-10', 'null', 2),
('2676', '2021-12-24', 'null', 4),
('2677', '2022-01-07', 'null', 2),
('2678', '2022-01-12', 'null', 4),
('2679', '2022-01-09', 'null', 2),
('2680', '2022-01-10', 'null', 2),
('2681', '2022-01-06', 'null', 4),
('2682', '2021-12-29', 'null', 3),
('2683', '2022-01-12', 'null', 2),
('2684', '2022-01-11', 'null', 3),
('2685', '2022-01-11', 'null', 3),
('2686', '2021-12-23', 'null', 4),
('2687', '2021-12-29', 'null', 1),
('2688', '2022-01-03', 'null', 1),
('2689', '2021-12-28', 'null', 4),
('2690', '2021-12-15', 'null', 1),
('2691', '2021-12-21', 'null', 2),
('2692', '2022-01-10', 'null', 3),
('2693', '2021-12-23', 'null', 1),
('2694', '2021-12-19', 'null', 1),
('2695', '2022-01-15', 'null', 2),
('2696', '2022-01-05', 'null', 4),
('2697', '2021-12-20', 'null', 2),
('2698', '2022-01-14', 'null', 1),
('2699', '2022-01-12', 'null', 1),
('2700', '2021-12-15', 'null', 2),
('2701', '2022-01-14', 'null', 3),
('2702', '2021-12-20', 'null', 3),
('2703', '2022-01-10', 'null', 2),
('2704', '2021-12-16', 'null', 1),
('2705', '2022-01-12', 'null', 4),
('2706', '2021-12-19', 'null', 4),
('2707', '2022-01-15', 'null', 1),
('2708', '2021-12-31', 'null', 2),
('2709', '2021-12-30', 'null', 2),
('2710', '2021-12-30', 'null', 4),
('2711', '2021-12-28', 'null', 3),
('2712', '2021-12-19', 'null', 4),
('2713', '2021-12-25', 'null', 4),
('2714', '2021-12-16', 'null', 1),
('2715', '2022-01-09', 'null', 1),
('2716', '2022-01-03', 'null', 4),
('2717', '2022-01-02', 'null', 4),
('2718', '2022-01-05', 'null', 4),
('2719', '2022-01-13', 'null', 2),
('2720', '2022-01-10', 'null', 1),
('2721', '2022-01-03', 'null', 4),
('2722', '2022-01-12', 'null', 1),
('2723', '2022-01-02', 'null', 4),
('2724', '2021-12-28', 'null', 1),
('2725', '2021-12-15', 'null', 4),
('2726', '2022-01-01', 'null', 1),
('2727', '2021-12-21', 'null', 3),
('2728', '2022-01-01', 'null', 1),
('2729', '2022-01-13', 'null', 4),
('2730', '2021-12-15', 'null', 4),
('2731', '2022-01-02', 'null', 3),
('2732', '2022-01-06', 'null', 2),
('2733', '2022-01-07', 'null', 3),
('2734', '2022-01-10', 'null', 4),
('2735', '2021-12-25', 'null', 2),
('2736', '2022-01-13', 'null', 4),
('2737', '2021-12-18', 'null', 1),
('2738', '2021-12-27', 'null', 3),
('2739', '2021-12-23', 'null', 3),
('2740', '2022-01-04', 'null', 1),
('2741', '2022-01-15', 'null', 3),
('2742', '2022-01-01', 'null', 1),
('2743', '2021-12-26', 'null', 4),
('2744', '2021-12-26', 'null', 4),
('2745', '2021-12-22', 'null', 1),
('2746', '2021-12-28', 'null', 3),
('2747', '2022-01-11', 'null', 3),
('2748', '2022-01-02', 'null', 2),
('2749', '2022-01-11', 'null', 2),
('2750', '2021-12-20', 'null', 2),
('2751', '2022-01-13', 'null', 3),
('2752', '2022-01-03', 'null', 3),
('2753', '2021-12-25', 'null', 2),
('2754', '2021-12-22', 'null', 1),
('2755', '2021-12-25', 'null', 3),
('2756', '2022-01-11', 'null', 4),
('2757', '2021-12-20', 'null', 4),
('2758', '2022-01-03', 'null', 4),
('2759', '2022-01-06', 'null', 3),
('2760', '2022-01-11', 'null', 4),
('2761', '2022-01-09', 'null', 4),
('2762', '2022-01-10', 'null', 2),
('2763', '2022-01-09', 'null', 1),
('2764', '2022-01-11', 'null', 3),
('2765', '2022-01-05', 'null', 1),
('2766', '2021-12-20', 'null', 4),
('2767', '2021-12-23', 'null', 2),
('2768', '2022-01-11', 'null', 3),
('2769', '2022-01-07', 'null', 1),
('2770', '2021-12-24', 'null', 1),
('2771', '2022-01-13', 'null', 3),
('2772', '2021-12-29', 'null', 3),
('2773', '2021-12-18', 'null', 2),
('2774', '2022-01-02', 'null', 3),
('2775', '2021-12-19', 'null', 3),
('2776', '2021-12-15', 'null', 3),
('2777', '2021-12-15', 'null', 4),
('2778', '2021-12-20', 'null', 1),
('2779', '2022-01-03', 'null', 2),
('2780', '2022-01-09', 'null', 4),
('2781', '2022-01-14', 'null', 4),
('2782', '2021-12-17', 'null', 3),
('2783', '2021-12-31', 'null', 3),
('2784', '2022-01-11', 'null', 2),
('2785', '2022-01-12', 'null', 1),
('2786', '2021-12-20', 'null', 1),
('2787', '2021-12-25', 'null', 2),
('2788', '2022-01-14', 'null', 1),
('2789', '2022-01-14', 'null', 2),
('2790', '2021-12-24', 'null', 3),
('2791', '2021-12-16', 'null', 4),
('2792', '2021-12-17', 'null', 2),
('2793', '2021-12-16', 'null', 2),
('2794', '2022-01-03', 'null', 1),
('2795', '2022-01-13', 'null', 3),
('2796', '2021-12-22', 'null', 1),
('2797', '2021-12-21', 'null', 1),
('2798', '2021-12-30', 'null', 3),
('2799', '2022-01-11', 'null', 2),
('2800', '2021-12-23', 'null', 1),
('2801', '2021-12-17', 'null', 2),
('2802', '2021-12-21', 'null', 4),
('2803', '2021-12-15', 'null', 1),
('2804', '2022-01-10', 'null', 4),
('2805', '2022-01-10', 'null', 2),
('2806', '2022-01-12', 'null', 3),
('2807', '2022-01-11', 'null', 4),
('2808', '2021-12-26', 'null', 3),
('2809', '2021-12-31', 'null', 1),
('2810', '2022-01-13', 'null', 3),
('2811', '2022-01-02', 'null', 1),
('2812', '2021-12-20', 'null', 3),
('2813', '2022-01-06', 'null', 2),
('2814', '2021-12-23', 'null', 1),
('2815', '2021-12-23', 'null', 3),
('2816', '2021-12-22', 'null', 4),
('2817', '2021-12-21', 'null', 4),
('2818', '2021-12-22', 'null', 2),
('2819', '2022-01-08', 'null', 3),
('2820', '2021-12-31', 'null', 4),
('2821', '2022-01-08', 'null', 4),
('2822', '2021-12-22', 'null', 2),
('2823', '2021-12-24', 'null', 2),
('2824', '2021-12-22', 'null', 1),
('2825', '2022-01-06', 'null', 2),
('2826', '2022-01-06', 'null', 2),
('2827', '2022-01-05', 'null', 3),
('2828', '2021-12-23', 'null', 3),
('2829', '2021-12-25', 'null', 1),
('2830', '2021-12-25', 'null', 2),
('2831', '2021-12-16', 'null', 4),
('2832', '2021-12-26', 'null', 3),
('2833', '2022-01-09', 'null', 1),
('2834', '2021-12-23', 'null', 4),
('2835', '2022-01-02', 'null', 2),
('2836', '2022-01-09', 'null', 4),
('2837', '2021-12-22', 'null', 3),
('2838', '2021-12-24', 'null', 1),
('2839', '2021-12-27', 'null', 3),
('2840', '2021-12-22', 'null', 3),
('2841', '2021-12-29', 'null', 3),
('2842', '2021-12-19', 'null', 1),
('2843', '2022-01-01', 'null', 2),
('2844', '2021-12-30', 'null', 2),
('2845', '2022-01-14', 'null', 1),
('2846', '2021-12-26', 'null', 1),
('2847', '2022-01-15', 'null', 1),
('2848', '2022-01-14', 'null', 3),
('2849', '2021-12-16', 'null', 4),
('2850', '2022-01-11', 'null', 1),
('2851', '2022-01-12', 'null', 3),
('2852', '2022-01-01', 'null', 1),
('2853', '2021-12-18', 'null', 2),
('2854', '2021-12-22', 'null', 1),
('2855', '2022-01-05', 'null', 4),
('2856', '2021-12-30', 'null', 1),
('2857', '2022-01-07', 'null', 2),
('2858', '2022-01-10', 'null', 4),
('2859', '2021-12-21', 'null', 3),
('2860', '2021-12-17', 'null', 3),
('2861', '2021-12-16', 'null', 4),
('2862', '2022-01-07', 'null', 3),
('2863', '2022-01-11', 'null', 4),
('2864', '2021-12-15', 'null', 4),
('2865', '2022-01-04', 'null', 1),
('2866', '2021-12-15', 'null', 3),
('2867', '2021-12-21', 'null', 1),
('2868', '2021-12-31', 'null', 1),
('2869', '2021-12-19', 'null', 4),
('2870', '2022-01-11', 'null', 3),
('2871', '2021-12-17', 'null', 1),
('2872', '2022-01-14', 'null', 1),
('2873', '2022-01-09', 'null', 2),
('2874', '2022-01-15', 'null', 3),
('2875', '2022-01-12', 'null', 1),
('2876', '2022-01-10', 'null', 1),
('2877', '2022-01-01', 'null', 4),
('2878', '2022-01-01', 'null', 4),
('2879', '2022-01-03', 'null', 1),
('2880', '2022-01-12', 'null', 1),
('2881', '2021-12-18', 'null', 1),
('2882', '2022-01-14', 'null', 4),
('2883', '2022-01-02', 'null', 2),
('2884', '2022-01-14', 'null', 2),
('2885', '2021-12-21', 'null', 4),
('2886', '2021-12-28', 'null', 4),
('2887', '2022-01-03', 'null', 3),
('2888', '2022-01-02', 'null', 1),
('2889', '2021-12-18', 'null', 1),
('2890', '2022-01-08', 'null', 1),
('2891', '2022-01-02', 'null', 3),
('2892', '2021-12-28', 'null', 3),
('2893', '2022-01-09', 'null', 1),
('2894', '2021-12-26', 'null', 1),
('2895', '2021-12-29', 'null', 2),
('2896', '2021-12-22', 'null', 3),
('2897', '2022-01-11', 'null', 3),
('2898', '2022-01-03', 'null', 1),
('2899', '2022-01-09', 'null', 4),
('2900', '2022-01-12', 'null', 1),
('2901', '2021-12-20', 'null', 1),
('2902', '2021-12-16', 'null', 3),
('2903', '2021-12-21', 'null', 1),
('2904', '2022-01-01', 'null', 3),
('2905', '2021-12-23', 'null', 3),
('2906', '2022-01-06', 'null', 3),
('2907', '2022-01-07', 'null', 3),
('2908', '2022-01-09', 'null', 1),
('2909', '2022-01-08', 'null', 4),
('2910', '2022-01-08', 'null', 2),
('2911', '2022-01-13', 'null', 2),
('2912', '2022-01-15', 'null', 1),
('2913', '2022-01-03', 'null', 2),
('2914', '2022-01-09', 'null', 3),
('2915', '2022-01-15', 'null', 2),
('2916', '2021-12-28', 'null', 2),
('2917', '2022-01-02', 'null', 3),
('2918', '2022-01-08', 'null', 1),
('2919', '2021-12-31', 'null', 3),
('2920', '2021-12-20', 'null', 4),
('2921', '2022-01-13', 'null', 4),
('2922', '2021-12-16', 'null', 1),
('2923', '2021-12-27', 'null', 2),
('2924', '2022-01-07', 'null', 4),
('2925', '2022-01-10', 'null', 2),
('2926', '2022-01-03', 'null', 1),
('2927', '2022-01-14', 'null', 4),
('2928', '2021-12-19', 'null', 2),
('2929', '2021-12-20', 'null', 2),
('2930', '2022-01-11', 'null', 4),
('2931', '2022-01-07', 'null', 4),
('2932', '2022-01-10', 'null', 4),
('2933', '2021-12-23', 'null', 3),
('2934', '2022-01-06', 'null', 1),
('2935', '2021-12-16', 'null', 4),
('2936', '2021-12-28', 'null', 1),
('2937', '2022-01-10', 'null', 2),
('2938', '2021-12-25', 'null', 1),
('2939', '2021-12-22', 'null', 4),
('2940', '2022-01-13', 'null', 1),
('2941', '2021-12-17', 'null', 3),
('2942', '2021-12-30', 'null', 2),
('2943', '2022-01-01', 'null', 3),
('2944', '2021-12-21', 'null', 1),
('2945', '2021-12-31', 'null', 2),
('2946', '2022-01-13', 'null', 1),
('2947', '2021-12-27', 'null', 2),
('2948', '2021-12-23', 'null', 4),
('2949', '2022-01-04', 'null', 4),
('2950', '2021-12-26', 'null', 4),
('2951', '2022-01-08', 'null', 3),
('2952', '2022-01-13', 'null', 3),
('2953', '2022-01-12', 'null', 2),
('2954', '2021-12-20', 'null', 1),
('2955', '2022-01-07', 'null', 1),
('2956', '2022-01-15', 'null', 2),
('2957', '2022-01-01', 'null', 1),
('2958', '2022-01-15', 'null', 2),
('2959', '2021-12-28', 'null', 2),
('2960', '2021-12-19', 'null', 3),
('2961', '2021-12-22', 'null', 4);

-- --------------------------------------------------------

--
-- Table structure for table `hoc_vien`
--

CREATE TABLE `hoc_vien` (
  `ma_hv` int(11) NOT NULL,
  `truong_hoc` varchar(64) DEFAULT NULL
) ENGINE=InnoDB DEFAULT CHARSET=utf8mb4;

--
-- Dumping data for table `hoc_vien`
--

INSERT INTO `hoc_vien` (`ma_hv`, `truong_hoc`) VALUES
(1, 'THPT Nam Kỳ Khởi Nghĩa'),
(2, 'THPT Ngô Gia Tự'),
(3, 'THPT Mạc Đĩnh Chi'),
(4, 'THPT Nguyễn Hữu Thọ'),
(5, 'THPT Võ Trường Toản'),
(6, 'THPT Nguyễn Du'),
(7, 'THPT Phan Đăng Lưu'),
(8, 'THPT Phước Long'),
(9, 'THPT Lương Thế Vinh'),
(10, 'THPT Hoàng Hoa Thám'),
(11, 'THCS Văn Tự'),
(12, 'THPT Mạc Đĩnh Chi'),
(13, 'THCS Vạn Yên'),
(14, 'THCS Xuân Mai'),
(15, 'THCS Yên Sở'),
(16, 'THPT Nguyễn Tất Thành'),
(17, 'THCS Yên Bài'),
(18, 'THPT Lương Văn Can'),
(19, 'THPT Nguyễn Thị Minh Khai'),
(20, 'THCS Tân Minh'),
(21, 'THPT Trần Hữu Trang'),
(22, 'THPT Võ Văn Kiệt'),
(23, 'THCS Yên Viên'),
(24, 'THCS Yên Sở'),
(25, 'THPT Lê Thánh Tôn'),
(26, 'THPT Thủ Thiêm'),
(27, 'THPT Quốc Tế Việt Úc'),
(28, 'THPT Nguyễn An Ninh'),
(29, 'THPT Lê Hồng Phong'),
(30, 'THCS Việt Hưng'),
(31, 'THCS Xuân Sơn'),
(32, 'THPT Thạnh Lộc'),
(33, 'THPT Trường Chinh'),
(34, 'THCS Việt Hưng'),
(35, 'THPT Hùng Vương'),
(36, 'THPT Thạnh Lộc'),
(37, 'THCS Vạn Yên'),
(38, 'THPT Phước Long'),
(39, 'THCS Yên Mỹ'),
(40, 'THPT Lê Thánh Tôn'),
(41, 'THCS Trung Phụng'),
(42, 'THCS Xuân Đỉnh'),
(43, 'THPT Nguyễn Hiền'),
(44, 'THCS Xuân Sơn'),
(45, 'THCS Xuân La'),
(46, 'THCS Yên Bài'),
(47, 'THCS Vinschool'),
(48, 'THPT Lê Thị Hồng Gấm'),
(49, 'THPT Nguyễn Thái Bình'),
(50, 'THPT Tạ Quang Bửu'),
(51, 'THPT Trần Hưng Đạo'),
(52, 'THCS Vinschool'),
(53, 'THPT Nguyễn Trung Trực'),
(54, 'THPT Tân Phong'),
(55, 'THCS Tân Minh'),
(56, 'THCS Xuân Nộn'),
(57, 'THPT Nguyễn Du'),
(58, 'THCS Yên Sở'),
(59, 'THCS Xuân Dương'),
(60, 'THCS Việt Nam'),
(61, 'Trường THPT Phạm Phú Thứ'),
(62, 'THPT Lê Quí Đôn'),
(63, 'THPT Ngô Quyền'),
(64, 'Trường THPT Phạm Phú Thứ'),
(65, 'THPT Lê Thị Hồng Gấm'),
(66, 'THCS Việt Nam'),
(67, 'THPT Nguyễn Trãi'),
(68, 'THPT Nguyễn Thượng Hiền'),
(69, 'THCS Trung Châu'),
(70, 'THPT Trần Hưng Đạo'),
(71, 'THCS Yên Sở'),
(72, 'THCS Yên Viên'),
(73, 'THPT Nguyễn Tất Thành'),
(74, 'THCS Xuân Sơn'),
(75, 'THPT Nam Kỳ Khởi Nghĩa'),
(76, 'THCS Viên Nội'),
(77, 'THPT Ngô Gia Tự'),
(78, 'THPT Phước Long'),
(79, 'THPT Trần Văn Giàu'),
(80, 'THPT Nguyễn Thái Bình'),
(81, 'THPT Nguyễn Hiền'),
(82, 'THCS Vinschool'),
(83, 'THPT Trần Văn Giàu'),
(84, 'THPT Nguyễn Hữu Thọ'),
(85, 'THPT Tân Phong'),
(86, 'THPT Marie Curie'),
(87, 'THPT Nguyễn Trãi'),
(88, 'THPT Trần Văn Giàu'),
(89, 'THPT Trần Đại Nghĩa'),
(90, 'THPT Lê Thị Hồng Gấm'),
(91, 'THCS Trung Châu'),
(92, 'THPT Lý Tự Trọng'),
(93, 'THCS Yên Nghĩa'),
(94, 'THCS Tân Minh'),
(95, 'THPT Mạc Đĩnh Chi'),
(96, 'THPT Nguyễn Văn Tăng'),
(97, 'THPT Nguyễn Tất Thành'),
(98, 'THCS Trung Phụng'),
(99, 'THPT Trần Văn Giàu'),
(100, 'THCS Vạn Yên'),
(101, 'THPT Phan Đăng Lưu'),
(102, 'THPT Trần Đại Nghĩa'),
(103, 'THCS Việt Hưng'),
(104, 'THPT Lương Văn Can'),
(105, 'THPT Lương Thế Vinh'),
(106, 'THCS Văn Tự'),
(107, 'THPT Nguyễn Hiền'),
(108, 'THPT Thủ Thiêm'),
(109, 'THPT Nguyễn Trung Trực'),
(110, 'THPT Võ Thị Sáu'),
(111, 'THPT Nam Kỳ Khởi Nghĩa'),
(112, 'THPT Phước Long'),
(113, 'THPT Ngô Gia Tự'),
(114, 'THPT Long Trường'),
(115, 'THPT Nam Kỳ Khởi Nghĩa'),
(116, 'THCS Việt Úc'),
(117, 'THPT Nguyễn Thị Minh Khai'),
(118, 'THCS Yên Trung'),
(119, 'THPT Nguyễn Văn Tăng'),
(120, 'THPT Lý Tự Trọng'),
(121, 'THCS Yên Trung'),
(122, 'Trường THPT Phạm Phú Thứ'),
(123, 'THPT Ngô Gia Tự'),
(124, 'THPT Trần Khai Nguyên'),
(125, 'THCS Vinschool'),
(126, 'THPT Nguyễn An Ninh'),
(127, 'THPT Võ Văn Kiệt'),
(128, 'THPT Thạnh Lộc'),
(129, 'THCS Yên Sơn'),
(130, 'THCS Yên Trung'),
(131, 'THCS Yên Sở'),
(132, 'THCS Yên Mỹ'),
(133, 'THCS Trung Phụng'),
(134, 'THCS Trung Châu'),
(135, 'THCS Vân Từ'),
(136, 'THPT Hoàng Hoa Thám'),
(137, 'THPT Trần Khai Nguyên'),
(138, 'THPT Nguyễn Khuyến'),
(139, 'THPT Thủ Thiêm'),
(140, 'THPT Hùng Vương'),
(141, 'Trường THPT Phạm Phú Thứ'),
(142, 'THCS Xuân Mai'),
(143, 'THPT Diên Hồng'),
(144, 'THPT Nguyễn Chí Thanh'),
(145, 'THPT Mạc Đĩnh Chi'),
(146, 'THPT Võ Thị Sáu'),
(147, 'THCS Yên Mỹ'),
(148, 'THPT Lương Văn Can'),
(149, 'THCS Xuân Đỉnh'),
(150, 'THPT Diên Hồng'),
(151, 'THPT Nguyễn Huệ'),
(152, 'THPT Quốc Tế Việt Úc'),
(153, 'THPT Nguyễn Văn Linh'),
(154, 'THPT Gia Định'),
(155, 'THCS Yên Nghĩa'),
(156, 'THPT Phan Đăng Lưu'),
(157, 'THCS Yên Sơn'),
(158, 'THPT Trần Đại Nghĩa'),
(159, 'THCS Viên Nội'),
(160, 'THPT Võ Thị Sáu'),
(161, 'THCS Vân Từ'),
(162, 'THCS Yên Viên'),
(163, 'THCS Trung Phụng'),
(164, 'THPT Lương Văn Can'),
(165, 'THPT Trưng Vương'),
(166, 'THCS Yên Sở'),
(167, 'THCS Xuân Mai'),
(168, 'THPT Phước Long'),
(169, 'THPT Thanh Đa'),
(170, 'THPT Lê Hồng Phong'),
(171, 'THPT Nguyễn Thượng Hiền'),
(172, 'THPT Nguyễn Thái Bình'),
(173, 'THPT Nguyễn Tất Thành'),
(174, 'THCS Trưng Vương'),
(175, 'THPT Long Trường'),
(176, 'THPT Diên Hồng'),
(177, 'THPT Thủ Thiêm'),
(178, 'THPT Nguyễn Khuyến'),
(179, 'THPT Nguyễn Công Trứ'),
(180, 'THPT Gia Định'),
(181, 'THPT Võ Thị Sáu'),
(182, 'THPT Nguyễn Văn Tăng'),
(183, 'THPT Hùng Vương'),
(184, 'THPT Bùi Thị Xuân'),
(185, 'THPT Thạnh Lộc'),
(186, 'THPT Trần Văn Giàu'),
(187, 'Trường THPT Phạm Phú Thứ'),
(188, 'THPT Nguyễn Văn Linh'),
(189, 'THPT Quốc Tế Việt Úc'),
(190, 'THPT Thanh Đa'),
(191, 'THPT Trần Văn Giàu'),
(192, 'THCS Xuân Mai'),
(193, 'THPT Nguyễn Du'),
(194, 'THPT Hàn Thuyên'),
(195, 'THPT Trường Chinh'),
(196, 'THCS Xuân La'),
(197, 'THPT Bình Phú'),
(198, 'THPT Trần Hưng Đạo'),
(199, 'THPT Nguyễn Công Trứ'),
(200, 'THPT Nguyễn Khuyến'),
(201, 'THPT Mạc Đĩnh Chi'),
(202, 'THCS Trung Phụng'),
(203, 'THCS Xuân La'),
(204, 'THPT Tạ Quang Bửu'),
(205, 'THPT Thủ Thiêm'),
(206, 'THCS Trung Châu'),
(207, 'THCS Trưng Vương'),
(208, 'THCS Yên Bài'),
(209, 'THPT Phước Long'),
(210, 'THPT Nguyễn Trung Trực'),
(211, 'THCS Yên Sở'),
(212, 'THCS Yên Nghĩa'),
(213, 'THCS Vân Từ'),
(214, 'THPT Diên Hồng'),
(215, 'THPT Võ Trường Toản'),
(216, 'THCS Thực Nghiệm'),
(217, 'THPT Nguyễn Khuyến'),
(218, 'THCS Trung Châu'),
(219, 'THPT Trường Chinh'),
(220, 'THCS Xuân Đỉnh'),
(221, 'THPT Võ Thị Sáu'),
(222, 'THCS Trung Phụng'),
(223, 'THPT Trần Văn Giàu'),
(224, 'THCS Xuân Sơn'),
(225, 'THCS Xuân Dương'),
(226, 'THCS Việt Nam'),
(227, 'THPT Lê Hồng Phong'),
(228, 'THPT Lương Thế Vinh'),
(229, 'THCS Xuân Dương'),
(230, 'THPT Hàn Thuyên'),
(231, 'THPT Nguyễn Hữu Thọ'),
(232, 'THPT Nguyễn Văn Tăng'),
(233, 'THCS Xuân Mai'),
(234, 'THPT Trần Hưng Đạo'),
(235, 'THPT Marie Curie'),
(236, 'THPT Tân Phong'),
(237, 'THPT Mạc Đĩnh Chi'),
(238, 'THPT Tạ Quang Bửu'),
(239, 'THPT Giồng Ông Tố'),
(240, 'THPT Mạc Đĩnh Chi'),
(241, 'THPT Nam Kỳ Khởi Nghĩa'),
(242, 'THCS Xuân Dương'),
(243, 'THPT Nguyễn Thị Diệu'),
(244, 'THPT Nguyễn Thị Diệu'),
(245, 'THCS Vân Từ'),
(246, 'THCS Yên Sơn'),
(247, 'THPT Nguyễn Khuyến'),
(248, 'THPT Thanh Đa'),
(249, 'THPT Lê Hồng Phong'),
(250, 'THPT Nguyễn Huệ'),
(251, 'THCS Yên Sơn'),
(252, 'THPT Trần Đại Nghĩa'),
(253, 'THCS Vinschool'),
(254, 'THPT Võ Trường Toản'),
(255, 'THCS Yên Viên'),
(256, 'THPT Trần Hữu Trang'),
(257, 'THPT Lê Quí Đôn'),
(258, 'THCS Viên Nội'),
(259, 'THPT Hùng Vương'),
(260, 'THPT Marie Curie'),
(261, 'THPT Trần Đại Nghĩa'),
(262, 'THPT Nguyễn Thượng Hiền'),
(263, 'THCS Yên Nghĩa'),
(264, 'THPT Lý Tự Trọng'),
(265, 'THPT Trần Hưng Đạo'),
(266, 'THCS Xuân La'),
(267, 'THPT Lê Quí Đôn'),
(268, 'THPT Nam Kỳ Khởi Nghĩa'),
(269, 'THCS Xuân Đỉnh'),
(270, 'THPT Hàn Thuyên'),
(271, 'THPT Nguyễn Công Trứ'),
(272, 'THPT Trường Chinh'),
(273, 'THCS Vạn Yên'),
(274, 'THPT Trường Chinh'),
(275, 'THPT Nguyễn Khuyến'),
(276, 'Trường THPT Phạm Phú Thứ'),
(277, 'THCS Yên Sở'),
(278, 'THPT Ngô Quyền'),
(279, 'THPT Võ Thị Sáu'),
(280, 'THPT Ngô Quyền'),
(281, 'THPT Trần Hưng Đạo'),
(282, 'THCS Vinschool'),
(283, 'THCS Yên Viên'),
(284, 'THPT Nguyễn Hiền'),
(285, 'THPT Tân Phong'),
(286, 'THPT Thanh Đa'),
(287, 'THPT Trần Văn Giàu'),
(288, 'THCS Xuân La'),
(289, 'THPT Lê Hồng Phong'),
(290, 'THPT Phan Đăng Lưu'),
(291, 'THPT Lê Hồng Phong'),
(292, 'THCS Việt Nam'),
(293, 'THCS Vân Từ'),
(294, 'THPT Lê Hồng Phong'),
(295, 'THPT Nguyễn Trãi'),
(296, 'THPT Hùng Vương'),
(297, 'THPT Giồng Ông Tố'),
(298, 'THPT Lê Hồng Phong'),
(299, 'THPT Ngô Gia Tự'),
(300, 'THPT Phước Long'),
(301, 'THPT Tân Phong'),
(302, 'THCS Xuân Mai'),
(303, 'THPT Lương Thế Vinh'),
(304, 'THPT Phan Đăng Lưu'),
(305, 'THPT Trần Quang Khải'),
(306, 'THCS Vạn Yên'),
(307, 'THPT Diên Hồng'),
(308, 'THPT Bình Phú'),
(309, 'THCS Việt Úc'),
(310, 'THPT Nguyễn Tất Thành'),
(311, 'THPT Giồng Ông Tố'),
(312, 'THPT Nguyễn Hữu Thọ'),
(313, 'THPT Thạnh Lộc'),
(314, 'THPT Nguyễn Thái Bình'),
(315, 'THPT Bùi Thị Xuân'),
(316, 'THPT Nguyễn Văn Linh'),
(317, 'THPT Hàn Thuyên'),
(318, 'THCS Xuân La'),
(319, 'THCS Xuân Mai'),
(320, 'THPT Nguyễn Văn Linh'),
(321, 'THPT Nguyễn Thái Bình'),
(322, 'THPT Lý Tự Trọng'),
(323, 'THCS Thực Nghiệm'),
(324, 'THPT Nguyễn Thị Diệu'),
(325, 'THPT Nguyễn Huệ'),
(326, 'THPT Lý Tự Trọng'),
(327, 'THPT Thanh Đa'),
(328, 'THPT Nguyễn Văn Linh'),
(329, 'THCS Yên Mỹ'),
(330, 'THPT Lê Hồng Phong'),
(331, 'THPT Nguyễn Tất Thành'),
(332, 'THPT Trần Đại Nghĩa'),
(333, 'THPT Thạnh Lộc'),
(334, 'THPT Tân Phong'),
(335, 'THCS Trung Châu'),
(336, 'THPT Thủ Thiêm'),
(337, 'THPT Thanh Đa'),
(338, 'THPT Nguyễn An Ninh'),
(339, 'THCS Yên Sơn'),
(340, 'THCS Xuân La'),
(341, 'THCS Trung Phụng'),
(342, 'THPT Giồng Ông Tố'),
(343, 'THCS Viên Nội'),
(344, 'THPT Ngô Quyền'),
(345, 'THPT Phước Long'),
(346, 'THPT Nguyễn Trãi'),
(347, 'THPT Bình Phú'),
(348, 'THCS Xuân Nộn'),
(349, 'THPT Lương Thế Vinh'),
(350, 'THPT Thủ Thiêm'),
(351, 'THPT Nguyễn Văn Tăng'),
(352, 'THPT Lê Thánh Tôn'),
(353, 'THPT Bùi Thị Xuân'),
(354, 'THPT Võ Thị Sáu'),
(355, 'THPT Quốc Tế Việt Úc'),
(356, 'THCS Trưng Vương'),
(357, 'THPT Hoàng Hoa Thám'),
(358, 'THCS Xuân Sơn'),
(359, 'THPT Hùng Vương'),
(360, 'THCS Việt Hưng'),
(361, 'THPT Nguyễn Thượng Hiền'),
(362, 'THCS Văn Tự'),
(363, 'THCS Xuân Đỉnh'),
(364, 'THPT Tân Phong'),
(365, 'THCS Vân Từ'),
(366, 'THPT Trường Chinh'),
(367, 'THCS Việt Úc'),
(368, 'THCS Xuân Phú'),
(369, 'THCS Văn Tự'),
(370, 'THCS Xuân Sơn'),
(371, 'THCS Yên Sở'),
(372, 'THCS Văn Tự'),
(373, 'THCS Xuân Mai'),
(374, 'THPT Marie Curie'),
(375, 'THCS Yên Viên'),
(376, 'THPT Nguyễn Thị Minh Khai'),
(377, 'THPT Nguyễn Tất Thành'),
(378, 'THPT Nguyễn Trãi'),
(379, 'THPT Nguyễn Trãi'),
(380, 'THPT Lý Tự Trọng'),
(381, 'THPT Nguyễn Thị Minh Khai'),
(382, 'THCS Trung Phụng'),
(383, 'THPT Nguyễn Trãi'),
(384, 'THPT Lê Quí Đôn'),
(385, 'THPT Ngô Gia Tự'),
(386, 'THPT Lê Thánh Tôn'),
(387, 'THCS Xuân Dương'),
(388, 'THPT Long Trường'),
(389, 'THCS Xuy Xá'),
(390, 'THPT Long Trường'),
(391, 'THCS Vinschool'),
(392, 'THCS Viên Nội'),
(393, 'THPT Ngô Gia Tự'),
(394, 'THCS Xuân La'),
(395, 'THPT Thạnh Lộc'),
(396, 'THPT Trần Quang Khải'),
(397, 'THPT Diên Hồng'),
(398, 'THPT Nguyễn Thị Diệu'),
(399, 'THPT Thủ Thiêm'),
(400, 'THPT Hùng Vương'),
(401, 'THCS Yên Sở'),
(402, 'THPT Ngô Gia Tự'),
(403, 'THPT Tân Phong'),
(404, 'THPT Thủ Thiêm'),
(405, 'THPT Võ Văn Kiệt'),
(406, 'THPT Trần Hưng Đạo'),
(407, 'THPT Nam Kỳ Khởi Nghĩa'),
(408, 'THPT Nguyễn Thị Minh Khai'),
(409, 'THPT Diên Hồng'),
(410, 'THCS Yên Sơn'),
(411, 'THPT Nguyễn Thị Diệu'),
(412, 'THPT Nguyễn Trãi'),
(413, 'THPT Võ Thị Sáu'),
(414, 'THCS Trung Châu'),
(415, 'THPT Tân Phong'),
(416, 'THPT Lương Thế Vinh'),
(417, 'THPT Thủ Thiêm'),
(418, 'THCS Văn Tự'),
(419, 'THPT Lê Hồng Phong'),
(420, 'THPT Trần Hưng Đạo'),
(421, 'THPT Nguyễn Chí Thanh'),
(422, 'THPT Nguyễn Tất Thành'),
(423, 'THPT Bùi Thị Xuân'),
(424, 'THPT Tạ Quang Bửu'),
(425, 'THCS Xuân Sơn'),
(426, 'THPT Tạ Quang Bửu'),
(427, 'THCS Xuân Dương'),
(428, 'THCS Trưng Vương'),
(429, 'THPT Nguyễn Hiền'),
(430, 'THPT Nguyễn Công Trứ'),
(431, 'THPT Nam Kỳ Khởi Nghĩa'),
(432, 'THPT Trần Hữu Trang'),
(433, 'THCS Yên Sơn'),
(434, 'THPT Nguyễn Văn Linh'),
(435, 'THPT Hàn Thuyên'),
(436, 'THCS Văn Tự'),
(437, 'THPT Nguyễn Công Trứ'),
(438, 'THPT Nguyễn Du'),
(439, 'THPT Tân Phong'),
(440, 'THPT Thạnh Lộc'),
(441, 'THCS Yên Nghĩa'),
(442, 'THCS Tân Minh'),
(443, 'THPT Trưng Vương'),
(444, 'THPT Trưng Vương'),
(445, 'THPT Nguyễn Hiền'),
(446, 'THPT Nguyễn Thị Minh Khai'),
(447, 'THCS Yên Bài'),
(448, 'THCS Xuân Dương'),
(449, 'THPT Nguyễn Chí Thanh'),
(450, 'THPT Quốc Tế Việt Úc'),
(451, 'THPT Nguyễn Du'),
(452, 'THPT Nguyễn An Ninh'),
(453, 'THPT Hàn Thuyên'),
(454, 'THPT Trần Hữu Trang'),
(455, 'THPT Diên Hồng'),
(456, 'THCS Xuy Xá'),
(457, 'THPT Nguyễn Thái Bình'),
(458, 'THPT Nguyễn Trung Trực'),
(459, 'THPT Nguyễn Thượng Hiền'),
(460, 'THPT Nguyễn Văn Linh'),
(461, 'THPT Bình Phú'),
(462, 'THCS Yên Sở'),
(463, 'THPT Nguyễn Chí Thanh'),
(464, 'THPT Diên Hồng'),
(465, 'THCS Xuân Mai'),
(466, 'THPT Nguyễn An Ninh'),
(467, 'THCS Yên Viên'),
(468, 'THCS Yên Mỹ'),
(469, 'THPT Hàn Thuyên'),
(470, 'THCS Vinschool'),
(471, 'THPT Nguyễn Văn Linh'),
(472, 'THCS Yên Sơn'),
(473, 'THPT Nguyễn Huệ'),
(474, 'THPT Thanh Đa'),
(475, 'THPT Võ Văn Kiệt'),
(476, 'THPT Trưng Vương'),
(477, 'THCS Trưng Vương'),
(478, 'THPT Diên Hồng'),
(479, 'THCS Trưng Vương'),
(480, 'THCS Việt Nam'),
(481, 'THCS Xuân Nộn'),
(482, 'THPT Trường Chinh'),
(483, 'THPT Nguyễn Hữu Thọ'),
(484, 'THPT Nguyễn Du'),
(485, 'THCS Trung Châu'),
(486, 'THPT Ngô Gia Tự'),
(487, 'THPT Lê Thánh Tôn'),
(488, 'THPT Quốc Tế Việt Úc'),
(489, 'THCS Yên Sở'),
(490, 'THPT Nam Kỳ Khởi Nghĩa'),
(491, 'THPT Quốc Tế Việt Úc'),
(492, 'THCS Trung Phụng'),
(493, 'THPT Thủ Thiêm'),
(494, 'THPT Ngô Gia Tự'),
(495, 'THPT Nam Kỳ Khởi Nghĩa'),
(496, 'THPT Trần Văn Giàu'),
(497, 'THPT Nguyễn Trung Trực'),
(498, 'THPT Long Trường'),
(499, 'THCS Yên Trung'),
(500, 'THPT Nguyễn Khuyến');

-- --------------------------------------------------------

--
-- Table structure for table `ho_tro`
--

CREATE TABLE `ho_tro` (
  `ma_tro_giang` int(11) NOT NULL,
  `ma_kh` int(11) NOT NULL
) ENGINE=InnoDB DEFAULT CHARSET=utf8mb4;

--
-- Dumping data for table `ho_tro`
--

INSERT INTO `ho_tro` (`ma_tro_giang`, `ma_kh`) VALUES
(1000, 3),
(1000, 9),
(1001, 4),
(1001, 10),
(1002, 5),
(1002, 11),
(1003, 6),
(1003, 12),
(1004, 7),
(1004, 13),
(1005, 8),
(1005, 14),
(1006, 9),
(1006, 15),
(1007, 10),
(1007, 16),
(1008, 11),
(1008, 17),
(1009, 12),
(1009, 18),
(1010, 13),
(1010, 19),
(1011, 14),
(1011, 20),
(1012, 15),
(1012, 21),
(1013, 16),
(1013, 22),
(1014, 17),
(1014, 23),
(1015, 18),
(1015, 24),
(1016, 19),
(1016, 25),
(1017, 20),
(1017, 26),
(1018, 21),
(1018, 27),
(1019, 22),
(1019, 29),
(1020, 23),
(1020, 30),
(1021, 24),
(1021, 31),
(1022, 25),
(1022, 32),
(1023, 26),
(1023, 33),
(1024, 27),
(1024, 34),
(1025, 29),
(1025, 35),
(1026, 30),
(1026, 36),
(1027, 31),
(1027, 37),
(1028, 32),
(1028, 38),
(1029, 33),
(1029, 39),
(1030, 34),
(1030, 40),
(1031, 35),
(1031, 42),
(1032, 36),
(1032, 43),
(1033, 37),
(1033, 44),
(1034, 38),
(1034, 45),
(1035, 39),
(1035, 46),
(1036, 40),
(1036, 47),
(1037, 42),
(1037, 48),
(1038, 43),
(1038, 49),
(1039, 44),
(1039, 50),
(1040, 45),
(1040, 51),
(1041, 46),
(1041, 52),
(1042, 47),
(1042, 53),
(1043, 48),
(1043, 54),
(1044, 49),
(1044, 55),
(1045, 50),
(1045, 56),
(1046, 51),
(1046, 57),
(1047, 52),
(1047, 58),
(1048, 53),
(1048, 59),
(1049, 54),
(1049, 60),
(1050, 55),
(1050, 62),
(1051, 56),
(1051, 63),
(1052, 57),
(1052, 64),
(1053, 58),
(1053, 65),
(1054, 59),
(1054, 66),
(1055, 60),
(1055, 67),
(1056, 62),
(1056, 68),
(1057, 63),
(1057, 69),
(1058, 64),
(1058, 77),
(1059, 65),
(1059, 78),
(1060, 66),
(1060, 79),
(1061, 67),
(1061, 80),
(1062, 68),
(1062, 81),
(1063, 69),
(1063, 82),
(1064, 77),
(1064, 83),
(1065, 78),
(1065, 84),
(1066, 79),
(1066, 85),
(1067, 80),
(1067, 86),
(1068, 81),
(1068, 87),
(1069, 82),
(1069, 88),
(1070, 83),
(1070, 89),
(1071, 84),
(1071, 90),
(1072, 85),
(1072, 91),
(1073, 86),
(1073, 92),
(1074, 87),
(1074, 93),
(1075, 88),
(1075, 94),
(1076, 89),
(1076, 95),
(1077, 90),
(1077, 96),
(1078, 91),
(1078, 97),
(1079, 92),
(1079, 98),
(1080, 93),
(1080, 99),
(1081, 94),
(1081, 100),
(1082, 95),
(1082, 101),
(1083, 96),
(1083, 102),
(1084, 97),
(1084, 103),
(1085, 98),
(1085, 104),
(1086, 99),
(1086, 105),
(1087, 100),
(1087, 106),
(1088, 101),
(1088, 107),
(1089, 3),
(1089, 102),
(1090, 4),
(1090, 103),
(1091, 5),
(1091, 104),
(1092, 6),
(1092, 105),
(1093, 7),
(1093, 106),
(1094, 8),
(1094, 107),
(1095, 3),
(1095, 9),
(1096, 4),
(1096, 10),
(1097, 5),
(1097, 11),
(1098, 6),
(1098, 12),
(1099, 7),
(1099, 13),
(1100, 8),
(1100, 14);

-- --------------------------------------------------------

--
-- Table structure for table `ketqua_hoctap`
--

CREATE TABLE `ketqua_hoctap` (
  `ma_hv` int(11) NOT NULL,
  `ma_kh` int(11) NOT NULL,
  `tong_diem` float DEFAULT NULL
) ENGINE=InnoDB DEFAULT CHARSET=utf8mb4;

--
-- Dumping data for table `ketqua_hoctap`
--

INSERT INTO `ketqua_hoctap` (`ma_hv`, `ma_kh`, `tong_diem`) VALUES
(1, 19, 8.5),
(1, 36, 8.6),
(1, 53, 8.3),
(1, 57, 6.3),
(1, 84, 9.4),
(2, 26, 9),
(2, 30, 9.1),
(2, 41, 8.7),
(2, 69, 5.4),
(3, 9, 7.7),
(3, 51, 8.1),
(3, 75, 9.9),
(3, 100, 9.7),
(4, 1, 9.8),
(4, 15, 9.1),
(4, 19, 5.9),
(4, 68, 8.2),
(5, 27, 5.7),
(5, 68, 8.7),
(5, 107, 9.6),
(6, 7, 8.2),
(6, 37, 9.6),
(6, 47, 9.7),
(6, 63, 8.4),
(6, 95, 7.8),
(6, 98, 9.6),
(7, 80, 9.9),
(7, 102, 9.5),
(8, 83, 5.8),
(8, 106, 8.4),
(9, 13, 8.6),
(9, 20, 8),
(9, 98, 8.9),
(10, 8, 9.3),
(10, 43, 8.2),
(10, 51, 8.4),
(10, 77, 10),
(10, 85, 9.7),
(11, 20, 9),
(11, 32, 5.5),
(11, 44, 9.6),
(11, 48, 5.6),
(11, 80, 10),
(11, 85, 8.7),
(11, 87, 9.6),
(12, 45, 9.2),
(12, 50, 7.9),
(13, 2, 8.5),
(13, 56, 9.2),
(13, 99, 7.7),
(14, 9, 9.2),
(14, 22, 8.6),
(14, 29, 8.4),
(14, 62, 9.7),
(14, 66, 8.9),
(14, 86, 9.8),
(14, 106, 5.1),
(14, 107, 9.6),
(15, 36, 8.9),
(15, 75, 5.3),
(15, 83, 10),
(15, 106, 8.4),
(16, 14, 8.2),
(16, 44, 8.4),
(16, 103, 9),
(17, 27, 8.9),
(17, 32, 9.7),
(17, 46, 9),
(17, 47, 9),
(17, 52, 5.8),
(18, 55, 8.3),
(19, 60, 5.1),
(19, 77, 8.4),
(19, 100, 9.3),
(20, 25, 6.3),
(20, 40, 7.8),
(20, 47, 8.5),
(20, 61, 6.9),
(20, 76, 9.5),
(21, 66, 9.2),
(21, 75, 8.1),
(22, 4, 8.9),
(22, 26, 9.7),
(22, 38, 9.1),
(22, 74, 6.9),
(22, 96, 6.4),
(23, 15, 5.9),
(23, 17, 9.9),
(23, 21, 5.1),
(23, 34, 7.2),
(23, 41, 9.7),
(23, 61, 6.9),
(23, 70, 9.2),
(23, 74, 9.5),
(23, 93, 5.1),
(23, 96, 8.1),
(23, 99, 8.7),
(24, 17, 8),
(24, 34, 6.9),
(24, 37, 8.3),
(24, 77, 9.8),
(24, 104, 9.1),
(24, 106, 8.2),
(25, 10, 7.4),
(25, 13, 8.9),
(25, 17, 8.6),
(25, 22, 5.3),
(25, 25, 6),
(26, 14, 6.3),
(26, 30, 6.4),
(26, 86, 8.4),
(26, 91, 9.4),
(27, 49, 6),
(27, 50, 5.1),
(28, 40, 8.3),
(29, 15, 8),
(29, 26, 7.8),
(29, 29, 9.5),
(29, 55, 6.3),
(30, 3, 8.3),
(30, 56, 9.9),
(30, 60, 8),
(30, 72, 9.2),
(30, 86, 9.2),
(30, 87, 8.4),
(31, 2, 9.7),
(31, 41, 5.8),
(31, 70, 8.8),
(32, 17, 8.3),
(32, 23, 8.8),
(32, 48, 8.1),
(32, 96, 8.1),
(33, 5, 5.1),
(33, 39, 5),
(33, 47, 8.8),
(33, 65, 8.7),
(34, 26, 8.5),
(34, 45, 9.9),
(34, 56, 6.9),
(34, 65, 8.5),
(34, 87, 5.8),
(35, 51, 8.3),
(35, 85, 8.1),
(35, 86, 7.1),
(36, 7, 5.9),
(36, 61, 8.8),
(36, 70, 8.9),
(36, 73, 5),
(36, 78, 8.3),
(37, 54, 5.5),
(37, 75, 9.4),
(37, 84, 8.7),
(37, 89, 8.6),
(37, 105, 8.2),
(37, 107, 9.3),
(38, 32, 9),
(39, 9, 8.9),
(39, 17, 9.9),
(40, 27, 8.3),
(40, 31, 9.5),
(40, 32, 8.5),
(40, 64, 8.8),
(40, 95, 8.2),
(40, 98, 8.2),
(40, 99, 8),
(40, 107, 8.9),
(41, 3, 9.2),
(41, 4, 8.7),
(41, 5, 9.1),
(41, 86, 9.9),
(41, 88, 8.4),
(42, 83, 9.5),
(43, 43, 10),
(43, 53, 9.4),
(44, 2, 9.5),
(44, 5, 9),
(44, 12, 9.4),
(44, 52, 9.4),
(44, 86, 8),
(45, 1, 7.2),
(45, 27, 5.8),
(45, 40, 8.4),
(45, 49, 5.9),
(46, 18, 5.3),
(46, 43, 9.5),
(47, 18, 8.5),
(47, 31, 8.1),
(47, 34, 9.3),
(47, 60, 6.1),
(48, 22, 8.5),
(49, 28, 10),
(49, 35, 9.2),
(49, 52, 5.6),
(49, 57, 9.7),
(49, 98, 9),
(50, 4, 8.1),
(50, 67, 7.8),
(50, 81, 8.9),
(51, 97, 8.9),
(51, 107, 8.3),
(52, 17, 7.7),
(52, 36, 9.3),
(52, 60, 9.3),
(52, 93, 8.4),
(52, 100, 9.1),
(53, 21, 9.5),
(53, 50, 8.6),
(53, 53, 9.6),
(54, 6, 8.1),
(54, 13, 10),
(54, 33, 9.6),
(54, 47, 9.8),
(54, 63, 5.8),
(55, 1, 9.6),
(55, 26, 9),
(55, 29, 6.1),
(55, 35, 10),
(55, 40, 5.9),
(55, 55, 9.2),
(55, 90, 9),
(55, 95, 9.8),
(55, 98, 9),
(55, 102, 9.4),
(56, 29, 9.2),
(56, 33, 9),
(56, 50, 9.6),
(56, 80, 8.3),
(57, 20, 8.6),
(57, 23, 9),
(57, 34, 9.3),
(57, 55, 6.3),
(57, 65, 8),
(57, 70, 6.7),
(57, 75, 9.6),
(57, 95, 6.4),
(58, 53, 9),
(59, 20, 9.3),
(59, 28, 7.9),
(59, 84, 9.3),
(59, 89, 8.3),
(59, 92, 6.4),
(60, 3, 9.3),
(60, 48, 8.1),
(60, 59, 8.8),
(60, 67, 8.7),
(60, 71, 7.3),
(61, 11, 9),
(61, 74, 9.1),
(61, 94, 8),
(61, 102, 8.1),
(62, 40, 8.9),
(63, 20, 9),
(63, 59, 9.4),
(63, 64, 9.8),
(63, 74, 8.1),
(64, 46, 8.2),
(64, 61, 9),
(64, 69, 9.5),
(65, 8, 5.7),
(65, 27, 7.5),
(65, 98, 9.5),
(66, 14, 8.1),
(66, 56, 9.9),
(67, 37, 9.2),
(67, 43, 8.8),
(67, 90, 8.7),
(68, 91, 7.6),
(68, 107, 8.5),
(69, 24, 9),
(69, 98, 9.5),
(70, 19, 7.2),
(70, 60, 5.1),
(71, 11, 6.4),
(71, 22, 5.7),
(71, 32, 8.6),
(71, 58, 8.5),
(71, 61, 9),
(71, 64, 10),
(71, 73, 8.3),
(71, 77, 8.6),
(71, 94, 9.3),
(71, 106, 8.1),
(72, 14, 8.8),
(72, 26, 8.9),
(72, 43, 8.3),
(72, 57, 9.9),
(72, 63, 5.6),
(73, 4, 7.3),
(73, 21, 8.2),
(73, 66, 9.4),
(73, 93, 8),
(74, 9, 9.6),
(74, 35, 8.6),
(74, 68, 8.4),
(74, 73, 9.6),
(74, 74, 8.4),
(75, 53, 6.8),
(75, 80, 8.3),
(75, 84, 9.8),
(75, 99, 9.6),
(76, 57, 6.1),
(76, 61, 9),
(76, 71, 6.9),
(76, 74, 5.5),
(76, 84, 6.8),
(77, 14, 9.3),
(78, 9, 7.1),
(78, 30, 9.6),
(78, 38, 6),
(78, 41, 8.9),
(78, 100, 8.9),
(79, 22, 8.4),
(79, 31, 9.6),
(79, 35, 9.6),
(79, 65, 8.9),
(79, 70, 8.8),
(79, 73, 9.1),
(79, 84, 8.7),
(80, 3, 6.3),
(80, 48, 7.4),
(80, 68, 6.7),
(80, 77, 8),
(81, 8, 9.3),
(81, 21, 8.4),
(81, 64, 6.2),
(81, 66, 8.5),
(81, 86, 8.5),
(82, 2, 9.3),
(82, 22, 7.1),
(82, 29, 7.2),
(82, 66, 9.2),
(82, 74, 8.9),
(82, 80, 9.1),
(82, 83, 9.5),
(83, 1, 7),
(83, 7, 8.2),
(83, 57, 9),
(83, 91, 8.1),
(83, 96, 8.8),
(84, 14, 9.3),
(84, 41, 8.7),
(84, 52, 8.3),
(85, 2, 9.1),
(85, 29, 8.1),
(85, 34, 6.8),
(85, 67, 9.8),
(85, 79, 6.8),
(85, 82, 8.7),
(86, 17, 8.1),
(86, 38, 5.1),
(86, 75, 5.2),
(87, 7, 8.2),
(87, 46, 8.2),
(87, 50, 7.2),
(87, 64, 9.3),
(87, 68, 9.5),
(88, 14, 9.5),
(88, 48, 9.8),
(88, 55, 9.1),
(88, 70, 6.2),
(88, 75, 9.4),
(88, 95, 9.3),
(89, 10, 8.2),
(89, 20, 8.3),
(89, 30, 9.7),
(89, 56, 5.6),
(89, 61, 6.9),
(89, 64, 5.6),
(89, 91, 7.5),
(90, 15, 9),
(90, 32, 7.7),
(90, 47, 9.6),
(90, 79, 8.7),
(90, 84, 5.1),
(92, 60, 9.5),
(93, 1, 9.3),
(93, 19, 8.2),
(93, 22, 8.2),
(93, 24, 9.4),
(93, 64, 9.3),
(93, 68, 8.1),
(93, 76, 9.6),
(94, 12, 5),
(94, 27, 8.8),
(94, 51, 8.7),
(94, 55, 8.9),
(95, 69, 5.5),
(95, 79, 5.3),
(95, 82, 7.8),
(96, 24, 5),
(96, 36, 7.2),
(96, 42, 7),
(97, 14, 9),
(97, 21, 9.1),
(98, 5, 9.5),
(98, 59, 8.7),
(98, 96, 8.5),
(99, 42, 9.6),
(99, 43, 8.8),
(99, 68, 8.2),
(99, 97, 8.4),
(100, 12, 9.5),
(100, 17, 8.2),
(100, 107, 5.2),
(101, 60, 9),
(101, 74, 5.6),
(101, 88, 7.4),
(101, 99, 9.1),
(102, 2, 9.7),
(102, 22, 7.2),
(102, 27, 9.7),
(102, 71, 8.1),
(102, 90, 9.8),
(103, 12, 5.3),
(103, 13, 9.4),
(103, 51, 9.3),
(103, 87, 9.8),
(103, 92, 9.1),
(104, 10, 8.6),
(104, 48, 8.4),
(104, 55, 5),
(105, 36, 5.7),
(105, 51, 8.2),
(105, 53, 8.1),
(105, 99, 8.7),
(105, 100, 9.4),
(106, 2, 8.5),
(106, 10, 9.9),
(106, 18, 9.4),
(106, 22, 9.5),
(106, 75, 8.2),
(107, 11, 8.6),
(107, 35, 7.8),
(107, 63, 8.8),
(108, 24, 9.8),
(109, 7, 9),
(109, 10, 9.4),
(109, 25, 8.6),
(109, 57, 6.4),
(109, 64, 8.7),
(109, 84, 7.5),
(109, 89, 9.5),
(109, 98, 9.1),
(110, 26, 8.4),
(110, 36, 5.1),
(110, 60, 8.2),
(110, 98, 9.6),
(110, 103, 9.8),
(111, 99, 9.6),
(112, 5, 6.3),
(112, 7, 7.4),
(112, 64, 9.9),
(112, 87, 6),
(113, 79, 8.3),
(113, 90, 6.1),
(114, 19, 8.1),
(114, 99, 5.9),
(115, 22, 10),
(115, 32, 9.6),
(116, 10, 9.5),
(116, 23, 9.2),
(116, 46, 8.8),
(116, 66, 8.9),
(116, 84, 8.8),
(116, 104, 9.9),
(117, 6, 6),
(117, 63, 8.4),
(117, 67, 9.6),
(117, 82, 8.9),
(117, 106, 8.8),
(118, 44, 10),
(118, 61, 7.4),
(119, 35, 9.3),
(119, 71, 9.9),
(119, 79, 6.4),
(119, 91, 9.5),
(119, 104, 8.1),
(119, 107, 7.2),
(120, 83, 10),
(120, 93, 8.7),
(120, 98, 9.1),
(121, 37, 9.5),
(121, 64, 8.7),
(121, 97, 8.2),
(121, 106, 5.6),
(122, 8, 5.5),
(122, 24, 9),
(122, 49, 8.1),
(122, 68, 8.3),
(122, 94, 9.8),
(123, 17, 5.5),
(123, 38, 5),
(124, 21, 8.8),
(124, 22, 8.9),
(124, 73, 9.5),
(124, 77, 7.1),
(124, 95, 9.8),
(125, 6, 9.7),
(125, 16, 9.1),
(125, 19, 9.4),
(125, 30, 9.7),
(126, 9, 8.1),
(126, 11, 6.8),
(126, 21, 6.4),
(126, 51, 9),
(126, 57, 8.7),
(126, 69, 6.1),
(127, 12, 9),
(127, 22, 9.1),
(127, 48, 10),
(127, 56, 8.6),
(127, 104, 5.5),
(128, 10, 8.1),
(128, 15, 8.6),
(128, 23, 8.3),
(128, 33, 6.4),
(128, 36, 7.2),
(128, 75, 9.1),
(128, 106, 9.8),
(129, 27, 7.9),
(129, 80, 9.7),
(130, 7, 8.6),
(130, 26, 8.4),
(130, 47, 5.7),
(131, 70, 9.7),
(131, 72, 9.5),
(131, 87, 9.3),
(132, 18, 6.6),
(132, 20, 8.3),
(132, 83, 9.2),
(132, 102, 8.3),
(132, 107, 5.5),
(133, 19, 9.7),
(133, 62, 8.5),
(134, 7, 8),
(134, 12, 8.2),
(134, 44, 9.1),
(134, 99, 8.6),
(134, 103, 7.5),
(135, 60, 8.9),
(135, 62, 9),
(135, 66, 9.5),
(135, 75, 9.1),
(135, 81, 9.7),
(135, 82, 9.9),
(135, 94, 8.4),
(136, 26, 9.8),
(136, 61, 9.9),
(136, 102, 9.4),
(137, 1, 9.1),
(137, 14, 8.1),
(137, 71, 10),
(137, 81, 5),
(138, 50, 5.2),
(138, 77, 8.5),
(138, 91, 8.5),
(139, 10, 8.2),
(139, 47, 8.5),
(140, 37, 5.4),
(141, 16, 5.7),
(141, 74, 7.1),
(141, 107, 8.4),
(142, 9, 8.5),
(142, 38, 9.1),
(142, 47, 9.1),
(143, 15, 8.3),
(143, 28, 7.8),
(143, 72, 8.4),
(143, 98, 5.5),
(144, 20, 8.2),
(144, 28, 9.4),
(144, 32, 8.1),
(144, 71, 8.4),
(144, 78, 7.4),
(145, 6, 6.8),
(145, 13, 9.5),
(145, 37, 7.3),
(145, 66, 7.2),
(146, 24, 9.1),
(146, 30, 9.1),
(146, 46, 9.6),
(147, 3, 9.3),
(147, 14, 5.4),
(147, 38, 9.2),
(147, 41, 9.9),
(147, 106, 7.3),
(148, 46, 8.3),
(149, 49, 6.6),
(149, 71, 9.7),
(149, 82, 5.4),
(149, 84, 8.4),
(150, 18, 7.9),
(150, 92, 5.3),
(151, 37, 9.7),
(151, 82, 9.3),
(152, 49, 9.4),
(152, 54, 9.6),
(152, 79, 7.8),
(152, 105, 8.8),
(153, 2, 8.5),
(154, 6, 8.6),
(154, 14, 9.4),
(154, 47, 8.1),
(154, 52, 9.2),
(154, 72, 8.8),
(155, 9, 8.6),
(155, 15, 9.1),
(155, 44, 9.9),
(155, 98, 8.5),
(156, 58, 6.8),
(156, 69, 8.4),
(156, 83, 5.1),
(156, 99, 7.1),
(157, 7, 9.3),
(157, 30, 7.8),
(157, 57, 8.7),
(158, 16, 9.5),
(159, 14, 9.1),
(159, 22, 8.3),
(159, 31, 7),
(159, 51, 9.7),
(160, 19, 9.8),
(160, 21, 8.3),
(160, 52, 9.2),
(160, 98, 9.2),
(161, 18, 9),
(161, 35, 9.4),
(161, 47, 8.6),
(161, 73, 9.9),
(161, 107, 8.6),
(162, 33, 6.9),
(162, 62, 8.1),
(162, 68, 9.9),
(162, 89, 9.9),
(163, 8, 8.1),
(163, 15, 6.9),
(163, 33, 9.5),
(164, 16, 9.7),
(164, 37, 8.4),
(164, 65, 9.9),
(164, 84, 9),
(164, 89, 8.5),
(165, 29, 9.3),
(165, 75, 9.3),
(165, 98, 9.2),
(166, 20, 8.7),
(166, 27, 8.2),
(166, 72, 9.4),
(167, 9, 8.7),
(167, 77, 7.3),
(167, 91, 5.4),
(168, 6, 8.9),
(168, 22, 8.9),
(168, 61, 9.5),
(168, 64, 5),
(168, 85, 6.4),
(168, 86, 8.5),
(169, 16, 7.1),
(169, 40, 9.6),
(170, 17, 9.9),
(170, 49, 5.1),
(170, 51, 8.3),
(170, 76, 6.1),
(171, 2, 8.8),
(171, 4, 9),
(171, 21, 9.2),
(171, 39, 8.8),
(171, 51, 7.2),
(171, 91, 9.5),
(172, 9, 9),
(172, 51, 9.4),
(172, 99, 6.1),
(173, 13, 5.4),
(174, 27, 7.1),
(174, 41, 8.1),
(175, 96, 8.1),
(176, 55, 7.4),
(176, 107, 9.9),
(177, 38, 8.6),
(177, 74, 8.8),
(178, 16, 9.1),
(178, 69, 7.8),
(178, 70, 5.8),
(178, 74, 5.2),
(178, 76, 5.9),
(178, 102, 8.4),
(179, 25, 8.5),
(179, 39, 9.5),
(179, 67, 7.8),
(179, 89, 6.6),
(179, 103, 9.1),
(180, 17, 8.6),
(180, 64, 8.8),
(180, 72, 7.2),
(180, 79, 8.6),
(180, 85, 6.9),
(181, 14, 7),
(181, 30, 9.9),
(181, 32, 7.8),
(181, 94, 9.7),
(182, 4, 8.7),
(182, 13, 6),
(182, 16, 9.4),
(182, 26, 7),
(182, 39, 9.6),
(182, 76, 8.3),
(183, 22, 8.7),
(183, 43, 8.9),
(183, 57, 8.6),
(183, 88, 8.4),
(183, 97, 9.7),
(184, 30, 8.8),
(184, 32, 5.3),
(184, 44, 8.5),
(184, 52, 9.3),
(184, 82, 8.8),
(184, 95, 8.8),
(185, 38, 6.8),
(185, 62, 9.2),
(185, 67, 5.8),
(185, 81, 9.6),
(185, 83, 8.7),
(185, 92, 6.6),
(185, 107, 9.8),
(186, 28, 9.6),
(186, 41, 8.2),
(186, 105, 6.6),
(187, 7, 8.4),
(187, 11, 5.3),
(187, 25, 9.4),
(187, 69, 8.1),
(187, 90, 8.9),
(188, 10, 8.5),
(188, 31, 5.7),
(189, 9, 7.1),
(189, 14, 5.4),
(189, 97, 8.8),
(190, 16, 6.7),
(190, 30, 9.3),
(190, 44, 9.7),
(190, 85, 9.1),
(191, 2, 8.1),
(191, 12, 8.8),
(191, 83, 8.2),
(191, 101, 5.1),
(192, 25, 9.6),
(192, 44, 10),
(192, 48, 8.3),
(193, 36, 8.7),
(193, 42, 6.9),
(193, 66, 8.7),
(193, 106, 6.6),
(194, 18, 9.4),
(194, 19, 9.6),
(194, 35, 8.8),
(194, 60, 9.8),
(194, 93, 8),
(194, 95, 5.7),
(195, 45, 9.4),
(195, 53, 9.6),
(195, 73, 9.7),
(195, 92, 8.4),
(196, 68, 9.7),
(196, 71, 9.7),
(196, 72, 9),
(197, 37, 8.1),
(197, 40, 9.7),
(197, 94, 6.9),
(197, 105, 5.7),
(198, 12, 9),
(198, 17, 5.9),
(198, 25, 7.7),
(198, 26, 8.5),
(198, 71, 8.9),
(198, 86, 8.2),
(198, 98, 8.4),
(199, 23, 5.8),
(199, 61, 9.1),
(199, 64, 9.3),
(199, 71, 8.9),
(199, 107, 8),
(200, 21, 5.1),
(200, 36, 9.8),
(200, 71, 9.7),
(200, 90, 8.2),
(201, 64, 5.3),
(202, 23, 8.9),
(203, 56, 9.5),
(203, 62, 9.5),
(203, 65, 9.4),
(203, 70, 9.9),
(203, 103, 6.1),
(204, 13, 9.9),
(205, 44, 6.1),
(205, 106, 9.9),
(206, 39, 9.8),
(206, 41, 5.7),
(206, 50, 9),
(206, 55, 8.2),
(206, 103, 5.7),
(207, 33, 9.7),
(207, 45, 8.6),
(207, 57, 8.5),
(207, 69, 7.3),
(207, 98, 8.5),
(207, 105, 9.9),
(208, 12, 8.1),
(208, 19, 8.6),
(208, 51, 8),
(208, 55, 8.4),
(209, 13, 7.1),
(210, 14, 8.3),
(210, 24, 6.6),
(210, 33, 9.6),
(210, 46, 9),
(210, 61, 5.5),
(210, 70, 10),
(211, 36, 9.2),
(211, 91, 9.2),
(211, 94, 9),
(212, 14, 9.9),
(212, 23, 8.8),
(212, 74, 8.8),
(212, 83, 5.6),
(213, 19, 6.6),
(213, 22, 6.5),
(213, 23, 8.7),
(213, 36, 7.8),
(213, 72, 9),
(213, 77, 5.3),
(214, 35, 9.8),
(214, 72, 7.3),
(214, 93, 6.2),
(215, 86, 9.8),
(216, 5, 8.9),
(216, 22, 8.5),
(216, 25, 9.6),
(216, 65, 9.1),
(216, 100, 9.3),
(217, 3, 7.3),
(217, 5, 8),
(217, 45, 7),
(217, 68, 9.4),
(217, 78, 7.5),
(217, 84, 10),
(217, 87, 8.9),
(217, 93, 8.3),
(217, 103, 8.8),
(218, 16, 9),
(218, 25, 8.3),
(218, 37, 6.1),
(218, 44, 8),
(219, 53, 9.6),
(220, 6, 8.3),
(220, 68, 9.1),
(220, 84, 6.9),
(221, 17, 8.9),
(221, 35, 8.7),
(221, 42, 8.9),
(221, 45, 9.1),
(221, 48, 9.9),
(221, 67, 5.5),
(222, 1, 7.5),
(222, 11, 5.9),
(222, 70, 9.4),
(223, 18, 8.2),
(223, 21, 8.9),
(223, 24, 6.7),
(224, 3, 8.7),
(224, 81, 5.3),
(225, 23, 8.2),
(226, 3, 9.2),
(226, 31, 9.1),
(226, 43, 6.3),
(226, 102, 8.5),
(227, 98, 8.1),
(228, 20, 9.8),
(228, 23, 6.9),
(228, 46, 9.1),
(228, 74, 6.1),
(228, 84, 8.5),
(228, 89, 7.3),
(229, 39, 9.5),
(229, 92, 8.8),
(230, 4, 6.1),
(230, 15, 9.6),
(230, 24, 8.6),
(230, 43, 9.4),
(230, 68, 9.8),
(231, 16, 6.1),
(231, 39, 9.7),
(231, 47, 9.1),
(231, 84, 5.8),
(231, 102, 7.7),
(232, 39, 7.6),
(232, 51, 7.2),
(232, 57, 7.2),
(232, 63, 9.7),
(232, 103, 8.1),
(233, 22, 9.3),
(233, 29, 7.6),
(233, 33, 8.8),
(233, 52, 9.6),
(234, 6, 9.9),
(234, 45, 8.4),
(234, 48, 5.8),
(234, 86, 9.4),
(234, 91, 8.1),
(235, 1, 6.3),
(235, 24, 5.5),
(235, 25, 8.5),
(235, 94, 8.5),
(236, 11, 7.6),
(236, 36, 5.1),
(236, 58, 7.2),
(236, 64, 8.9),
(236, 67, 7.7),
(236, 99, 5.5),
(237, 16, 8.7),
(237, 27, 5.1),
(237, 75, 5.7),
(237, 103, 9.8),
(238, 19, 8.9),
(238, 57, 5.3),
(239, 25, 9.3),
(239, 54, 9.4),
(239, 88, 6.7),
(239, 91, 5.9),
(240, 45, 8.1),
(241, 20, 9.7),
(241, 57, 8.1),
(241, 79, 5.1),
(241, 102, 9.3),
(242, 6, 7.8),
(242, 12, 5.7),
(242, 46, 9.9),
(242, 66, 8.2),
(243, 7, 9.6),
(243, 18, 8.4),
(243, 49, 9.7),
(244, 22, 6.2),
(244, 28, 9.3),
(244, 68, 8.8),
(244, 74, 9.7),
(244, 99, 9.7),
(244, 104, 9.8),
(244, 107, 10),
(245, 13, 9),
(245, 14, 9.2),
(245, 29, 9.1),
(245, 58, 9.6),
(245, 65, 9.1),
(245, 78, 9),
(245, 90, 8.8),
(246, 20, 8.7),
(246, 78, 9.8),
(247, 31, 9.5),
(247, 36, 9.4),
(247, 84, 9.4),
(247, 103, 8.2),
(248, 10, 9.6),
(248, 21, 9.1),
(248, 31, 9.8),
(248, 41, 6.4),
(248, 42, 9.8),
(248, 46, 9.9),
(248, 62, 9.8),
(248, 97, 9.5),
(249, 5, 9.5),
(249, 7, 9.3),
(249, 47, 8.3),
(249, 70, 9.8),
(249, 82, 8),
(250, 13, 9.6),
(250, 37, 6.1),
(250, 45, 8.1),
(250, 97, 8.8),
(250, 101, 10),
(251, 2, 9.7),
(251, 20, 8.3),
(251, 32, 5.5),
(251, 62, 8.6),
(251, 69, 10),
(252, 11, 8.6),
(252, 35, 8.2),
(252, 67, 9.3),
(252, 75, 9),
(252, 86, 9.8),
(252, 92, 8.1),
(252, 103, 8.9),
(253, 28, 9.5),
(254, 21, 6.4),
(254, 52, 7.2),
(254, 65, 6.2),
(255, 15, 8.3),
(255, 46, 8.5),
(255, 58, 8.5),
(255, 82, 6.7),
(256, 50, 8.8),
(256, 58, 9.5),
(256, 65, 9.9),
(256, 76, 9.7),
(256, 90, 8.5),
(256, 105, 5.1),
(257, 14, 8.8),
(257, 20, 8.1),
(257, 32, 7.6),
(257, 74, 8.7),
(257, 77, 9.3),
(257, 97, 9.2),
(258, 37, 8.4),
(258, 46, 8.6),
(258, 53, 7),
(258, 74, 5.3),
(258, 98, 9.6),
(258, 101, 8.6),
(259, 51, 5.7),
(259, 86, 5.2),
(260, 63, 9.7),
(260, 76, 8.2),
(261, 10, 9.4),
(261, 14, 8.2),
(261, 44, 9.3),
(261, 85, 9.4),
(261, 90, 9.9),
(262, 30, 9.2),
(262, 43, 8.8),
(262, 68, 9.7),
(262, 84, 8),
(263, 2, 8.8),
(263, 21, 9),
(263, 95, 8.3),
(263, 97, 6.9),
(265, 26, 8.3),
(265, 40, 7.5),
(265, 51, 9),
(265, 72, 6.8),
(265, 85, 8.5),
(265, 88, 9.9),
(266, 18, 5.5),
(266, 20, 8.1),
(266, 49, 6.9),
(266, 64, 9.6),
(266, 86, 7.9),
(266, 89, 8.1),
(267, 105, 9),
(268, 2, 9),
(268, 50, 8.5),
(268, 89, 8.9),
(268, 99, 8.5),
(269, 1, 8.4),
(269, 5, 9.2),
(269, 81, 9.5),
(270, 9, 9.5),
(270, 26, 9.8),
(270, 41, 9),
(270, 47, 8.7),
(270, 78, 9.1),
(271, 69, 9.5),
(272, 10, 9.4),
(272, 18, 8.4),
(272, 26, 5.2),
(272, 69, 5.8),
(272, 70, 7.8),
(273, 10, 9.4),
(273, 14, 8.2),
(273, 78, 8),
(273, 88, 5.3),
(273, 97, 9.5),
(273, 102, 9.2),
(274, 25, 9.4),
(274, 35, 8.9),
(274, 64, 8.8),
(274, 73, 9.6),
(274, 99, 10),
(275, 12, 8.7),
(275, 13, 7),
(275, 49, 8.7),
(275, 55, 8.5),
(275, 86, 5.2),
(276, 3, 9),
(276, 66, 9.2),
(276, 97, 8.9),
(276, 98, 5.7),
(277, 18, 9.9),
(277, 19, 8.8),
(277, 94, 9.5),
(278, 12, 9.7),
(278, 53, 9.7),
(278, 92, 9.9),
(278, 107, 5.5),
(279, 15, 8.1),
(279, 23, 5.4),
(279, 26, 5.1),
(279, 78, 9.4),
(279, 84, 6.1),
(280, 23, 8.8),
(280, 64, 9.6),
(281, 6, 6.4),
(281, 56, 6.6),
(281, 62, 8.8),
(281, 66, 8.8),
(281, 74, 5.5),
(282, 67, 8.4),
(282, 83, 8.3),
(282, 103, 10),
(282, 105, 5.5),
(283, 30, 6.6),
(283, 53, 7.5),
(283, 104, 9.4),
(284, 63, 9.5),
(285, 4, 6.2),
(285, 26, 6.7),
(285, 66, 9.9),
(285, 80, 9),
(285, 90, 9.2),
(285, 93, 8.9),
(285, 101, 9.6),
(286, 58, 9.5),
(286, 75, 9.5),
(287, 63, 8.9),
(287, 106, 8.1),
(288, 20, 9.1),
(288, 21, 9.6),
(288, 22, 8.1),
(288, 37, 8.4),
(288, 55, 10),
(288, 70, 8.7),
(288, 85, 5.6),
(288, 101, 5.3),
(289, 69, 8.9),
(289, 82, 8.2),
(290, 10, 9.2),
(290, 73, 9.2),
(290, 87, 8.9),
(291, 95, 9.6),
(292, 36, 9.6),
(292, 41, 9.8),
(292, 53, 8.7),
(292, 60, 8.5),
(292, 64, 8.7),
(292, 65, 8.8),
(292, 72, 9),
(292, 89, 7.6),
(293, 8, 9.4),
(293, 43, 9.6),
(293, 71, 9),
(293, 84, 6.7),
(293, 87, 9.5),
(293, 105, 6),
(294, 23, 8.4),
(294, 27, 7.4),
(294, 28, 8.5),
(294, 35, 9.5),
(294, 66, 8.5),
(294, 103, 8.2),
(295, 7, 8.5),
(295, 21, 6.8),
(295, 23, 7.1),
(295, 40, 10),
(295, 49, 7.2),
(295, 76, 8.4),
(296, 10, 7.2),
(296, 11, 8.5),
(296, 84, 8.7),
(296, 106, 9.6),
(297, 10, 6.5),
(297, 38, 9.1),
(297, 64, 6.6),
(297, 94, 8.2),
(297, 107, 9.5),
(298, 19, 9),
(298, 56, 7.6),
(298, 85, 6.6),
(298, 90, 8.6),
(300, 52, 6.1),
(300, 61, 8.4),
(300, 73, 8.1),
(300, 83, 8.4),
(300, 92, 9.1),
(301, 21, 9.3),
(301, 99, 9.9),
(302, 22, 8.9),
(303, 21, 6.5),
(303, 22, 9.7),
(303, 49, 9.2),
(303, 84, 6.5),
(303, 85, 9.3),
(303, 94, 8.6),
(304, 23, 9.4),
(304, 55, 8.2),
(304, 56, 8.3),
(304, 63, 7.2),
(305, 20, 6.5),
(305, 41, 6.7),
(305, 47, 8.2),
(305, 52, 9),
(306, 51, 9),
(306, 54, 9.5),
(307, 27, 5.1),
(307, 45, 8.6),
(308, 8, 9.8),
(308, 83, 8.3),
(309, 20, 8.6),
(309, 45, 7.7),
(310, 14, 8.1),
(310, 19, 9.8),
(310, 106, 7.5),
(311, 2, 8),
(311, 25, 8.1),
(311, 26, 8.6),
(311, 88, 5.9),
(312, 64, 8.7),
(312, 100, 6.2),
(313, 44, 8.5),
(313, 45, 9.9),
(313, 47, 9.2),
(313, 71, 8),
(313, 83, 6.3),
(314, 1, 7.8),
(314, 58, 9.5),
(314, 60, 8.3),
(314, 105, 9.9),
(315, 4, 8.3),
(315, 53, 8.7),
(315, 74, 6.3),
(315, 92, 9),
(316, 12, 9.8),
(317, 18, 9.4),
(317, 35, 5.4),
(317, 47, 6.6),
(317, 74, 9.8),
(317, 100, 8.8),
(317, 105, 9),
(318, 22, 9.2),
(318, 41, 5.8),
(318, 54, 8.1),
(318, 72, 9.1),
(318, 93, 7.1),
(319, 25, 9.3),
(319, 26, 5.3),
(319, 45, 9.6),
(320, 7, 9.2),
(321, 11, 8.4),
(321, 84, 9.1),
(322, 4, 5.9),
(322, 62, 5.7),
(322, 78, 8.2),
(322, 88, 9.8),
(322, 95, 6.3),
(323, 20, 9.8),
(323, 40, 7.2),
(324, 5, 8.6),
(324, 36, 8.1),
(324, 42, 8.4),
(324, 103, 8.4),
(325, 28, 8.5),
(325, 37, 9.1),
(325, 61, 5.7),
(326, 3, 8.1),
(326, 9, 9.8),
(326, 42, 8.4),
(326, 47, 7.6),
(326, 51, 9.9),
(327, 71, 9.9),
(327, 86, 6.1),
(328, 49, 8.8),
(328, 96, 8.3),
(329, 3, 6.3),
(329, 5, 9.2),
(329, 21, 5.2),
(329, 42, 8.7),
(329, 55, 9.7),
(330, 20, 9.8),
(330, 58, 5.3),
(330, 85, 9.3),
(331, 44, 9.4),
(331, 64, 7.8),
(331, 73, 8.3),
(332, 21, 6.8),
(332, 24, 7),
(332, 28, 9.5),
(332, 104, 8.8),
(333, 27, 9.2),
(333, 29, 8.9),
(333, 37, 8.8),
(333, 46, 8.2),
(333, 61, 7.3),
(333, 89, 9.1),
(334, 2, 9.1),
(334, 3, 8.8),
(334, 13, 8.8),
(334, 49, 7.8),
(334, 63, 5.1),
(334, 99, 7.6),
(335, 36, 7.4),
(336, 1, 8.4),
(336, 57, 8.9),
(336, 66, 8.4),
(336, 68, 9.9),
(336, 74, 9.3),
(336, 94, 9.4),
(337, 63, 9.8),
(337, 84, 5.1),
(337, 95, 8),
(338, 2, 9.7),
(338, 67, 8.1),
(339, 75, 8),
(339, 104, 9.2),
(340, 17, 9.8),
(340, 21, 9.1),
(340, 22, 7.8),
(340, 40, 9.4),
(340, 48, 8.5),
(340, 82, 9.9),
(340, 105, 6),
(341, 21, 5.3),
(341, 37, 5.7),
(341, 40, 9.6),
(341, 60, 5.7),
(341, 92, 9.4),
(341, 96, 8.3),
(342, 27, 8.4),
(342, 73, 9),
(342, 92, 8.6),
(343, 61, 8.8),
(343, 80, 8),
(343, 82, 8.2),
(343, 86, 7.4),
(343, 96, 8.8),
(344, 54, 9.1),
(344, 59, 9.3),
(344, 78, 8.5),
(344, 95, 9.4),
(344, 100, 8.4),
(345, 24, 8.6),
(345, 47, 8.7),
(345, 77, 8.3),
(345, 104, 6.5),
(346, 1, 8.1),
(346, 4, 8.8),
(346, 5, 8.8),
(346, 8, 9.2),
(346, 79, 8.4),
(347, 83, 9.9),
(348, 22, 9.6),
(348, 25, 9.4),
(348, 73, 8.7),
(348, 76, 9.1),
(348, 89, 10),
(349, 19, 9.8),
(349, 31, 9.6),
(349, 39, 8.2),
(349, 46, 8.4),
(349, 48, 8.6),
(350, 26, 7.4),
(350, 44, 9.9),
(350, 81, 9),
(350, 82, 8.2),
(350, 93, 9.9),
(351, 29, 9.5),
(351, 34, 9.6),
(351, 53, 8.3),
(351, 58, 8.8),
(351, 103, 9.9),
(352, 61, 8.1),
(352, 64, 6),
(352, 98, 9.4),
(352, 103, 7.4),
(353, 39, 9.2),
(353, 46, 8.1),
(353, 86, 9.6),
(353, 97, 9.1),
(353, 99, 5.4),
(354, 26, 9.1),
(354, 104, 6.2),
(355, 1, 5.9),
(355, 15, 6.5),
(355, 40, 6.5),
(355, 45, 9.4),
(355, 46, 9.1),
(355, 92, 8.5),
(356, 1, 9),
(356, 38, 5.7),
(356, 63, 9.2),
(356, 81, 5.4),
(356, 93, 7.5),
(356, 105, 9.8),
(358, 45, 8.9),
(358, 49, 8.4),
(358, 105, 8.1),
(358, 107, 8.9),
(359, 40, 5),
(359, 106, 8.9),
(360, 42, 8.5),
(360, 79, 6.2),
(361, 12, 8.1),
(361, 57, 8.5),
(362, 15, 8.8),
(362, 22, 9.5),
(362, 26, 5.4),
(362, 98, 6.8),
(363, 10, 10),
(363, 55, 5.9),
(363, 85, 9.5),
(363, 102, 8.3),
(364, 5, 7.5),
(364, 44, 9.3),
(364, 69, 5.8),
(364, 74, 10),
(364, 103, 9.5),
(365, 44, 8.1),
(365, 51, 8.2),
(365, 74, 8.7),
(366, 20, 6.7),
(366, 30, 9.6),
(366, 38, 7.1),
(366, 41, 9.7),
(366, 84, 6.2),
(366, 100, 9.6),
(367, 31, 6.3),
(367, 38, 5.3),
(367, 80, 8.2),
(368, 26, 6.5),
(369, 4, 9.1),
(369, 53, 7.7),
(369, 107, 9.4),
(370, 4, 5.7),
(370, 17, 6),
(370, 23, 9.2),
(370, 56, 8.2),
(370, 57, 9.8),
(371, 7, 6.9),
(371, 23, 5.2),
(371, 27, 8.6),
(371, 62, 8.2),
(371, 71, 8.3),
(371, 84, 8.7),
(371, 96, 9),
(372, 7, 8.2),
(372, 10, 6.2),
(372, 49, 9.4),
(372, 76, 5.8),
(372, 77, 8.4),
(372, 89, 7.2),
(373, 78, 7.2),
(373, 87, 8.5),
(373, 91, 9.8),
(373, 100, 7.3),
(374, 1, 8.8),
(374, 16, 7.8),
(374, 79, 6),
(374, 89, 9.8),
(375, 72, 8.3),
(375, 84, 9.1),
(376, 36, 5.6),
(376, 53, 6),
(376, 56, 9.2),
(376, 68, 9.2),
(376, 98, 9.6),
(377, 38, 9),
(377, 49, 8.3),
(378, 38, 8.5),
(378, 46, 9.9),
(378, 55, 8.6),
(378, 87, 8.4),
(379, 6, 5.3),
(379, 76, 9.6),
(379, 92, 5.5),
(379, 97, 8.5),
(380, 17, 9.1),
(380, 22, 9.8),
(380, 31, 7),
(380, 44, 5.9),
(380, 75, 9.7),
(380, 104, 9.8),
(381, 51, 6.6),
(381, 56, 8),
(381, 59, 6.8),
(381, 93, 8.1),
(382, 10, 9.8),
(382, 14, 7),
(382, 26, 5.4),
(382, 59, 8),
(382, 71, 8.1),
(382, 74, 8.6),
(382, 88, 8.6),
(382, 95, 8.3),
(382, 101, 5),
(383, 58, 8.8),
(383, 107, 8.7),
(384, 10, 9.3),
(384, 17, 5.7),
(384, 20, 8.4),
(384, 46, 9),
(384, 103, 8.9),
(385, 14, 8.8),
(385, 33, 8.1),
(385, 51, 9.1),
(385, 56, 6.6),
(385, 104, 8),
(386, 36, 9.7),
(387, 52, 8.4),
(387, 94, 9.6),
(387, 107, 9),
(388, 44, 9.9),
(389, 5, 8.1),
(389, 31, 5.4),
(389, 38, 6.3),
(389, 41, 8.8),
(389, 58, 9),
(390, 1, 9.6),
(390, 20, 7.2),
(390, 40, 8.9),
(390, 50, 8.7),
(390, 92, 9.6),
(390, 102, 8.8),
(391, 8, 8.3),
(391, 15, 10),
(391, 33, 8.1),
(391, 80, 9.5),
(392, 39, 6.8),
(392, 57, 7.6),
(393, 17, 9),
(393, 71, 7),
(393, 91, 6.6),
(393, 99, 8.9),
(394, 20, 5.8),
(394, 26, 6.3),
(394, 54, 7.4),
(394, 65, 5.9),
(394, 70, 7.2),
(394, 75, 9.9),
(394, 76, 8.9),
(394, 95, 9.4),
(395, 1, 7.9),
(395, 9, 8.4),
(395, 72, 5.9),
(396, 29, 9.8),
(396, 56, 9.8),
(396, 57, 5),
(397, 40, 9.7),
(397, 61, 8.9),
(397, 67, 8.7),
(397, 68, 7.7),
(397, 69, 9.4),
(397, 73, 9.9),
(397, 81, 8.1),
(397, 102, 6.1),
(398, 8, 9.8),
(398, 39, 10),
(398, 40, 8.3),
(398, 55, 9),
(398, 58, 9.1),
(398, 64, 5.7),
(398, 68, 6.4),
(399, 66, 7.3),
(399, 71, 8.6),
(399, 84, 8.9),
(400, 37, 5.9),
(401, 2, 5.3),
(401, 13, 9.4),
(401, 78, 9.6),
(401, 86, 8.3),
(401, 92, 5.1),
(402, 1, 9.2),
(402, 39, 8.9),
(402, 53, 9.7),
(402, 90, 9.6),
(403, 37, 9.7),
(403, 41, 7.4),
(403, 89, 8.8),
(404, 25, 9.5),
(404, 29, 9),
(404, 31, 8.3),
(404, 40, 8.2),
(405, 55, 8.3),
(405, 62, 7.6),
(405, 84, 8.3),
(405, 99, 8.4),
(406, 47, 9.1),
(406, 48, 8.3),
(406, 71, 7.9),
(407, 79, 8.2),
(407, 82, 6.1),
(408, 12, 9.3),
(408, 26, 9.8),
(408, 49, 9.1),
(408, 54, 9.6),
(408, 69, 9.8),
(409, 38, 8.6),
(409, 41, 8.3),
(409, 70, 8.9),
(409, 85, 8.3),
(410, 64, 9.6),
(411, 3, 8.9),
(411, 13, 9.7),
(411, 23, 7.9),
(411, 59, 8.2),
(411, 80, 9.6),
(412, 15, 8.7),
(412, 20, 5.1),
(412, 28, 9.3),
(412, 60, 9),
(412, 63, 9.6),
(413, 30, 6.2),
(413, 34, 8.6),
(413, 59, 9.9),
(414, 1, 6.3),
(414, 68, 5.2),
(414, 77, 5.5),
(414, 86, 9.6),
(415, 4, 9.6),
(415, 51, 9.8),
(415, 58, 9.2),
(415, 72, 9.1),
(415, 83, 7.5),
(416, 10, 8.7),
(416, 60, 8.2),
(416, 93, 9.2),
(417, 25, 9.4),
(418, 5, 8.2),
(418, 54, 7.6),
(418, 67, 9.6),
(418, 71, 8.1),
(418, 83, 5.1),
(418, 89, 8.5),
(419, 14, 6.8),
(419, 42, 8.1),
(419, 43, 7.6),
(419, 57, 8.7),
(419, 90, 9.5),
(420, 22, 8.1),
(420, 56, 8.1),
(420, 83, 5.3),
(421, 6, 5.7),
(421, 21, 9.2),
(421, 37, 9.3),
(421, 39, 8.1),
(421, 83, 8.2),
(421, 85, 9.2),
(422, 17, 9.6),
(422, 50, 10),
(422, 70, 9.5),
(422, 83, 8.7),
(423, 25, 9.5),
(423, 37, 8.6),
(423, 47, 9.1),
(424, 37, 9.5),
(424, 57, 9.3),
(424, 77, 8.4),
(425, 42, 9.5),
(425, 65, 8.4),
(425, 90, 9.9),
(426, 13, 9.4),
(426, 15, 9.1),
(426, 25, 8.5),
(426, 72, 9.8),
(427, 18, 6.3),
(427, 27, 6.1),
(428, 1, 5.6),
(428, 14, 9.8),
(428, 19, 8.6),
(428, 26, 8.6),
(428, 36, 8.3),
(428, 60, 8.4),
(428, 63, 5.4),
(428, 84, 8.1),
(428, 102, 9),
(429, 76, 6.1),
(430, 2, 8.7),
(430, 25, 7.6),
(430, 54, 9.9),
(430, 62, 8.5),
(430, 68, 8.7),
(430, 77, 8.1),
(430, 79, 9.1),
(430, 80, 8.6),
(431, 22, 8.6),
(431, 61, 9.4),
(431, 76, 8.2),
(431, 90, 8.1),
(432, 1, 7.4),
(432, 8, 9.3),
(432, 22, 9.2),
(432, 31, 8.1),
(432, 71, 8.6),
(432, 75, 8.3),
(432, 88, 5.1),
(432, 94, 8.3),
(433, 22, 9.1),
(433, 23, 9.2),
(433, 39, 8.9),
(433, 74, 9.1),
(433, 83, 8.7),
(433, 89, 8.6),
(434, 1, 9.4),
(434, 69, 9.3),
(434, 70, 7.9),
(434, 105, 8.6),
(435, 3, 9.3),
(435, 12, 7),
(435, 14, 9.8),
(435, 19, 7.9),
(435, 33, 8.3),
(435, 45, 6.2),
(435, 55, 10),
(435, 59, 5.4),
(435, 78, 6.9),
(435, 89, 5.6),
(435, 105, 5.3),
(436, 50, 8.6),
(436, 59, 5.5),
(436, 99, 8.1),
(437, 11, 9.5),
(437, 16, 5.9),
(437, 63, 6.3),
(437, 70, 8.2),
(437, 77, 7.7),
(437, 78, 7.8),
(437, 85, 9.7),
(437, 100, 9),
(437, 104, 6.4),
(438, 25, 7.9),
(438, 26, 7.1),
(438, 30, 5.4),
(438, 67, 9.4),
(438, 80, 5.9),
(439, 14, 9.6),
(439, 23, 6.3),
(439, 71, 9.7),
(439, 77, 8.8),
(439, 106, 5.3),
(440, 68, 9.8),
(441, 4, 9.3),
(441, 19, 8.9),
(441, 28, 9.3),
(441, 90, 8.7),
(442, 33, 7.1),
(442, 67, 8.7),
(442, 94, 6.5),
(443, 6, 5.9),
(443, 9, 8.6),
(443, 15, 8.4),
(443, 31, 7.1),
(443, 62, 8.5),
(444, 7, 8.5),
(444, 24, 5.4),
(444, 37, 6),
(444, 57, 6),
(444, 76, 7.5),
(444, 94, 7.9),
(445, 5, 8.9),
(445, 46, 8.6),
(446, 15, 8.3),
(446, 63, 8.6),
(446, 91, 5.3),
(446, 99, 9.1),
(446, 102, 5.9),
(447, 3, 5.7),
(447, 27, 9.3),
(447, 98, 8.9),
(448, 8, 5.1),
(448, 14, 6.5),
(448, 53, 5.5),
(448, 60, 9.6),
(448, 68, 8.2),
(449, 96, 8.7),
(449, 106, 8.2),
(450, 35, 8.3),
(450, 63, 8.7),
(451, 76, 8.9),
(451, 80, 9.4),
(451, 89, 8.2),
(452, 4, 9.3),
(452, 9, 8.5),
(452, 58, 9.9),
(452, 59, 7.9),
(453, 37, 8.9),
(453, 58, 6.9),
(453, 86, 6.5),
(453, 90, 8.6),
(454, 19, 6.7),
(454, 40, 10),
(455, 3, 8.3),
(455, 15, 9),
(455, 54, 8.6),
(455, 55, 9.8),
(455, 66, 9),
(455, 71, 9.7),
(455, 75, 8.3),
(455, 104, 9.7),
(456, 51, 5.5),
(456, 72, 5.6),
(456, 75, 7.6),
(456, 92, 9),
(456, 95, 10),
(457, 49, 9),
(457, 90, 9.7),
(457, 97, 9.1),
(458, 9, 9.4),
(458, 42, 9.3),
(458, 83, 7.2),
(459, 4, 9),
(459, 27, 8.4),
(459, 34, 8.1),
(459, 41, 8.9),
(459, 64, 9.5),
(459, 106, 9.9),
(460, 26, 5.1),
(461, 25, 9.7),
(461, 81, 5),
(462, 16, 8.4),
(462, 39, 9.7),
(462, 43, 6.5),
(462, 48, 8.6),
(462, 103, 9.2),
(463, 41, 7.9),
(463, 81, 9.8),
(463, 89, 8.1),
(463, 101, 9.2),
(464, 3, 9.6),
(464, 7, 9.2),
(464, 25, 8.9),
(464, 59, 8),
(464, 105, 6.1),
(465, 70, 5.5),
(465, 90, 8),
(466, 2, 8),
(466, 15, 9),
(466, 37, 8),
(466, 62, 8.5),
(466, 69, 9.8),
(466, 78, 5.5),
(466, 90, 8.8),
(466, 91, 7.1),
(467, 17, 8.9),
(467, 71, 8.9),
(468, 61, 7.4),
(468, 69, 9.8),
(468, 93, 9.4),
(468, 103, 7.7),
(468, 105, 9.9),
(469, 29, 6),
(470, 13, 8.6),
(470, 42, 8.4),
(470, 44, 9.2),
(470, 57, 6.1),
(470, 71, 5.6),
(470, 93, 8.2),
(470, 94, 9.5),
(471, 17, 9),
(471, 26, 6.6),
(471, 31, 8.8),
(471, 67, 8.3),
(471, 89, 8.3),
(473, 38, 8.8),
(473, 45, 8.1),
(473, 70, 8.8),
(473, 101, 5.7),
(474, 15, 8.1),
(474, 74, 5.1),
(475, 6, 5.7),
(475, 103, 8.8),
(475, 106, 8.6),
(476, 12, 8.1),
(476, 27, 10),
(476, 104, 9.9),
(476, 106, 8),
(477, 9, 6.1),
(477, 34, 5.6),
(477, 58, 6.8),
(477, 95, 8.1),
(478, 15, 8.5),
(478, 69, 8.4),
(478, 90, 8.3),
(478, 95, 8.2),
(478, 100, 6.3),
(479, 1, 9.4),
(479, 13, 9.2),
(479, 52, 8.7),
(480, 24, 9.4),
(480, 35, 7.7),
(480, 54, 8.2),
(480, 71, 9.4),
(480, 76, 7.1),
(480, 78, 8.9),
(480, 89, 9.6),
(480, 91, 7.7),
(481, 55, 8.2),
(482, 36, 8.4),
(483, 22, 8.8),
(483, 52, 9.3),
(483, 61, 8.7),
(483, 86, 9.6),
(484, 7, 9.2),
(484, 22, 7.1),
(484, 52, 8.5),
(484, 59, 9.4),
(484, 76, 9.8),
(484, 99, 5.5),
(485, 53, 9.1),
(486, 17, 9.5),
(486, 33, 5.7),
(486, 42, 9.5),
(486, 91, 9.5),
(486, 102, 9.3),
(488, 9, 7.6),
(488, 26, 9.2),
(488, 28, 9.8),
(488, 49, 8.5),
(488, 61, 8.3),
(488, 94, 8.9),
(489, 18, 8.6),
(489, 51, 9.8),
(489, 55, 9.8),
(489, 68, 8.8),
(489, 70, 9.4),
(489, 74, 6.6),
(489, 79, 8.6),
(491, 9, 6.8),
(491, 13, 8.3),
(491, 46, 10),
(491, 85, 10),
(491, 101, 6.3),
(492, 43, 8.5),
(492, 78, 8.3),
(492, 91, 5.5),
(493, 5, 9),
(494, 87, 9.8),
(495, 2, 6.2),
(495, 20, 7.3),
(495, 51, 5),
(496, 15, 8.8),
(496, 56, 9.1),
(496, 107, 9),
(497, 3, 5.7),
(497, 13, 8.4),
(497, 24, 7),
(497, 31, 8.3),
(497, 34, 9.6),
(497, 53, 5.7),
(497, 58, 10),
(497, 64, 6.1),
(498, 29, 8.9),
(498, 41, 8.9),
(498, 44, 9.7),
(498, 61, 7),
(498, 74, 8.1),
(498, 95, 7.5),
(498, 104, 6.8),
(499, 8, 7.1),
(499, 23, 9),
(499, 25, 9.4),
(499, 51, 9.3),
(499, 56, 8.7),
(499, 75, 8),
(499, 100, 9.2),
(500, 22, 8.6),
(500, 37, 5.4),
(500, 51, 8),
(500, 103, 5.1);

-- --------------------------------------------------------

--
-- Table structure for table `khoa_hoc`
--

CREATE TABLE `khoa_hoc` (
  `ma_kh` int(20) NOT NULL,
  `ten_kh` varchar(255) NOT NULL,
  `ma_combo` int(11) DEFAULT NULL,
  `ma_trinh_do` int(11) DEFAULT NULL,
  `ma_mon_hoc` int(11) DEFAULT NULL,
  `ngay_bat_dau` date NOT NULL,
  `ngay_ket_thuc` date DEFAULT NULL,
  `han_dk` date DEFAULT NULL,
  `hoc_phi` double DEFAULT NULL,
  `mo_ta` varchar(255) DEFAULT NULL,
  `kieu_kh` binary(1) NOT NULL DEFAULT '0',
  `hinh_anh` varchar(64) DEFAULT NULL
) ENGINE=InnoDB DEFAULT CHARSET=utf8mb4;

--
-- Dumping data for table `khoa_hoc`
--

INSERT INTO `khoa_hoc` (`ma_kh`, `ten_kh`, `ma_combo`, `ma_trinh_do`, `ma_mon_hoc`, `ngay_bat_dau`, `ngay_ket_thuc`, `han_dk`, `hoc_phi`, `mo_ta`, `kieu_kh`, `hinh_anh`) VALUES
(0, 'null', 0, 0, 0, '0000-00-00', '0000-00-00', '0000-00-00', 0, 'null', 0x6e, NULL),
(1, 'COMBO HỌC TỐT TOÀN DIỆN LỚP 7', 0, 5, 0, '2021-11-01', '2021-01-20', '2021-11-17', 3600000, '6 khóa, mỗi khóa thuộc 1 môn trong chương trình Học tốt lớp 7', 0x31, './images/course/course_combo.png'),
(2, 'COMBO HỌC TỐT TOÀN DIỆN LỚP 6', 0, 1, 0, '2021-11-01', '2021-02-10', '2021-11-17', 3600000, 'Gồm 6 khóa, mỗi khóa thuộc 1 môn trong chương trình Học tốt lớp 6', 0x31, './images/course/course_combo.png'),
(3, 'Học tốt Ngữ văn 6 - Bộ Kết nối tri thức với cuộc sống', 2, 1, 1, '2021-11-10', '2022-01-10', '2021-11-17', 1400000, 'Khóa học là gói trang bị kiến thức, bám sát phân phối chương trình bộ Kết nối tri thức với cuộc sống. Bao quát toàn bộ kiến thức trong Bộ 1 (10 bài học theo chủ đề, 4 kĩ năng Đọc – Viết – Nói – Nghe, Thực hành tiếng Việt và đọc mở rộng, Luyện tập)', 0x30, './images/course/course_3.png'),
(4, 'Học tốt Ngữ văn 6 - Bộ Chân trời sáng tạo', 2, 1, 1, '2021-11-10', '2022-01-10', '2021-11-17', 1400000, 'Khóa học là gói trang bị kiến thức, bám sát phân phối chương trình bộ Chân trời sáng tạo. Bao quát toàn bộ kiến thức trong Bộ Chân trời sáng tạo (11 bài học theo chủ đề, 4 kĩ năng Đọc – Viết – Nói – Nghe, Thực hành tiếng Việt và Ôn tập)', 0x30, './images/course/course_4.png'),
(5, 'Học tốt Ngữ văn 6 - Bộ Cánh diều', 2, 1, 1, '2021-11-10', '2022-01-10', '2021-11-17', 1400000, 'Chương trình học là gói trang bị kiến thức, bám sát phân phối chương trình bộ Cánh Diều. Bao quát toàn bộ kiến thức trong Bộ Cánh Diều (10 bài học theo thể loại, 4 kĩ năng Đọc – Viết – Nói – Nghe, Thực hành tiếng Việt và Ôn tập)', 0x30, './images/course/course_5.png'),
(6, 'MASTER Ngữ văn 6 (12 tuần)', 0, 2, 1, '2021-10-10', '2022-01-10', '2021-10-20', 3000000, 'MASTER là chương trình học cung cấp giải pháp học tập toàn diện giúp học sinh xóa tan nỗi lo sợ học, nâng cao tinh thần tự học, rèn kĩ năng làm bài, cải thiện kết quả học tập của bản thân.', 0x30, './images/course/course_6.png'),
(7, 'MASTER Ngữ văn 6 (24 tuần)', 0, 2, 1, '2021-10-10', '2022-04-10', '2021-10-20', 4620000, 'MASTER là chương trình học cung cấp giải pháp học tập toàn diện giúp học sinh xóa tan nỗi lo sợ học, nâng cao tinh thần tự học, rèn kĩ năng làm bài, cải thiện kết quả học tập của bản thân.', 0x30, './images/course/course_7.png'),
(8, 'MASTER Ngữ văn 6 (36 tuần)', 0, 2, 1, '2021-10-10', '2022-07-10', '2021-10-17', 6420000, 'MASTER là chương trình học cung cấp giải pháp học tập toàn diện giúp học sinh xóa tan nỗi lo sợ học, nâng cao tinh thần tự học, rèn kĩ năng làm bài, cải thiện kết quả học tập của bản thân.', 0x30, './images/course/course_8.png'),
(9, 'Hướng dẫn giải bài tập Ngữ văn 6 - Bộ Kết nối tri thức với cuộc sống', 0, 3, 1, '2021-10-01', '2022-10-01', '2021-10-25', 600000, 'Khóa học Hướng dẫn giải bài tập Ngữ văn 6, với nội dung chi tiết, đầy đủ đáp án và hướng dẫn cho tất cả các bài tập thuộc chương trình SGK Ngữ văn 6 (Bộ Kết nối tri thức với cuộc sống) dưới định dạng PDF.', 0x30, './images/course/course_9.png'),
(10, 'Hướng dẫn giải bài tập Ngữ văn 6 - Bộ Chân trời sáng tạo', 0, 3, 1, '2021-10-01', '2022-10-01', '2021-10-25', 600000, 'Khóa học Hướng dẫn giải bài tập Ngữ văn 6, với nội dung chi tiết, đầy đủ đáp án và hướng dẫn cho tất cả các bài tập thuộc chương trình SGK Ngữ văn 6 (Bộ Kết nối tri thức với cuộc sống) dưới định dạng PDF.', 0x30, './images/course/course_10.png'),
(11, 'Hướng dẫn giải bài tập Ngữ văn 6 - Bộ Cánh diều', 0, 3, 1, '2021-10-01', '2022-10-01', '2021-10-25', 600000, 'Khóa học Hướng dẫn giải bài tập Ngữ văn 6, với nội dung chi tiết, đầy đủ đáp án và hướng dẫn cho tất cả các bài tập thuộc chương trình SGK Ngữ văn 6 (Bộ Kết nối tri thức với cuộc sống) dưới định dạng PDF.', 0x30, './images/course/course_11.png'),
(12, 'Học tốt Toán 6', 2, 1, 2, '2021-10-01', '2021-12-29', '2021-10-10', 1400000, 'Học tốt toán 6 trang bị kiến thức căn bản, các kỹ năng tư duy, giải quyết vấn đề và các dạng bài tập giúp học sinh đạt được các chuẩn đầu ra theo chương trình giáo dục phổ thông mới.', 0x30, './images/course/course_12.png'),
(13, 'MASTER Toán 6 (24 tuần)', 0, 2, 2, '2021-10-01', '2022-03-01', '2021-10-10', 4620000, 'MASTER là chương trình học cung cấp giải pháp học tập toàn diện giúp học sinh xóa tan nỗi lo sợ học, nâng cao tinh thần tự học, rèn kĩ năng làm bài, cải thiện kết quả học tập của bản thân.', 0x30, './images/course/course_13.png'),
(14, 'MASTER Z Toán 6 (24 tuần)', 0, 4, 2, '2021-10-01', '2022-03-01', '2021-10-20', 4300000, 'Master Z là chương trình tập trung vào việc nâng cao kiến thức, các dạng bài khó và kĩ năng của học sinh thông qua việc học tập trực tiếp với các giáo viên (chủ nhiệm lớp) có chuyên môn giỏi, kĩ năng sư phạm tốt, nhiều năm kinh nghiệm giảng dạy.', 0x30, './images/course/course_14.png'),
(15, 'Nâng cao Toán 6', 0, 3, 2, '2021-10-01', '2022-10-01', '2021-10-25', 600000, 'Hệ thống, mở rộng và nâng cao kiến thức, bài tập chương trình Toán lớp 6.', 0x30, './images/course/course_15.png'),
(16, 'Học tốt Tiếng Anh 6 (Chương trình mới)', 2, 1, 3, '2021-11-10', '2022-01-10', '2021-11-17', 1400000, 'Trau dồi các kĩ năng, phát triển năng lực ngôn ngữ với khóa học Học tốt Tiếng Anh 6 bám sát theo chương trình giáo dục phổ thông mới (2018).', 0x30, './images/course/course_16.png'),
(17, 'Thành thạo 16 chủ đề Tiếng Anh 6', 0, 3, 3, '2021-11-10', '2022-09-10', '2021-11-20', 1000000, 'Giúp học sinh dễ dàng nắm chắc kiến thức ngôn ngữ cơ bản, cải thiện khả năng sử dụng tiếng Anh, tăng cường khả năng giải quyết các bài kiểm tra và bài thi tiếng Anh với kết quả cao.', 0x30, './images/course/course_17.png'),
(18, 'Học tốt Tin học 6', 2, 1, 4, '2021-11-10', '2022-01-10', '2021-11-17', 1400000, 'Khóa học trang bị kiến thức căn bản, các kỹ năng tư duy, giải quyết vấn đề và các dạng bài tập giúp học sinh đạt được các chuẩn đầu ra theo chương trình giáo dục phổ thông mới đối với bộ môn này.', 0x30, './images/course/course_18.png'),
(19, 'Học tốt Ngữ văn 7 ', 1, 5, 1, '2021-11-10', '2022-01-15', '2021-11-17', 1000000, 'Trang bị, củng cố kiến thức căn bản và có sự chuẩn bị kĩ lưỡng để thực hiện tốt những bài kiểm tra Ngữ văn 7 trên lớp.', 0x30, './images/course/course_19.png'),
(20, 'MASTER Ngữ văn 7 (24 tuần)', 0, 6, 1, '2021-11-10', '2022-05-10', '2021-11-18', 4800000, 'MASTER là chương trình học cung cấp giải pháp học tập toàn diện giúp học sinh xóa tan nỗi lo sợ học, nâng cao tinh thần tự học, rèn kĩ năng làm bài, cải thiện kết quả học tập của bản thân.', 0x30, './images/course/course_20.png'),
(21, 'MASTER Z Ngữ văn 7 (24 tuần)', 0, 7, 1, '2021-11-10', '2022-08-10', '2021-11-18', 4300000, 'Master Z là chương trình tập trung vào việc nâng cao kiến thức, các dạng bài khó và kĩ năng của học sinh thông qua việc học tập trực tiếp với các giáo viên (chủ nhiệm lớp) có chuyên môn giỏi, kĩ năng sư phạm tốt, nhiều năm kinh nghiệm giảng dạy.', 0x30, './images/course/course_21.png'),
(22, 'Hướng dẫn giải bài tập Ngữ văn 7', 0, 8, 1, '2021-11-10', '2022-11-10', '2021-11-30', 600000, 'Hướng dẫn trả lời mọi câu hỏi phần Văn bản văn học trong sách giáo khoa Ngữ văn 7 hiện hành.', 0x30, './images/course/course_22.png'),
(23, 'Học tốt Vật lí 7 - Cô Nguyễn Thị Mai', 1, 5, 5, '2021-11-10', '2022-01-15', '2021-11-17', 1000000, 'Giúp nắm chắc kiến thức trong chương trình Vật lí 7.', 0x30, './images/course/course_23.png'),
(24, 'Học tốt Toán 7', 1, 5, 2, '2021-11-10', '2022-01-15', '2021-11-17', 1000000, 'Trang bị kiến thức một cách toàn diện để thực hiện tốt những bài kiểm tra trên lớp với khóa Toán 7.', 0x30, './images/course/course_24.png'),
(25, 'MASTER Toán 7 (12 tuần)', 0, 6, 2, '2021-11-10', '2022-02-10', '2021-11-20', 2700000, 'MASTER là chương trình học cung cấp giải pháp học tập toàn diện giúp học sinh xóa tan nỗi lo sợ học, nâng cao tinh thần tự học, rèn kĩ năng làm bài, cải thiện kết quả học tập của bản thân.', 0x30, './images/course/course_25.png'),
(26, 'MASTER Z Toán 7 (12 tuần)', 0, 6, 2, '2021-11-10', '2022-02-10', '2021-11-30', 2200000, 'Master Z là chương trình tập trung vào việc nâng cao kiến thức, các dạng bài khó và kĩ năng của học sinh thông qua việc học tập trực tiếp với các giáo viên (chủ nhiệm lớp) có chuyên môn giỏi, kĩ năng sư phạm tốt, nhiều năm kinh nghiệm giảng dạy.', 0x30, './images/course/course_26.png'),
(27, 'Học tốt Sinh học 7', 1, 5, 7, '2021-11-10', '2022-02-10', '2021-11-20', 1000000, 'Trang bị, củng cố kiến thức căn bản và có sự chuẩn bị kĩ lưỡng để thực hiện tốt những bài kiểm tra Sinh học 7 trên lớp.', 0x30, './images/course/course_27.png'),
(28, 'COMBO HỌC TỐT TOÀN DIỆN LỚP 8', 0, 9, 0, '2021-11-10', '2022-02-20', '2021-11-20', 3240000, 'Gồm 7 khóa, mỗi khóa thuộc 1 môn trong chương trình Học tốt lớp 8', 0x31, './images/course/course_combo.png'),
(29, 'Học tốt Ngữ văn 8', 28, 9, 1, '2021-11-10', '2022-02-10', '2021-11-20', 1000000, 'Trang bị, củng cố kiến thức căn bản và có sự chuẩn bị kĩ lưỡng để thực hiện tốt những bài kiểm tra Ngữ văn 8 trên lớp.', 0x30, './images/course/course_29.png'),
(30, 'MASTER Ngữ văn 8 (24 tuần)', 0, 10, 1, '2021-11-10', '2022-05-10', '2021-11-20', 4320000, 'MASTER là chương trình học cung cấp giải pháp học tập toàn diện giúp học sinh xóa tan nỗi lo sợ học, nâng cao tinh thần tự học, rèn kĩ năng làm bài, cải thiện kết quả học tập của bản thân.', 0x30, './images/course/course_30.png'),
(31, 'Nâng cao Ngữ văn 8', 0, 12, 1, '2021-11-10', '2022-11-10', '2021-12-10', 600000, 'Mở rộng và nâng cao kiến thức Ngữ văn 8.', 0x30, './images/course/course_31.png'),
(32, 'Học tốt Toán 8 - Cô Vũ Phương Thúy', 28, 9, 2, '2021-11-01', '2022-03-01', '2021-11-15', 1000000, 'Trang bị, củng cố kiến thức căn bản và sự chuẩn bị kĩ lưỡng để thực hiện tốt những bài kiểm tra trên lớp với khóa Toán 8 qua các bài giảng của cô Vũ Phương Thúy.', 0x30, './images/course/course_32.png'),
(33, 'MASTER Toán 8 (24 tuần)', 0, 10, 2, '2021-11-01', '2022-05-01', '2021-11-15', 4320000, 'MASTER là chương trình học cung cấp giải pháp học tập toàn diện giúp học sinh xóa tan nỗi lo sợ học, nâng cao tinh thần tự học, rèn kĩ năng làm bài, cải thiện kết quả học tập của bản thân.', 0x30, './images/course/course_33.png'),
(34, '7 chuyên đề trọng tâm Toán 8', 0, 12, 2, '2021-11-01', '2022-10-01', '2021-11-15', 600000, 'Trang bị, củng cố kiến thức với 7 chuyên đề trọng tâm Toán 8 cùng với cô Bùi Thanh Bình để thực hiện tốt những bài kiểm tra trên lớp.', 0x30, './images/course/course_34.png'),
(35, 'Học tốt Tiếng Anh 8', 28, 9, 3, '2021-11-25', '2022-02-25', '2021-12-10', 1000000, 'Nắm vững kiến thức, kĩ năng môn học với khóa học Tiếng Anh lớp 8 (chương trình 10 năm của Bộ GD&ĐT)', 0x30, './images/course/course_35.png'),
(36, 'Học tốt Hóa học 8', 28, 9, 6, '2021-11-25', '2022-02-25', '2021-12-10', 1000000, 'Trang bị, củng cố kiến thức căn bản và có sự chuẩn bị kĩ lưỡng để thực hiện tốt những bài kiểm tra Hóa học 8 trên lớp.', 0x30, './images/course/course_36.png'),
(37, 'Nâng cao Hóa học 8', 0, 12, 6, '2021-11-25', '2022-09-25', '2021-12-10', 600000, 'Giúp học sinh có cái nhìn tổng quan nhất về các kiến thức thi chuyên hóa, đồng thời giúp học sinh mở rộng và nâng cao kiến thức môn hóa học 8 bám sát các đề thi học sinh giỏi và đề thi vào các trường chuyên.', 0x30, './images/course/course_37.png'),
(38, 'Học tốt Sinh học 8', 28, 9, 7, '2021-11-25', '2022-02-25', '2021-12-10', 1000000, 'Trang bị và củng cố kiến thức môn Sinh học 8.', 0x30, './images/course/course_38.png'),
(39, 'Học tốt Lịch sử 8', 28, 9, 8, '2021-11-25', '2022-02-25', '2021-12-10', 1000000, 'Trang bị, củng cố kiến thức căn bản và có sự chuẩn bị kĩ lưỡng để thực hiện tốt những bài kiểm tra Lịch sử 8 trên lớp.', 0x30, './images/course/course_39.png'),
(40, 'Học tốt Lịch sử 8 Nâng Cao', 28, 9, 8, '2021-11-25', '2022-02-25', '2021-12-10', 1500000, 'Trang bị, củng cố kiến thức nâng cao và có sự chuẩn bị kĩ lưỡng để thực hiện tốt những bài kiểm tra Lịch sử 8 trên lớp.', 0x30, './images/course/course_40.png'),
(41, 'COMBO HỌC TỐT TOÀN DIỆN LỚP 9', 0, 13, 0, '2021-11-10', '2022-03-10', '2021-11-25', 3600000, '9 khóa, mỗi khóa thuộc 1 môn trong chương trình Học tốt lớp 9.', 0x31, './images/course/course_combo.png'),
(42, 'Học tốt Ngữ văn 9', 41, 13, 1, '2021-11-25', '2022-02-25', '2021-12-10', 1000000, 'Yêu văn và vững kiến thức Ngữ văn lớp 9.', 0x30, './images/course/course_42.png'),
(43, 'MASTER Ngữ văn 9 (24 tuần)', 0, 14, 1, '2021-11-25', '2022-05-25', '2021-12-10', 4800000, 'MASTER là chương trình học cung cấp giải pháp học tập toàn diện giúp học sinh xóa tan nỗi lo sợ học, nâng cao tinh thần tự học, rèn kĩ năng làm bài, cải thiện kết quả học tập của bản thân.', 0x30, './images/course/course_43.png'),
(44, 'Bí kíp luyện thi chuyên Văn phần Nghị luận văn học', 0, 16, 1, '2021-11-25', '2022-05-25', '2021-12-10', 600000, 'Rèn phương pháp, kĩ năng phần Nghị luận văn học cho học sinh lớp 9.', 0x30, './images/course/course_44.png'),
(45, 'Học tốt Toán 9', 41, 13, 2, '2021-11-25', '2022-02-25', '2021-12-10', 1000000, 'Trang bị, củng cố kiến thức căn bản và sự chuẩn bị kĩ lưỡng để thực hiện tốt những bài kiểm tra trên lớp với khóa Toán 9.', 0x30, './images/course/course_45.png'),
(46, 'MASTER Toán 9 (24 tuần)', 0, 14, 2, '2021-11-25', '2022-05-25', '2021-12-10', 4800000, 'MASTER là chương trình học cung cấp giải pháp học tập toàn diện giúp học sinh xóa tan nỗi lo sợ học, nâng cao tinh thần tự học, rèn kĩ năng làm bài, cải thiện kết quả học tập của bản thân.', 0x30, './images/course/course_46.png'),
(47, 'Học tốt Tiếng Anh 9', 41, 13, 3, '2021-11-25', '2022-02-25', '2021-12-10', 1000000, 'Nắm vững kiến thức, kĩ năng môn học với khóa học Tiếng Anh lớp 9 (chương trình 10 năm của Bộ GD&ĐT)', 0x30, './images/course/course_47.png'),
(48, 'Học tốt Vật lí 9', 41, 13, 5, '2021-11-25', '2022-02-25', '2021-12-10', 1000000, 'Nắm chắc kiến thức cơ bản môn Vật lí lớp 9.', 0x30, './images/course/course_48.png'),
(49, 'Học tốt Hóa học 9', 41, 13, 6, '2021-11-25', '2022-02-25', '2021-12-10', 1000000, 'Nắm chắc kiến thức cơ bản môn Hóa học lớp 9.', 0x30, './images/course/course_49.png'),
(50, 'Học tốt Sinh học 9', 41, 13, 7, '2021-11-25', '2022-02-25', '2021-12-10', 1000000, 'Nắm chắc kiến thức cơ bản môn Sinh học lớp 9.', 0x30, './images/course/course_50.png'),
(51, 'Học tốt Lịch sử 9', 41, 13, 8, '2021-11-25', '2022-02-25', '2021-12-10', 1000000, 'Nắm chắc kiến thức cơ bản môn Lịch sử lớp 9.', 0x30, './images/course/course_51.png'),
(52, 'COMBO HỌC TỐT TOÀN DIỆN LỚP 10', 0, 17, 0, '2021-10-25', '2022-02-28', '2021-11-05', 3600000, 'Nắm chắc kiến thức cơ bản môn Lịch sử lớp 9.', 0x01, './images/course/course_combo1.png'),
(53, 'Học tốt Ngữ văn 10', 52, 17, 1, '2021-10-28', '2022-02-25', '2021-11-05', 1000000, 'Nắm chắc kiến thức cơ bản môn Ngữ văn lớp 10.', 0x30, './images/course/course_53.png'),
(54, 'Ôn thi học kỳ Ngữ văn 10', 0, 19, 1, '2021-10-28', '2022-01-05', '2021-11-05', 600000, 'Tổng kết kiến thức trọng tâm, ôn luyện dạng bài thường gặp trong chương trình Ngữ văn 10.', 0x30, './images/course/course_54.png'),
(55, 'Học tốt Toán 10', 52, 17, 2, '2021-10-28', '2022-02-25', '2021-11-05', 1000000, 'Nắm chắc kiến thức cơ bản môn Toán lớp 10.', 0x30, './images/course/course_55.png'),
(56, 'Ôn thi học kỳ Toán 10 ', 0, 19, 2, '2021-10-28', '2022-01-05', '2021-11-05', 600000, 'Tổng kết kiến thức trọng tâm, ôn luyện dạng bài thường gặp trong chương trình Toán 10.', 0x30, './images/course/course_56.png'),
(57, 'Học tốt Tiếng Anh 10', 52, 17, 3, '2021-10-28', '2022-02-25', '2021-11-05', 1000000, 'Nắm chắc kiến thức cơ bản môn Tiếng Anh lớp 10.', 0x30, './images/course/course_57.png'),
(58, 'Học tốt Vật lý 10', 52, 17, 5, '2021-10-28', '2022-02-25', '2021-11-05', 1000000, 'Nắm chắc kiến thức cơ bản môn Vật lý lớp 10.', 0x30, './images/course/course_58.png'),
(59, 'Học tốt Hóa học 10', 52, 17, 6, '2021-10-28', '2022-02-25', '2021-11-05', 1000000, 'Nắm chắc kiến thức cơ bản môn Hóa học lớp 10.', 0x30, './images/course/course_59.png'),
(60, 'Học tốt Sinh học 10', 52, 17, 7, '2021-10-28', '2022-02-25', '2021-11-05', 1000000, 'Nắm chắc kiến thức cơ bản môn Sinh học lớp 10.', 0x30, './images/course/course_60.png'),
(61, 'COMBO HỌC TỐT TOÀN DIỆN LỚP 11', 0, 20, 0, '2021-10-15', '2022-02-15', '2021-10-28', 3600000, 'Được chọn tất cả các môn mỗi môn 1 khóa (Toán, Lí, Hóa, Sinh, Anh, Văn)', 0x31, './images/course/course_combo1.png'),
(62, 'Học tốt Ngữ văn 11', 60, 20, 1, '2021-10-20', '2022-02-20', '2021-11-03', 1000000, 'Nắm chắc kiến thức cơ bản môn Ngữ văn lớp 11.', 0x30, './images/course/course_62.png'),
(63, '6 tác phẩm văn học trung đại Việt Nam lớp 11', 0, 22, 1, '2021-10-20', '2022-06-20', '2021-11-03', 600000, 'Giúp học sinh nắm vững các tác phẩm văn học trung đại Việt Nam.', 0x30, './images/course/course_63.png'),
(64, 'Học tốt Toán 11', 60, 20, 2, '2021-10-20', '2022-02-20', '2021-11-03', 1000000, 'Nắm chắc kiến thức cơ bản môn Toán lớp 11.', 0x30, './images/course/course_64.png'),
(65, 'Ôn thi học kỳ Toán 11', 0, 22, 2, '2021-10-20', '2022-01-05', '2021-11-03', 600000, 'Tổng kết kiến thức trọng tâm, ôn luyện dạng bài thường gặp trong chương trình Toán 11.', 0x30, './images/course/course_65.png'),
(66, 'Học tốt Tiếng Anh 11', 60, 20, 3, '2021-10-20', '2022-02-20', '2021-11-03', 1000000, 'Nắm chắc kiến thức cơ bản môn Tiếng Anh lớp 11.', 0x30, './images/course/course_66.png'),
(67, 'Học tốt Vật lý 11', 60, 20, 5, '2021-10-20', '2022-02-20', '2021-11-03', 1000000, 'Nắm chắc kiến thức cơ bản môn Vật lý lớp 11.', 0x30, './images/course/course_67.png'),
(68, 'Học tốt Hóa học 11', 60, 20, 6, '2021-10-20', '2022-02-20', '2021-11-03', 1000000, 'Nắm chắc kiến thức cơ bản môn Hóa học lớp 11.', 0x30, './images/course/course_68.png'),
(69, 'Học tốt Sinh học 11', 60, 20, 7, '2021-10-20', '2022-02-20', '2021-11-03', 1000000, 'Nắm chắc kiến thức cơ bản môn Sinh học lớp 11.', 0x30, './images/course/course_69.png'),
(70, 'COMBO PEN TOÀN DIỆN THI TỐT NGHIỆP THPT', 0, 23, 0, '2021-12-01', '2022-05-18', '2021-12-10', 6000000, 'Bao gồm 4 Combo Pen của 4 môn tự chọn tương ứng với nhau và khóa livestream.', 0x31, './images/course/course_PEN.png'),
(71, 'Combo Pen Ngữ Văn', 70, 23, 1, '2021-12-01', '2022-05-18', '2021-12-10', 1700000, 'PEN-C, PEN-I, PEN-M.', 0x31, './images/course/course_PEN.png'),
(72, 'Combo Pen Toán', 70, 23, 2, '2021-12-01', '2022-05-18', '2021-12-10', 1700000, 'PEN-C, PEN-I, PEN-M.', 0x31, './images/course/course_PEN.png'),
(73, 'Combo Pen Tiếng Anh', 70, 23, 3, '2021-12-01', '2022-05-18', '2021-12-10', 1700000, 'PEN-C, PEN-I, PEN-M.', 0x31, './images/course/course_PEN.png'),
(74, 'Combo Pen Vật lý', 70, 23, 5, '2021-12-01', '2022-05-18', '2021-12-10', 1700000, 'PEN-C, PEN-I, PEN-M.', 0x31, './images/course/course_PEN.png'),
(75, 'Combo Pen Hóa học', 70, 23, 6, '2021-12-01', '2022-05-18', '2021-12-10', 1700000, 'PEN-C, PEN-I, PEN-M.', 0x31, './images/course/course_PEN.png'),
(76, 'Combo Pen Sinh học', 70, 23, 7, '2021-12-01', '2022-05-18', '2021-12-10', 1700000, 'PEN-C, PEN-I, PEN-M.', 0x31, './images/course/course_PEN.png'),
(77, 'PEN-C Ngữ văn - N2', 71, 24, 1, '2021-12-03', '2022-05-15', '2021-12-10', 700000, 'Giáo viên dạy lại, ôn kĩ và đầy đủ các kiến thức theo trình tự từ dễ tới khó. Khóa học phù hợp với những học sinh cần ôn kĩ, tỉ mỉ theo phương châm học tới đâu chắc điểm tới đó.', 0x30, './images/course/course_77.png'),
(78, 'PEN-C Ngữ văn - N3', 71, 24, 1, '2021-12-03', '2022-05-15', '2021-12-10', 700000, 'Giáo viên hệ thống hóa toàn bộ kiến thức nhưng không xoáy sâu vào các phần kiến thức dễ mà dành thời gian cho việc rèn luyện để chinh phục các phần kiến thức khó. Phù hợp với học sinh đã có nền tả', 0x30, './images/course/course_78.png'),
(79, 'PEN-I Ngữ văn', 71, 25, 1, '2021-12-03', '2022-05-15', '2021-12-10', 700000, 'Hướng dẫn các dạng bài được phủ xuyên suốt một đề ở mức Cơ bản và Tiêu chuẩn và Nâng cao. Hệ thống hóa kiến thức trọng tâm, phát triển và nâng cao kiến thức, đi sâu phần kiến thức khó, cực khó', 0x30, './images/course/course_79.png'),
(80, 'PEN-C Toán - N2', 72, 24, 2, '2021-12-03', '2022-05-15', '2021-12-10', 700000, 'Giáo viên dạy lại, ôn kĩ và đầy đủ các kiến thức theo trình tự từ dễ tới khó. Khóa học phù hợp với những học sinh cần ôn kĩ, tỉ mỉ theo phương châm học tới đâu chắc điểm tới đó.', 0x30, './images/course/course_80.png'),
(81, 'PEN-C Toán - N3', 72, 24, 2, '2021-12-03', '2022-05-15', '2021-12-10', 700000, 'Giáo viên hệ thống hóa toàn bộ kiến thức nhưng không xoáy sâu vào các phần kiến thức dễ mà dành thời gian cho việc rèn luyện để chinh phục các phần kiến thức khó. Phù hợp với học sinh đã có nền tả', 0x30, './images/course/course_81.png'),
(82, 'PEN-I Toán', 72, 25, 2, '2021-12-03', '2022-05-15', '2021-12-10', 700000, 'Hướng dẫn các dạng bài được phủ xuyên suốt một đề ở mức Cơ bản và Tiêu chuẩn và Nâng cao. Hệ thống hóa kiến thức trọng tâm, phát triển và nâng cao kiến thức, đi sâu phần kiến thức khó, cực khó', 0x30, './images/course/course_82.png'),
(83, 'PEN-M Toán - N2', 72, 26, 2, '2021-12-03', '2022-05-15', '2021-12-10', 700000, 'Chú trọng vào kiến thức từ dễ đến trung bình. Cung cấp phương pháp giải nhanh, đầy đủ kỹ năng cần thiết khi thi. Lưu ý các lỗi sai và cách xử lý, làm đâu chắc đó.', 0x30, './images/course/course_80.png'),
(84, 'PEN-M Toán - N3', 72, 26, 2, '2021-12-03', '2022-05-15', '2021-12-10', 700000, 'Cung cấp phương pháp giải nhanh bài tập dễ và cách giải mọi dạng bài khó, cực khó. Định hướng tư duy để xử lí các dạng bài phức tạp, tránh mắc bẫy nhằm đạt điểm số tối đa...', 0x30, './images/course/course_81.png'),
(85, 'PEN-C Tiếng Anh - N2', 73, 24, 3, '2021-12-03', '2022-05-15', '2021-12-10', 700000, 'Giáo viên dạy lại, ôn kĩ và đầy đủ các kiến thức theo trình tự từ dễ tới khó. Khóa học phù hợp với những học sinh cần ôn kĩ, tỉ mỉ theo phương châm học tới đâu chắc điểm tới đó.', 0x30, './images/course/course_85.png'),
(86, 'PEN-C Tiếng Anh - N3', 73, 24, 3, '2021-12-03', '2022-05-15', '2021-12-10', 700000, 'Giáo viên hệ thống hóa toàn bộ kiến thức nhưng không xoáy sâu vào các phần kiến thức dễ mà dành thời gian cho việc rèn luyện để chinh phục các phần kiến thức khó. Phù hợp với học sinh đã có nền tả', 0x30, './images/course/course_86.png'),
(87, 'PEN-I Tiếng Anh', 73, 25, 3, '2021-12-03', '2022-05-15', '2021-12-10', 700000, 'Hướng dẫn các dạng bài được phủ xuyên suốt một đề ở mức Cơ bản và Tiêu chuẩn và Nâng cao. Hệ thống hóa kiến thức trọng tâm, phát triển và nâng cao kiến thức, đi sâu phần kiến thức khó, cực khó', 0x30, './images/course/course_87.png'),
(88, 'PEN-M Tiếng Anh - N2', 73, 26, 3, '2021-12-03', '2022-05-15', '2021-12-10', 700000, 'Chú trọng vào kiến thức từ dễ đến trung bình. Cung cấp phương pháp giải nhanh, đầy đủ kỹ năng cần thiết khi thi. Lưu ý các lỗi sai và cách xử lý, làm đâu chắc đó.', 0x30, './images/course/course_85.png'),
(89, 'PEN-M Tiếng Anh - N3', 73, 26, 3, '2021-12-03', '2022-05-15', '2021-12-10', 700000, 'Cung cấp phương pháp giải nhanh bài tập dễ và cách giải mọi dạng bài khó, cực khó. Định hướng tư duy để xử lí các dạng bài phức tạp, tránh mắc bẫy nhằm đạt điểm số tối đa...', 0x30, './images/course/course_86.png'),
(90, 'PEN-C Vật Lý - N2', 74, 24, 5, '2021-12-03', '2022-05-15', '2021-12-10', 700000, 'Giáo viên dạy lại, ôn kĩ và đầy đủ các kiến thức theo trình tự từ dễ tới khó. Khóa học phù hợp với những học sinh cần ôn kĩ, tỉ mỉ theo phương châm học tới đâu chắc điểm tới đó.', 0x30, './images/course/course_90.png'),
(91, 'PEN-C Vật Lý - N3', 74, 24, 5, '2021-12-03', '2022-05-15', '2021-12-10', 700000, 'Giáo viên hệ thống hóa toàn bộ kiến thức nhưng không xoáy sâu vào các phần kiến thức dễ mà dành thời gian cho việc rèn luyện để chinh phục các phần kiến thức khó. Phù hợp với học sinh đã có nền tả', 0x30, './images/course/course_91.png'),
(92, 'PEN-I Vật Lý', 74, 25, 5, '2021-12-03', '2022-05-15', '2021-12-10', 700000, 'Hướng dẫn các dạng bài được phủ xuyên suốt một đề ở mức Cơ bản và Tiêu chuẩn và Nâng cao. Hệ thống hóa kiến thức trọng tâm, phát triển và nâng cao kiến thức, đi sâu phần kiến thức khó, cực khó', 0x30, './images/course/course_92.png'),
(93, 'PEN-M Vật Lý - N2', 74, 26, 5, '2021-12-03', '2022-05-15', '2021-12-10', 700000, 'Chú trọng vào kiến thức từ dễ đến trung bình. Cung cấp phương pháp giải nhanh, đầy đủ kỹ năng cần thiết khi thi. Lưu ý các lỗi sai và cách xử lý, làm đâu chắc đó.', 0x30, './images/course/course_90.png'),
(94, 'PEN-M Vật Lý - N3', 74, 26, 5, '2021-12-03', '2022-05-15', '2021-12-10', 700000, 'Cung cấp phương pháp giải nhanh bài tập dễ và cách giải mọi dạng bài khó, cực khó. Định hướng tư duy để xử lí các dạng bài phức tạp, tránh mắc bẫy nhằm đạt điểm số tối đa...', 0x30, './images/course/course_91.png'),
(95, 'PEN-C Hóa học - N2', 75, 24, 6, '2021-12-03', '2022-05-15', '2021-12-10', 700000, 'Giáo viên dạy lại, ôn kĩ và đầy đủ các kiến thức theo trình tự từ dễ tới khó. Khóa học phù hợp với những học sinh cần ôn kĩ, tỉ mỉ theo phương châm học tới đâu chắc điểm tới đó.', 0x30, './images/course/course_95.png'),
(96, 'PEN-C Hóa học - N3', 75, 24, 6, '2021-12-03', '2022-05-15', '2021-12-10', 700000, 'Giáo viên hệ thống hóa toàn bộ kiến thức nhưng không xoáy sâu vào các phần kiến thức dễ mà dành thời gian cho việc rèn luyện để chinh phục các phần kiến thức khó. Phù hợp với học sinh đã có nền tả', 0x30, './images/course/course_96.png'),
(97, 'PEN-I Hóa học', 75, 25, 6, '2021-12-03', '2022-05-15', '2021-12-10', 700000, 'Hướng dẫn các dạng bài được phủ xuyên suốt một đề ở mức Cơ bản và Tiêu chuẩn và Nâng cao. Hệ thống hóa kiến thức trọng tâm, phát triển và nâng cao kiến thức, đi sâu phần kiến thức khó, cực khó', 0x30, './images/course/course_97.png'),
(98, 'PEN-M Hóa học - N2', 75, 26, 6, '2021-12-03', '2022-05-15', '2021-12-10', 700000, 'Chú trọng vào kiến thức từ dễ đến trung bình. Cung cấp phương pháp giải nhanh, đầy đủ kỹ năng cần thiết khi thi. Lưu ý các lỗi sai và cách xử lý, làm đâu chắc đó.', 0x30, './images/course/course_95.png'),
(99, 'PEN-M Hóa học - N3', 75, 26, 6, '2021-12-03', '2022-05-15', '2021-12-10', 700000, 'Cung cấp phương pháp giải nhanh bài tập dễ và cách giải mọi dạng bài khó, cực khó. Định hướng tư duy để xử lí các dạng bài phức tạp, tránh mắc bẫy nhằm đạt điểm số tối đa...', 0x30, './images/course/course_96.png'),
(100, 'PEN-C Sinh học - N2', 76, 24, 7, '2021-12-03', '2022-05-15', '2021-12-10', 700000, 'Giáo viên dạy lại, ôn kĩ và đầy đủ các kiến thức theo trình tự từ dễ tới khó. Khóa học phù hợp với những học sinh cần ôn kĩ, tỉ mỉ theo phương châm học tới đâu chắc điểm tới đó.', 0x30, './images/course/course_100.png'),
(101, 'PEN-C Sinh học - N3', 76, 24, 7, '2021-12-03', '2022-05-15', '2021-12-10', 700000, 'Giáo viên hệ thống hóa toàn bộ kiến thức nhưng không xoáy sâu vào các phần kiến thức dễ mà dành thời gian cho việc rèn luyện để chinh phục các phần kiến thức khó. Phù hợp với học sinh đã có nền tả', 0x30, './images/course/course_100.png'),
(102, 'PEN-I Sinh học', 76, 25, 7, '2021-12-03', '2022-05-15', '2021-12-10', 700000, 'Hướng dẫn các dạng bài được phủ xuyên suốt một đề ở mức Cơ bản và Tiêu chuẩn và Nâng cao. Hệ thống hóa kiến thức trọng tâm, phát triển và nâng cao kiến thức, đi sâu phần kiến thức khó, cực khó', 0x30, './images/course/course_102.png'),
(103, 'PEN-M Sinh học - N2', 76, 26, 7, '2021-12-03', '2022-05-15', '2021-12-10', 700000, 'Chú trọng vào kiến thức từ dễ đến trung bình. Cung cấp phương pháp giải nhanh, đầy đủ kỹ năng cần thiết khi thi. Lưu ý các lỗi sai và cách xử lý, làm đâu chắc đó.', 0x30, './images/course/course_100.png'),
(104, 'PEN-M Sinh học - N3', 76, 26, 7, '2021-12-03', '2022-05-15', '2021-12-10', 700000, 'Cung cấp phương pháp giải nhanh bài tập dễ và cách giải mọi dạng bài khó, cực khó. Định hướng tư duy để xử lí các dạng bài phức tạp, tránh mắc bẫy nhằm đạt điểm số tối đa...', 0x30, './images/course/course_100.png'),
(105, 'PEN-M Ngữ văn - N2', 71, 26, 1, '2021-12-03', '2022-05-15', '2021-12-10', 700000, 'Chú trọng vào kiến thức từ dễ đến trung bình. Cung cấp phương pháp giải nhanh, đầy đủ kỹ năng cần thiết khi thi. Lưu ý các lỗi sai và cách xử lý, làm đâu chắc đó.', 0x30, './images/course/course_105.png'),
(106, 'PEN-M Ngữ văn - N3', 71, 26, 1, '2021-12-03', '2022-05-15', '2021-12-10', 700000, 'Cung cấp phương pháp giải nhanh bài tập dễ và cách giải mọi dạng bài khó, cực khó. Định hướng tư duy để xử lí các dạng bài phức tạp, tránh mắc bẫy nhằm đạt điểm số tối đa...', 0x30, './images/course/course_105.png'),
(107, 'Master-X Thần tốc môn Ngữ văn', 0, 28, 1, '2021-11-25', '2022-02-25', '2021-12-05', 1000000, 'Ôn tập chuyên sâu và hệ thống toàn bộ các kiến thức theo xu hướng đề thi mới nhất thông qua khóa MasterX Thần tốc môn Ngữ văn.', 0x30, './images/course/course_107.png'),
(108, 'Luyện thi đại học', 0, 5, 0, '2021-11-01', '2021-01-20', '2021-11-17', 3600000, '6 khóa, mỗi khóa thuộc 1 môn trong chương trình Học tốt lớp 7', 0x30, './images/course/course_108.png');

--
-- Triggers `khoa_hoc`
--
DELIMITER $$
CREATE TRIGGER `insert_KH` AFTER INSERT ON `khoa_hoc` FOR EACH ROW BEGIN
	INSERT INTO bai_kiem_tra (ten_bai_kiem_tra, so_lan_lam_bai, thoi_gian_bat_dau, thoi_gian_ket_thuc, ma_kh, thoi_gian_lam_bai) VALUES
    ('Bài kiểm tra số 1 (Trigger)', '1', ADDDATE(NEW.ngay_bat_dau, INTERVAL 15 DAY), ADDDATE(NEW.ngay_ket_thuc, INTERVAL 30 DAY), NEW.ma_kh, 2700);
END
$$
DELIMITER ;

-- --------------------------------------------------------

--
-- Table structure for table `lam_bai_kiem_tra`
--

CREATE TABLE `lam_bai_kiem_tra` (
  `ma_hv` int(11) NOT NULL,
  `ma_bai_kiem_tra` int(11) NOT NULL
) ENGINE=InnoDB DEFAULT CHARSET=utf8mb4;

--
-- Dumping data for table `lam_bai_kiem_tra`
--

INSERT INTO `lam_bai_kiem_tra` (`ma_hv`, `ma_bai_kiem_tra`) VALUES
(1, 54),
(1, 55),
(1, 56),
(1, 105),
(1, 106),
(1, 107),
(1, 156),
(1, 157),
(1, 158),
(1, 170),
(1, 249),
(2, 76),
(2, 77),
(2, 87),
(2, 88),
(2, 89),
(2, 120),
(2, 121),
(2, 204),
(2, 205),
(2, 206),
(3, 25),
(3, 150),
(3, 152),
(3, 223),
(3, 297),
(3, 298),
(3, 299),
(4, 41),
(4, 42),
(4, 43),
(4, 44),
(4, 54),
(4, 55),
(4, 56),
(4, 202),
(5, 78),
(5, 80),
(5, 203),
(6, 20),
(6, 108),
(6, 109),
(6, 110),
(6, 139),
(6, 140),
(6, 187),
(6, 283),
(6, 284),
(6, 292),
(7, 237),
(7, 238),
(7, 303),
(7, 304),
(7, 305),
(8, 247),
(8, 315),
(9, 37),
(9, 38),
(9, 57),
(9, 59),
(9, 292),
(10, 21),
(10, 126),
(10, 128),
(10, 151),
(10, 230),
(10, 253),
(11, 57),
(11, 58),
(11, 59),
(11, 93),
(11, 94),
(11, 95),
(11, 129),
(11, 143),
(11, 237),
(11, 239),
(11, 252),
(11, 253),
(11, 254),
(11, 258),
(12, 132),
(12, 133),
(12, 134),
(12, 147),
(12, 148),
(12, 149),
(13, 3),
(13, 5),
(13, 165),
(13, 166),
(13, 167),
(13, 294),
(14, 25),
(14, 26),
(14, 63),
(14, 64),
(14, 65),
(14, 85),
(14, 86),
(14, 183),
(14, 184),
(14, 196),
(14, 255),
(14, 315),
(14, 316),
(15, 105),
(15, 223),
(15, 224),
(15, 247),
(15, 315),
(16, 40),
(16, 129),
(16, 130),
(16, 307),
(17, 78),
(17, 79),
(17, 80),
(17, 93),
(17, 94),
(17, 95),
(17, 136),
(17, 140),
(17, 153),
(17, 154),
(17, 155),
(18, 163),
(19, 177),
(19, 178),
(19, 179),
(19, 228),
(19, 298),
(20, 73),
(20, 74),
(20, 118),
(20, 140),
(20, 181),
(20, 225),
(20, 227),
(21, 195),
(21, 223),
(21, 224),
(22, 9),
(22, 10),
(22, 11),
(22, 75),
(22, 113),
(22, 219),
(22, 285),
(22, 286),
(22, 287),
(23, 42),
(23, 43),
(23, 44),
(23, 48),
(23, 49),
(23, 50),
(23, 61),
(23, 99),
(23, 100),
(23, 101),
(23, 120),
(23, 121),
(23, 122),
(23, 181),
(23, 207),
(23, 219),
(23, 220),
(23, 221),
(23, 278),
(23, 285),
(23, 295),
(24, 48),
(24, 50),
(24, 99),
(24, 100),
(24, 101),
(24, 108),
(24, 110),
(24, 228),
(24, 309),
(24, 310),
(24, 311),
(24, 315),
(24, 316),
(24, 317),
(25, 27),
(25, 28),
(25, 29),
(25, 36),
(25, 37),
(25, 38),
(25, 48),
(25, 49),
(25, 50),
(25, 63),
(25, 72),
(25, 73),
(25, 74),
(26, 39),
(26, 89),
(26, 255),
(26, 256),
(26, 257),
(26, 271),
(26, 272),
(27, 146),
(27, 147),
(27, 148),
(27, 149),
(28, 117),
(28, 119),
(29, 43),
(29, 44),
(29, 76),
(29, 77),
(29, 84),
(29, 85),
(29, 86),
(29, 163),
(30, 6),
(30, 8),
(30, 165),
(30, 177),
(30, 178),
(30, 179),
(30, 213),
(30, 214),
(30, 215),
(30, 255),
(30, 256),
(30, 257),
(30, 258),
(30, 259),
(30, 260),
(31, 3),
(31, 4),
(31, 5),
(31, 122),
(31, 207),
(31, 209),
(32, 48),
(32, 49),
(32, 50),
(32, 66),
(32, 67),
(32, 141),
(32, 142),
(32, 143),
(32, 285),
(32, 286),
(32, 287),
(33, 12),
(33, 13),
(33, 14),
(33, 114),
(33, 116),
(33, 138),
(33, 139),
(33, 192),
(33, 194),
(34, 75),
(34, 76),
(34, 77),
(34, 134),
(34, 165),
(34, 167),
(34, 193),
(34, 258),
(34, 259),
(34, 260),
(35, 151),
(35, 254),
(35, 255),
(35, 256),
(35, 257),
(36, 19),
(36, 180),
(36, 181),
(36, 182),
(36, 207),
(36, 209),
(36, 216),
(36, 217),
(36, 218),
(36, 233),
(37, 159),
(37, 160),
(37, 161),
(37, 222),
(37, 223),
(37, 224),
(37, 251),
(37, 264),
(37, 265),
(37, 266),
(37, 312),
(37, 314),
(38, 94),
(39, 24),
(39, 26),
(39, 49),
(40, 78),
(40, 79),
(40, 90),
(40, 91),
(40, 95),
(40, 190),
(40, 283),
(40, 284),
(40, 292),
(40, 293),
(40, 294),
(40, 295),
(40, 296),
(41, 6),
(41, 8),
(41, 9),
(41, 10),
(41, 11),
(41, 13),
(41, 256),
(41, 257),
(41, 261),
(41, 262),
(41, 263),
(42, 246),
(42, 247),
(42, 248),
(43, 128),
(43, 156),
(43, 157),
(43, 158),
(44, 4),
(44, 12),
(44, 13),
(44, 14),
(44, 33),
(44, 34),
(44, 35),
(44, 153),
(44, 154),
(44, 155),
(44, 255),
(44, 256),
(45, 1),
(45, 2),
(45, 3),
(45, 80),
(45, 119),
(45, 144),
(46, 51),
(46, 52),
(46, 53),
(46, 126),
(47, 53),
(47, 90),
(47, 91),
(47, 92),
(47, 101),
(47, 177),
(48, 63),
(48, 65),
(49, 81),
(49, 82),
(49, 83),
(49, 103),
(49, 104),
(49, 153),
(49, 154),
(49, 170),
(49, 291),
(50, 9),
(50, 10),
(50, 11),
(50, 198),
(50, 200),
(50, 240),
(51, 288),
(52, 48),
(52, 49),
(52, 50),
(52, 106),
(52, 177),
(52, 178),
(52, 179),
(52, 276),
(52, 297),
(52, 298),
(52, 299),
(53, 61),
(53, 62),
(53, 147),
(53, 156),
(53, 157),
(53, 158),
(54, 15),
(54, 16),
(54, 17),
(54, 36),
(54, 38),
(54, 96),
(54, 138),
(54, 186),
(55, 1),
(55, 2),
(55, 77),
(55, 84),
(55, 85),
(55, 86),
(55, 102),
(55, 117),
(55, 118),
(55, 119),
(55, 162),
(55, 163),
(55, 267),
(55, 268),
(55, 269),
(55, 284),
(55, 292),
(55, 304),
(55, 305),
(56, 84),
(56, 85),
(56, 86),
(56, 96),
(56, 147),
(56, 237),
(56, 238),
(56, 239),
(57, 57),
(57, 59),
(57, 68),
(57, 99),
(57, 100),
(57, 162),
(57, 163),
(57, 164),
(57, 192),
(57, 208),
(57, 209),
(57, 222),
(57, 282),
(57, 283),
(57, 284),
(58, 156),
(58, 158),
(59, 57),
(59, 58),
(59, 81),
(59, 82),
(59, 83),
(59, 249),
(59, 250),
(59, 264),
(59, 265),
(59, 266),
(59, 273),
(59, 275),
(60, 6),
(60, 7),
(60, 8),
(60, 141),
(60, 142),
(60, 175),
(60, 199),
(60, 200),
(60, 210),
(60, 211),
(60, 212),
(61, 31),
(61, 32),
(61, 219),
(61, 220),
(61, 221),
(61, 279),
(61, 280),
(61, 303),
(61, 304),
(61, 305),
(62, 119),
(63, 57),
(63, 58),
(63, 59),
(63, 175),
(63, 189),
(63, 190),
(63, 191),
(63, 219),
(63, 221),
(64, 135),
(64, 136),
(64, 180),
(64, 181),
(64, 182),
(64, 204),
(64, 205),
(64, 206),
(65, 22),
(65, 78),
(65, 79),
(65, 291),
(66, 39),
(66, 41),
(66, 165),
(66, 166),
(67, 109),
(67, 127),
(67, 268),
(68, 270),
(69, 69),
(69, 292),
(70, 56),
(70, 177),
(70, 178),
(70, 179),
(71, 30),
(71, 31),
(71, 32),
(71, 63),
(71, 64),
(71, 65),
(71, 93),
(71, 94),
(71, 95),
(71, 171),
(71, 172),
(71, 181),
(71, 182),
(71, 189),
(71, 191),
(71, 216),
(71, 230),
(71, 279),
(71, 315),
(72, 40),
(72, 77),
(72, 126),
(72, 128),
(72, 169),
(72, 188),
(73, 9),
(73, 10),
(73, 11),
(73, 60),
(73, 62),
(73, 195),
(73, 196),
(73, 277),
(74, 24),
(74, 26),
(74, 102),
(74, 104),
(74, 201),
(74, 216),
(74, 218),
(74, 219),
(74, 220),
(74, 221),
(75, 157),
(75, 237),
(75, 238),
(75, 249),
(75, 250),
(75, 294),
(75, 295),
(75, 296),
(76, 169),
(76, 170),
(76, 181),
(76, 182),
(76, 210),
(76, 211),
(76, 221),
(76, 250),
(77, 39),
(77, 40),
(77, 41),
(78, 24),
(78, 26),
(78, 87),
(78, 88),
(78, 89),
(78, 111),
(78, 112),
(78, 120),
(78, 299),
(79, 63),
(79, 65),
(79, 90),
(79, 91),
(79, 92),
(79, 102),
(79, 103),
(79, 104),
(79, 192),
(79, 193),
(79, 194),
(79, 207),
(79, 208),
(79, 217),
(79, 218),
(79, 249),
(80, 7),
(80, 141),
(80, 142),
(80, 143),
(80, 201),
(80, 203),
(80, 229),
(80, 230),
(81, 21),
(81, 22),
(81, 23),
(81, 61),
(81, 189),
(81, 190),
(81, 191),
(81, 196),
(81, 257),
(82, 3),
(82, 63),
(82, 65),
(82, 85),
(82, 86),
(82, 196),
(82, 221),
(82, 237),
(82, 238),
(82, 246),
(82, 247),
(82, 248),
(83, 2),
(83, 18),
(83, 19),
(83, 168),
(83, 169),
(83, 170),
(83, 270),
(83, 271),
(83, 272),
(83, 287),
(84, 39),
(84, 40),
(84, 120),
(84, 121),
(84, 154),
(84, 155),
(85, 5),
(85, 84),
(85, 99),
(85, 100),
(85, 101),
(85, 199),
(85, 200),
(85, 234),
(85, 235),
(85, 236),
(85, 243),
(85, 244),
(86, 48),
(86, 111),
(86, 113),
(86, 222),
(86, 223),
(86, 224),
(87, 19),
(87, 135),
(87, 137),
(87, 147),
(87, 148),
(87, 149),
(87, 189),
(87, 190),
(87, 191),
(87, 203),
(88, 39),
(88, 40),
(88, 41),
(88, 141),
(88, 142),
(88, 143),
(88, 162),
(88, 163),
(88, 207),
(88, 208),
(88, 209),
(88, 222),
(88, 223),
(88, 282),
(89, 27),
(89, 28),
(89, 57),
(89, 58),
(89, 88),
(89, 89),
(89, 165),
(89, 167),
(89, 180),
(89, 181),
(89, 182),
(89, 191),
(89, 270),
(89, 271),
(90, 42),
(90, 44),
(90, 95),
(90, 139),
(90, 140),
(90, 236),
(90, 250),
(90, 251),
(92, 177),
(92, 178),
(93, 1),
(93, 2),
(93, 3),
(93, 54),
(93, 63),
(93, 71),
(93, 189),
(93, 202),
(93, 227),
(94, 35),
(94, 79),
(94, 80),
(94, 150),
(94, 151),
(94, 152),
(94, 162),
(94, 163),
(94, 164),
(95, 204),
(95, 235),
(95, 236),
(95, 243),
(95, 245),
(96, 70),
(96, 71),
(96, 105),
(96, 106),
(96, 107),
(96, 124),
(96, 125),
(97, 39),
(97, 40),
(97, 41),
(97, 60),
(97, 61),
(97, 62),
(98, 12),
(98, 13),
(98, 14),
(98, 175),
(98, 285),
(98, 286),
(99, 124),
(99, 127),
(99, 201),
(99, 202),
(99, 203),
(99, 288),
(99, 290),
(100, 34),
(100, 50),
(101, 178),
(101, 179),
(101, 219),
(101, 220),
(101, 221),
(101, 262),
(101, 296),
(102, 3),
(102, 63),
(102, 64),
(102, 65),
(102, 78),
(102, 79),
(102, 80),
(102, 210),
(102, 212),
(102, 267),
(102, 268),
(102, 269),
(103, 33),
(103, 34),
(103, 35),
(103, 36),
(103, 37),
(103, 151),
(103, 152),
(103, 259),
(103, 274),
(104, 28),
(104, 141),
(104, 142),
(104, 162),
(105, 105),
(105, 106),
(105, 107),
(105, 150),
(105, 151),
(105, 152),
(105, 158),
(105, 294),
(105, 295),
(105, 297),
(105, 299),
(106, 3),
(106, 27),
(106, 29),
(106, 52),
(106, 63),
(106, 64),
(106, 224),
(107, 30),
(107, 31),
(107, 102),
(107, 103),
(107, 104),
(107, 187),
(107, 188),
(108, 69),
(109, 18),
(109, 27),
(109, 28),
(109, 29),
(109, 72),
(109, 168),
(109, 169),
(109, 170),
(109, 190),
(109, 249),
(109, 251),
(109, 264),
(109, 265),
(109, 266),
(109, 291),
(109, 292),
(109, 293),
(110, 75),
(110, 105),
(110, 106),
(110, 107),
(110, 177),
(110, 179),
(110, 291),
(110, 292),
(110, 293),
(110, 306),
(110, 308),
(111, 294),
(111, 295),
(111, 296),
(112, 12),
(112, 13),
(112, 14),
(112, 18),
(112, 19),
(112, 20),
(112, 189),
(112, 259),
(113, 234),
(113, 235),
(113, 267),
(113, 268),
(113, 269),
(114, 54),
(114, 55),
(114, 56),
(114, 294),
(114, 296),
(115, 64),
(115, 65),
(115, 95),
(116, 28),
(116, 29),
(116, 66),
(116, 135),
(116, 136),
(116, 137),
(116, 195),
(116, 196),
(116, 197),
(116, 251),
(116, 310),
(117, 15),
(117, 16),
(117, 17),
(117, 187),
(117, 199),
(117, 245),
(117, 315),
(117, 316),
(117, 317),
(118, 130),
(118, 180),
(118, 182),
(119, 102),
(119, 103),
(119, 104),
(119, 210),
(119, 211),
(119, 212),
(119, 235),
(119, 271),
(119, 309),
(119, 310),
(119, 311),
(120, 246),
(120, 247),
(120, 248),
(120, 277),
(120, 291),
(120, 292),
(120, 293),
(121, 109),
(121, 110),
(121, 189),
(121, 288),
(121, 317),
(122, 21),
(122, 22),
(122, 23),
(122, 69),
(122, 70),
(122, 71),
(122, 144),
(122, 145),
(122, 146),
(122, 202),
(122, 203),
(122, 279),
(122, 280),
(122, 281),
(123, 48),
(123, 50),
(123, 111),
(123, 112),
(123, 113),
(124, 60),
(124, 61),
(124, 62),
(124, 63),
(124, 64),
(124, 216),
(124, 228),
(124, 230),
(124, 282),
(124, 283),
(124, 284),
(125, 15),
(125, 16),
(125, 17),
(125, 45),
(125, 46),
(125, 47),
(125, 54),
(125, 55),
(125, 56),
(125, 87),
(126, 24),
(126, 25),
(126, 30),
(126, 60),
(126, 62),
(126, 152),
(126, 168),
(126, 169),
(126, 170),
(126, 204),
(127, 34),
(127, 35),
(127, 63),
(127, 65),
(127, 141),
(127, 143),
(127, 167),
(127, 311),
(128, 29),
(128, 42),
(128, 43),
(128, 66),
(128, 67),
(128, 68),
(128, 96),
(128, 106),
(128, 224),
(128, 315),
(129, 80),
(129, 238),
(130, 18),
(130, 19),
(130, 20),
(130, 76),
(130, 138),
(130, 139),
(131, 207),
(131, 209),
(131, 213),
(131, 214),
(131, 215),
(131, 258),
(131, 259),
(131, 260),
(132, 51),
(132, 52),
(132, 58),
(132, 247),
(132, 248),
(132, 303),
(132, 304),
(132, 305),
(133, 54),
(133, 55),
(133, 183),
(134, 18),
(134, 34),
(134, 129),
(134, 130),
(134, 131),
(134, 294),
(134, 295),
(134, 306),
(134, 307),
(134, 308),
(135, 177),
(135, 178),
(135, 185),
(135, 196),
(135, 197),
(135, 224),
(135, 240),
(135, 241),
(135, 243),
(135, 244),
(135, 245),
(135, 279),
(135, 280),
(135, 281),
(136, 75),
(136, 76),
(136, 77),
(136, 180),
(136, 181),
(136, 182),
(136, 304),
(137, 1),
(137, 2),
(137, 3),
(137, 40),
(137, 210),
(137, 211),
(137, 212),
(137, 240),
(137, 242),
(138, 148),
(138, 149),
(138, 230),
(138, 272),
(139, 28),
(139, 29),
(139, 138),
(139, 140),
(140, 109),
(140, 110),
(141, 46),
(141, 47),
(141, 220),
(142, 24),
(142, 112),
(142, 113),
(142, 139),
(142, 140),
(143, 42),
(143, 43),
(143, 44),
(143, 82),
(143, 83),
(143, 213),
(143, 214),
(143, 215),
(143, 291),
(143, 292),
(144, 57),
(144, 59),
(144, 81),
(144, 82),
(144, 83),
(144, 93),
(144, 95),
(144, 211),
(144, 212),
(144, 231),
(144, 232),
(144, 233),
(145, 15),
(145, 16),
(145, 17),
(145, 36),
(145, 37),
(145, 38),
(145, 108),
(145, 109),
(145, 110),
(145, 195),
(145, 197),
(146, 70),
(146, 71),
(146, 87),
(146, 135),
(146, 136),
(146, 137),
(147, 6),
(147, 7),
(147, 8),
(147, 40),
(147, 111),
(147, 120),
(147, 121),
(147, 122),
(147, 315),
(147, 316),
(148, 135),
(148, 136),
(149, 144),
(149, 211),
(149, 212),
(149, 243),
(149, 244),
(149, 250),
(150, 51),
(150, 52),
(150, 53),
(150, 275),
(151, 108),
(151, 109),
(151, 110),
(151, 243),
(151, 244),
(152, 144),
(152, 146),
(152, 159),
(152, 160),
(152, 161),
(152, 234),
(152, 235),
(152, 236),
(152, 312),
(152, 313),
(152, 314),
(153, 4),
(154, 15),
(154, 41),
(154, 138),
(154, 139),
(154, 154),
(154, 214),
(154, 215),
(155, 25),
(155, 42),
(155, 43),
(155, 44),
(155, 129),
(155, 130),
(155, 131),
(155, 291),
(155, 292),
(155, 293),
(156, 171),
(156, 172),
(156, 173),
(156, 204),
(156, 205),
(156, 247),
(156, 294),
(156, 295),
(156, 296),
(157, 18),
(157, 19),
(157, 20),
(157, 87),
(157, 88),
(157, 89),
(157, 168),
(157, 169),
(158, 45),
(158, 47),
(159, 41),
(159, 64),
(159, 65),
(159, 90),
(159, 91),
(159, 92),
(159, 150),
(159, 151),
(159, 152),
(160, 54),
(160, 60),
(160, 61),
(160, 62),
(160, 153),
(160, 154),
(160, 293),
(161, 53),
(161, 104),
(161, 139),
(161, 217),
(162, 96),
(162, 97),
(162, 98),
(162, 183),
(162, 185),
(162, 201),
(162, 202),
(162, 203),
(162, 264),
(162, 265),
(162, 266),
(163, 23),
(163, 42),
(163, 43),
(163, 44),
(163, 97),
(164, 45),
(164, 108),
(164, 109),
(164, 110),
(164, 192),
(164, 249),
(164, 250),
(164, 251),
(164, 264),
(165, 84),
(165, 86),
(165, 223),
(165, 224),
(165, 291),
(165, 292),
(165, 293),
(166, 58),
(166, 78),
(166, 79),
(166, 80),
(166, 213),
(166, 214),
(166, 215),
(167, 25),
(167, 26),
(167, 228),
(167, 230),
(167, 270),
(167, 271),
(167, 272),
(168, 16),
(168, 63),
(168, 64),
(168, 65),
(168, 180),
(168, 189),
(168, 190),
(168, 191),
(168, 253),
(168, 257),
(169, 45),
(169, 117),
(169, 119),
(170, 48),
(170, 49),
(170, 50),
(170, 144),
(170, 145),
(170, 146),
(170, 150),
(170, 151),
(170, 152),
(170, 226),
(170, 227),
(171, 3),
(171, 4),
(171, 5),
(171, 10),
(171, 11),
(171, 60),
(171, 61),
(171, 114),
(171, 116),
(171, 151),
(171, 152),
(171, 270),
(171, 271),
(171, 272),
(172, 24),
(172, 26),
(172, 152),
(172, 294),
(172, 295),
(172, 296),
(173, 37),
(174, 78),
(174, 79),
(174, 80),
(174, 120),
(174, 121),
(174, 122),
(175, 285),
(175, 286),
(175, 287),
(176, 162),
(176, 163),
(176, 164),
(177, 112),
(177, 113),
(177, 220),
(178, 46),
(178, 204),
(178, 205),
(178, 206),
(178, 207),
(178, 208),
(178, 209),
(178, 219),
(178, 221),
(178, 225),
(178, 226),
(178, 227),
(178, 303),
(178, 304),
(179, 72),
(179, 114),
(179, 115),
(179, 116),
(179, 198),
(179, 200),
(179, 264),
(179, 265),
(179, 266),
(179, 306),
(179, 308),
(180, 48),
(180, 49),
(180, 50),
(180, 190),
(180, 213),
(180, 214),
(180, 215),
(180, 235),
(180, 236),
(180, 253),
(181, 39),
(181, 41),
(181, 87),
(181, 93),
(181, 94),
(181, 280),
(182, 9),
(182, 10),
(182, 36),
(182, 45),
(182, 46),
(182, 47),
(182, 75),
(182, 77),
(182, 114),
(182, 116),
(182, 227),
(183, 63),
(183, 126),
(183, 127),
(183, 168),
(183, 169),
(183, 170),
(183, 262),
(183, 263),
(183, 288),
(183, 289),
(183, 290),
(184, 87),
(184, 89),
(184, 93),
(184, 95),
(184, 129),
(184, 130),
(184, 153),
(184, 154),
(184, 243),
(184, 245),
(184, 282),
(184, 284),
(185, 113),
(185, 183),
(185, 184),
(185, 185),
(185, 198),
(185, 199),
(185, 200),
(185, 240),
(185, 241),
(185, 246),
(185, 247),
(185, 273),
(185, 274),
(185, 275),
(186, 81),
(186, 83),
(186, 121),
(186, 122),
(186, 312),
(186, 313),
(187, 19),
(187, 30),
(187, 32),
(187, 72),
(187, 73),
(187, 74),
(187, 204),
(187, 205),
(187, 206),
(187, 267),
(187, 268),
(187, 269),
(188, 28),
(188, 29),
(188, 90),
(188, 91),
(188, 92),
(189, 24),
(189, 25),
(189, 26),
(189, 39),
(189, 40),
(189, 41),
(189, 288),
(189, 289),
(189, 290),
(190, 45),
(190, 47),
(190, 87),
(190, 88),
(190, 89),
(190, 129),
(190, 130),
(190, 131),
(190, 252),
(190, 253),
(190, 254),
(191, 3),
(191, 4),
(191, 5),
(191, 33),
(191, 246),
(191, 248),
(191, 301),
(191, 302),
(192, 73),
(192, 129),
(192, 131),
(192, 143),
(193, 105),
(193, 106),
(193, 107),
(193, 123),
(193, 125),
(193, 195),
(193, 196),
(193, 316),
(193, 317),
(194, 51),
(194, 56),
(194, 103),
(194, 104),
(194, 177),
(194, 178),
(194, 276),
(194, 278),
(194, 282),
(194, 283),
(194, 284),
(195, 132),
(195, 156),
(195, 157),
(195, 218),
(195, 274),
(196, 202),
(196, 203),
(196, 210),
(196, 211),
(196, 212),
(196, 213),
(196, 215),
(197, 108),
(197, 110),
(197, 117),
(197, 279),
(197, 280),
(197, 281),
(197, 312),
(197, 313),
(197, 314),
(198, 34),
(198, 35),
(198, 48),
(198, 49),
(198, 74),
(198, 75),
(198, 76),
(198, 77),
(198, 211),
(198, 255),
(198, 256),
(198, 291),
(198, 293),
(199, 66),
(199, 68),
(199, 181),
(199, 189),
(199, 210),
(200, 60),
(200, 105),
(200, 106),
(200, 107),
(200, 210),
(200, 267),
(200, 268),
(200, 269),
(201, 189),
(201, 190),
(202, 67),
(202, 68),
(203, 165),
(203, 166),
(203, 167),
(203, 184),
(203, 185),
(203, 194),
(203, 207),
(203, 208),
(203, 209),
(203, 306),
(203, 307),
(204, 36),
(205, 130),
(205, 131),
(205, 315),
(205, 316),
(205, 317),
(206, 114),
(206, 115),
(206, 120),
(206, 121),
(206, 148),
(206, 149),
(206, 162),
(206, 163),
(206, 164),
(206, 306),
(206, 307),
(206, 308),
(207, 96),
(207, 97),
(207, 98),
(207, 132),
(207, 133),
(207, 134),
(207, 170),
(207, 204),
(207, 205),
(207, 206),
(207, 291),
(207, 312),
(207, 313),
(207, 314),
(208, 33),
(208, 55),
(208, 56),
(208, 150),
(208, 151),
(208, 152),
(208, 162),
(208, 163),
(208, 164),
(209, 37),
(209, 38),
(210, 39),
(210, 40),
(210, 71),
(210, 96),
(210, 97),
(210, 98),
(210, 135),
(210, 182),
(210, 207),
(210, 209),
(211, 107),
(211, 270),
(211, 279),
(211, 280),
(212, 40),
(212, 41),
(212, 66),
(212, 67),
(212, 68),
(212, 219),
(212, 220),
(212, 221),
(212, 248),
(213, 54),
(213, 55),
(213, 56),
(213, 63),
(213, 67),
(213, 105),
(213, 106),
(213, 213),
(213, 229),
(213, 230),
(214, 102),
(214, 214),
(214, 215),
(214, 276),
(214, 277),
(215, 257),
(216, 13),
(216, 14),
(216, 63),
(216, 65),
(216, 72),
(216, 73),
(216, 74),
(216, 192),
(216, 297),
(216, 298),
(217, 6),
(217, 7),
(217, 8),
(217, 12),
(217, 13),
(217, 14),
(217, 132),
(217, 133),
(217, 134),
(217, 201),
(217, 231),
(217, 233),
(217, 249),
(217, 258),
(217, 259),
(217, 276),
(217, 306),
(217, 307),
(217, 308),
(218, 45),
(218, 47),
(218, 72),
(218, 73),
(218, 74),
(218, 108),
(218, 109),
(218, 110),
(218, 129),
(218, 130),
(219, 157),
(219, 158),
(220, 15),
(220, 16),
(220, 201),
(220, 202),
(220, 203),
(220, 251),
(221, 48),
(221, 49),
(221, 50),
(221, 104),
(221, 123),
(221, 132),
(221, 142),
(221, 198),
(221, 200),
(222, 1),
(222, 31),
(222, 32),
(222, 207),
(222, 209),
(223, 52),
(223, 53),
(223, 60),
(223, 62),
(223, 69),
(224, 6),
(224, 7),
(224, 241),
(225, 66),
(226, 6),
(226, 7),
(226, 8),
(226, 90),
(226, 91),
(226, 92),
(226, 127),
(226, 128),
(226, 304),
(226, 305),
(227, 291),
(227, 292),
(227, 293),
(228, 58),
(228, 67),
(228, 68),
(228, 135),
(228, 136),
(228, 137),
(228, 219),
(228, 220),
(228, 249),
(228, 264),
(228, 265),
(228, 266),
(229, 115),
(229, 273),
(229, 274),
(229, 275),
(230, 11),
(230, 42),
(230, 44),
(230, 69),
(230, 70),
(230, 126),
(230, 127),
(230, 128),
(230, 201),
(230, 202),
(231, 46),
(231, 115),
(231, 139),
(231, 140),
(231, 251),
(231, 303),
(231, 305),
(232, 115),
(232, 150),
(232, 152),
(232, 169),
(232, 170),
(232, 186),
(232, 308),
(233, 63),
(233, 64),
(233, 85),
(233, 96),
(233, 97),
(233, 98),
(233, 153),
(233, 154),
(234, 15),
(234, 133),
(234, 141),
(234, 142),
(234, 143),
(234, 255),
(234, 257),
(234, 270),
(234, 271),
(234, 272),
(235, 1),
(235, 2),
(235, 3),
(235, 69),
(235, 71),
(235, 73),
(235, 279),
(236, 30),
(236, 31),
(236, 32),
(236, 106),
(236, 171),
(236, 172),
(236, 173),
(236, 191),
(236, 198),
(236, 200),
(236, 295),
(237, 45),
(237, 46),
(237, 47),
(237, 79),
(237, 223),
(237, 224),
(237, 307),
(237, 308),
(238, 55),
(238, 168),
(239, 72),
(239, 73),
(239, 160),
(239, 161),
(239, 262),
(239, 263),
(239, 270),
(239, 271),
(239, 272),
(240, 132),
(240, 134),
(241, 57),
(241, 58),
(241, 170),
(241, 234),
(241, 236),
(241, 305),
(242, 15),
(242, 17),
(242, 33),
(242, 34),
(242, 135),
(242, 137),
(242, 197),
(243, 20),
(243, 51),
(243, 144),
(243, 145),
(243, 146),
(244, 65),
(244, 82),
(244, 201),
(244, 202),
(244, 203),
(244, 219),
(244, 294),
(244, 296),
(244, 309),
(244, 310),
(244, 311),
(245, 36),
(245, 37),
(245, 38),
(245, 39),
(245, 40),
(245, 41),
(245, 84),
(245, 85),
(245, 86),
(245, 171),
(245, 172),
(245, 173),
(245, 193),
(245, 194),
(245, 231),
(245, 232),
(245, 233),
(245, 267),
(245, 268),
(245, 269),
(246, 57),
(246, 58),
(246, 59),
(246, 231),
(246, 233),
(247, 91),
(247, 105),
(247, 249),
(247, 306),
(247, 307),
(247, 308),
(248, 28),
(248, 29),
(248, 61),
(248, 90),
(248, 91),
(248, 120),
(248, 121),
(248, 122),
(248, 123),
(248, 135),
(248, 137),
(248, 183),
(248, 184),
(248, 288),
(249, 13),
(249, 18),
(249, 140),
(249, 207),
(249, 209),
(249, 243),
(249, 244),
(249, 245),
(250, 36),
(250, 37),
(250, 38),
(250, 108),
(250, 109),
(250, 110),
(250, 132),
(250, 133),
(250, 134),
(250, 288),
(250, 300),
(251, 3),
(251, 4),
(251, 5),
(251, 57),
(251, 58),
(251, 59),
(251, 93),
(251, 94),
(251, 184),
(251, 185),
(251, 204),
(251, 206),
(252, 30),
(252, 31),
(252, 32),
(252, 102),
(252, 103),
(252, 104),
(252, 198),
(252, 222),
(252, 256),
(252, 273),
(252, 274),
(252, 275),
(252, 306),
(252, 308),
(253, 81),
(253, 83),
(254, 60),
(254, 61),
(254, 62),
(254, 154),
(254, 192),
(255, 42),
(255, 135),
(255, 136),
(255, 137),
(255, 171),
(255, 172),
(255, 173),
(255, 243),
(255, 244),
(255, 245),
(256, 147),
(256, 148),
(256, 171),
(256, 172),
(256, 192),
(256, 193),
(256, 194),
(256, 225),
(256, 267),
(256, 268),
(256, 269),
(256, 312),
(256, 313),
(256, 314),
(257, 39),
(257, 40),
(257, 57),
(257, 58),
(257, 94),
(257, 219),
(257, 220),
(257, 221),
(257, 228),
(257, 288),
(257, 289),
(257, 290),
(258, 108),
(258, 109),
(258, 135),
(258, 136),
(258, 157),
(258, 158),
(258, 219),
(258, 291),
(258, 292),
(258, 293),
(258, 300),
(258, 301),
(258, 302),
(259, 150),
(259, 152),
(259, 256),
(259, 257),
(260, 186),
(260, 187),
(260, 188),
(260, 225),
(260, 227),
(261, 27),
(261, 39),
(261, 40),
(261, 41),
(261, 129),
(261, 131),
(261, 252),
(261, 253),
(261, 254),
(261, 269),
(262, 87),
(262, 89),
(262, 126),
(262, 127),
(262, 128),
(262, 202),
(262, 203),
(262, 249),
(262, 250),
(262, 251),
(263, 3),
(263, 4),
(263, 5),
(263, 61),
(263, 62),
(263, 282),
(263, 283),
(263, 284),
(263, 288),
(263, 289),
(263, 290),
(265, 75),
(265, 76),
(265, 117),
(265, 150),
(265, 151),
(265, 152),
(265, 214),
(265, 215),
(265, 253),
(265, 254),
(265, 262),
(266, 53),
(266, 57),
(266, 58),
(266, 59),
(266, 144),
(266, 145),
(266, 146),
(266, 190),
(266, 191),
(266, 257),
(266, 265),
(267, 312),
(268, 3),
(268, 4),
(268, 5),
(268, 147),
(268, 148),
(268, 149),
(268, 264),
(268, 266),
(268, 296),
(269, 1),
(269, 2),
(269, 12),
(269, 13),
(269, 14),
(269, 240),
(270, 24),
(270, 25),
(270, 26),
(270, 75),
(270, 76),
(270, 120),
(270, 121),
(270, 122),
(270, 139),
(270, 231),
(271, 206),
(272, 29),
(272, 51),
(272, 52),
(272, 53),
(272, 75),
(272, 77),
(272, 205),
(272, 208),
(273, 27),
(273, 28),
(273, 29),
(273, 39),
(273, 40),
(273, 41),
(273, 231),
(273, 232),
(273, 233),
(273, 261),
(273, 262),
(273, 263),
(273, 288),
(273, 289),
(273, 303),
(273, 304),
(273, 305),
(274, 72),
(274, 103),
(274, 191),
(274, 216),
(274, 217),
(274, 294),
(274, 295),
(274, 296),
(275, 33),
(275, 34),
(275, 35),
(275, 38),
(275, 144),
(275, 145),
(275, 162),
(275, 255),
(276, 6),
(276, 7),
(276, 8),
(276, 195),
(276, 196),
(276, 197),
(276, 288),
(276, 289),
(276, 290),
(276, 292),
(277, 51),
(277, 53),
(277, 55),
(277, 279),
(278, 33),
(278, 34),
(278, 35),
(278, 157),
(278, 273),
(278, 275),
(279, 44),
(279, 66),
(279, 67),
(279, 68),
(279, 75),
(279, 76),
(279, 233),
(279, 249),
(279, 250),
(279, 251),
(280, 66),
(280, 67),
(280, 68),
(280, 189),
(280, 190),
(281, 16),
(281, 17),
(281, 165),
(281, 184),
(281, 195),
(281, 220),
(281, 221),
(282, 198),
(282, 246),
(282, 247),
(282, 248),
(282, 306),
(282, 308),
(282, 312),
(282, 313),
(282, 314),
(283, 87),
(283, 88),
(283, 89),
(283, 156),
(283, 309),
(283, 310),
(284, 187),
(285, 9),
(285, 10),
(285, 75),
(285, 76),
(285, 77),
(285, 195),
(285, 196),
(285, 239),
(285, 267),
(285, 269),
(285, 277),
(285, 278),
(285, 300),
(285, 301),
(285, 302),
(286, 171),
(286, 173),
(286, 224),
(287, 188),
(287, 315),
(287, 316),
(287, 317),
(288, 57),
(288, 58),
(288, 59),
(288, 60),
(288, 62),
(288, 64),
(288, 110),
(288, 163),
(288, 164),
(288, 207),
(288, 208),
(288, 252),
(288, 253),
(288, 254),
(288, 300),
(288, 301),
(289, 204),
(289, 243),
(289, 244),
(289, 245),
(290, 27),
(290, 28),
(290, 29),
(290, 216),
(290, 217),
(290, 218),
(290, 259),
(290, 260),
(291, 282),
(291, 283),
(291, 284),
(292, 106),
(292, 120),
(292, 156),
(292, 157),
(292, 158),
(292, 179),
(292, 189),
(292, 190),
(292, 192),
(292, 193),
(292, 194),
(292, 213),
(292, 264),
(292, 265),
(292, 266),
(293, 21),
(293, 22),
(293, 23),
(293, 127),
(293, 210),
(293, 211),
(293, 212),
(293, 249),
(293, 250),
(293, 251),
(293, 259),
(293, 260),
(293, 312),
(294, 66),
(294, 67),
(294, 78),
(294, 80),
(294, 82),
(294, 83),
(294, 102),
(294, 103),
(294, 104),
(294, 195),
(294, 197),
(294, 306),
(294, 308),
(295, 18),
(295, 19),
(295, 20),
(295, 60),
(295, 66),
(295, 117),
(295, 118),
(295, 119),
(295, 144),
(295, 145),
(295, 146),
(295, 225),
(295, 226),
(295, 227),
(296, 28),
(296, 30),
(296, 31),
(296, 32),
(296, 250),
(296, 251),
(296, 315),
(296, 317),
(297, 27),
(297, 111),
(297, 113),
(297, 189),
(297, 190),
(297, 279),
(297, 280),
(297, 281),
(298, 54),
(298, 56),
(298, 165),
(298, 167),
(298, 252),
(298, 253),
(298, 254),
(298, 267),
(298, 268),
(300, 153),
(300, 154),
(300, 155),
(300, 180),
(300, 182),
(300, 217),
(300, 247),
(300, 248),
(300, 273),
(300, 274),
(301, 60),
(301, 294),
(301, 295),
(301, 296),
(302, 64),
(302, 65),
(303, 61),
(303, 63),
(303, 64),
(303, 65),
(303, 145),
(303, 250),
(303, 251),
(303, 252),
(303, 253),
(303, 254),
(303, 279),
(303, 280),
(303, 281),
(304, 66),
(304, 162),
(304, 164),
(304, 167),
(304, 186),
(304, 187),
(304, 188),
(305, 58),
(305, 120),
(305, 121),
(305, 122),
(305, 138),
(305, 139),
(305, 140),
(305, 154),
(305, 155),
(306, 150),
(306, 151),
(306, 159),
(307, 78),
(307, 79),
(307, 80),
(307, 132),
(307, 133),
(308, 21),
(308, 22),
(308, 23),
(308, 247),
(309, 57),
(309, 133),
(310, 39),
(310, 40),
(310, 54),
(310, 55),
(310, 56),
(310, 315),
(310, 316),
(310, 317),
(311, 4),
(311, 73),
(311, 75),
(311, 76),
(311, 77),
(311, 262),
(312, 190),
(312, 191),
(312, 299),
(313, 129),
(313, 130),
(313, 131),
(313, 133),
(313, 134),
(313, 138),
(313, 139),
(313, 140),
(313, 211),
(313, 212),
(313, 246),
(313, 247),
(313, 248),
(314, 2),
(314, 173),
(314, 177),
(314, 178),
(314, 179),
(314, 312),
(314, 314),
(315, 9),
(315, 11),
(315, 156),
(315, 157),
(315, 158),
(315, 219),
(315, 273),
(315, 274),
(315, 275),
(316, 33),
(316, 34),
(316, 35),
(317, 52),
(317, 53),
(317, 102),
(317, 103),
(317, 140),
(317, 219),
(317, 220),
(317, 298),
(317, 299),
(317, 312),
(317, 313),
(317, 314),
(318, 63),
(318, 65),
(318, 120),
(318, 159),
(318, 160),
(318, 161),
(318, 215),
(318, 276),
(318, 277),
(318, 278),
(319, 72),
(319, 73),
(319, 74),
(319, 75),
(319, 77),
(319, 133),
(320, 20),
(321, 30),
(321, 32),
(321, 249),
(322, 9),
(322, 10),
(322, 11),
(322, 185),
(322, 231),
(322, 232),
(322, 233),
(322, 261),
(322, 282),
(322, 283),
(322, 284),
(323, 57),
(323, 118),
(323, 119),
(324, 12),
(324, 13),
(324, 14),
(324, 107),
(324, 123),
(324, 124),
(324, 125),
(324, 307),
(324, 308),
(325, 81),
(325, 82),
(325, 109),
(325, 110),
(325, 180),
(325, 181),
(326, 6),
(326, 7),
(326, 8),
(326, 24),
(326, 25),
(326, 123),
(326, 138),
(326, 139),
(326, 140),
(326, 152),
(327, 210),
(327, 211),
(327, 212),
(327, 255),
(328, 145),
(328, 146),
(328, 286),
(329, 6),
(329, 7),
(329, 8),
(329, 12),
(329, 14),
(329, 60),
(329, 124),
(329, 162),
(329, 163),
(329, 164),
(330, 57),
(330, 58),
(330, 59),
(330, 171),
(330, 172),
(330, 173),
(330, 252),
(331, 129),
(331, 130),
(331, 131),
(331, 190),
(331, 191),
(331, 216),
(331, 217),
(331, 218),
(332, 60),
(332, 61),
(332, 62),
(332, 69),
(332, 70),
(332, 81),
(332, 310),
(333, 78),
(333, 79),
(333, 84),
(333, 85),
(333, 86),
(333, 108),
(333, 109),
(333, 110),
(333, 137),
(333, 180),
(333, 265),
(333, 266),
(334, 3),
(334, 4),
(334, 5),
(334, 6),
(334, 7),
(334, 8),
(334, 38),
(334, 145),
(334, 187),
(334, 294),
(335, 105),
(335, 106),
(335, 107),
(336, 10),
(336, 168),
(336, 170),
(336, 196),
(336, 201),
(336, 202),
(336, 220),
(336, 279),
(336, 280),
(336, 281),
(337, 186),
(337, 187),
(337, 188),
(337, 249),
(337, 250),
(337, 282),
(337, 283),
(337, 284),
(338, 4),
(338, 5),
(338, 198),
(338, 200),
(339, 222),
(339, 224),
(339, 310),
(339, 311),
(340, 48),
(340, 49),
(340, 50),
(340, 60),
(340, 63),
(340, 64),
(340, 65),
(340, 117),
(340, 119),
(340, 142),
(340, 243),
(340, 244),
(340, 313),
(341, 60),
(341, 61),
(341, 62),
(341, 108),
(341, 109),
(341, 110),
(341, 117),
(341, 118),
(341, 119),
(341, 178),
(341, 179),
(341, 273),
(341, 286),
(342, 78),
(342, 79),
(342, 80),
(342, 216),
(342, 217),
(342, 218),
(342, 273),
(343, 182),
(343, 239),
(343, 243),
(343, 244),
(343, 245),
(343, 255),
(343, 256),
(343, 257),
(343, 285),
(343, 286),
(343, 287),
(344, 159),
(344, 160),
(344, 161),
(344, 174),
(344, 176),
(344, 233),
(344, 282),
(344, 284),
(344, 297),
(344, 298),
(344, 299),
(345, 69),
(345, 70),
(345, 71),
(345, 138),
(345, 139),
(345, 230),
(345, 309),
(345, 310),
(346, 9),
(346, 10),
(346, 11),
(346, 12),
(346, 13),
(346, 14),
(346, 15),
(346, 22),
(346, 23),
(346, 234),
(346, 235),
(347, 246),
(347, 247),
(347, 248),
(348, 64),
(348, 72),
(348, 73),
(348, 74),
(348, 217),
(348, 218),
(348, 225),
(348, 226),
(348, 227),
(348, 265),
(349, 54),
(349, 55),
(349, 92),
(349, 114),
(349, 116),
(349, 136),
(349, 141),
(350, 77),
(350, 129),
(350, 131),
(350, 240),
(350, 241),
(350, 242),
(350, 243),
(350, 244),
(350, 276),
(351, 86),
(351, 99),
(351, 101),
(351, 156),
(351, 157),
(351, 158),
(351, 171),
(351, 172),
(351, 173),
(351, 306),
(351, 307),
(351, 308),
(352, 180),
(352, 181),
(352, 182),
(352, 190),
(352, 191),
(352, 291),
(352, 293),
(352, 306),
(353, 115),
(353, 116),
(353, 136),
(353, 137),
(353, 256),
(353, 257),
(353, 288),
(353, 289),
(353, 290),
(353, 294),
(353, 295),
(353, 296),
(354, 75),
(354, 76),
(354, 309),
(354, 310),
(355, 1),
(355, 43),
(355, 44),
(355, 117),
(355, 118),
(355, 119),
(355, 132),
(355, 134),
(355, 135),
(355, 137),
(355, 273),
(355, 274),
(356, 1),
(356, 2),
(356, 15),
(356, 112),
(356, 113),
(356, 186),
(356, 187),
(356, 188),
(356, 240),
(356, 241),
(356, 276),
(356, 277),
(356, 278),
(356, 312),
(356, 314),
(358, 132),
(358, 133),
(358, 144),
(358, 145),
(358, 146),
(358, 312),
(358, 313),
(358, 314),
(359, 118),
(359, 315),
(359, 316),
(360, 124),
(360, 125),
(360, 235),
(361, 33),
(361, 35),
(361, 168),
(361, 169),
(361, 170),
(362, 44),
(362, 63),
(362, 64),
(362, 75),
(362, 76),
(362, 77),
(362, 291),
(362, 293),
(363, 27),
(363, 28),
(363, 29),
(363, 162),
(363, 163),
(363, 164),
(363, 253),
(363, 304),
(364, 13),
(364, 129),
(364, 204),
(364, 205),
(364, 206),
(364, 219),
(364, 220),
(364, 221),
(364, 306),
(364, 307),
(365, 129),
(365, 130),
(365, 150),
(365, 151),
(365, 152),
(365, 219),
(365, 221),
(366, 57),
(366, 58),
(366, 59),
(366, 88),
(366, 89),
(366, 111),
(366, 120),
(366, 121),
(366, 122),
(366, 250),
(366, 297),
(366, 298),
(367, 90),
(367, 111),
(367, 112),
(367, 113),
(367, 237),
(367, 238),
(368, 77),
(369, 11),
(369, 156),
(370, 9),
(370, 10),
(370, 11),
(370, 49),
(370, 50),
(370, 66),
(370, 165),
(370, 166),
(370, 167),
(370, 168),
(370, 169),
(371, 18),
(371, 19),
(371, 20),
(371, 68),
(371, 78),
(371, 79),
(371, 80),
(371, 184),
(371, 185),
(371, 212),
(371, 249),
(371, 285),
(372, 19),
(372, 20),
(372, 27),
(372, 28),
(372, 29),
(372, 144),
(372, 146),
(372, 225),
(372, 227),
(372, 228),
(372, 229),
(372, 266),
(373, 231),
(373, 232),
(373, 233),
(373, 258),
(373, 271),
(373, 297),
(373, 298),
(373, 299),
(374, 1),
(374, 10),
(374, 45),
(374, 234),
(374, 235),
(374, 264),
(374, 265),
(374, 266),
(375, 214),
(375, 215),
(375, 250),
(375, 251),
(376, 105),
(376, 106),
(376, 107),
(376, 156),
(376, 157),
(376, 158),
(376, 166),
(376, 167),
(376, 201),
(376, 203),
(376, 291),
(376, 292),
(376, 293),
(377, 111),
(377, 112),
(377, 144),
(377, 145),
(377, 146),
(378, 111),
(378, 135),
(378, 136),
(378, 162),
(378, 163),
(378, 164),
(378, 260),
(379, 15),
(379, 16),
(379, 17),
(379, 225),
(379, 274),
(379, 289),
(380, 48),
(380, 50),
(380, 64),
(380, 65),
(380, 90),
(380, 91),
(380, 129),
(380, 130),
(380, 131),
(380, 222),
(380, 223),
(380, 224),
(380, 309),
(381, 150),
(381, 151),
(381, 152),
(381, 165),
(381, 167),
(381, 174),
(381, 175),
(381, 176),
(381, 276),
(381, 277),
(381, 278),
(382, 28),
(382, 29),
(382, 41),
(382, 75),
(382, 175),
(382, 176),
(382, 210),
(382, 211),
(382, 212),
(382, 221),
(382, 261),
(382, 262),
(382, 263),
(382, 282),
(382, 283),
(382, 284),
(382, 300),
(383, 171),
(384, 27),
(384, 28),
(384, 48),
(384, 57),
(384, 58),
(384, 59),
(384, 135),
(384, 136),
(384, 137),
(384, 306),
(384, 307),
(384, 308),
(385, 40),
(385, 41),
(385, 96),
(385, 98),
(385, 150),
(385, 152),
(385, 166),
(385, 309),
(386, 105),
(386, 106),
(387, 153),
(387, 154),
(387, 279),
(387, 280),
(388, 129),
(388, 130),
(388, 131),
(389, 12),
(389, 92),
(389, 112),
(389, 113),
(389, 120),
(389, 121),
(389, 173),
(390, 1),
(390, 2),
(390, 3),
(390, 57),
(390, 58),
(390, 59),
(390, 117),
(390, 147),
(390, 274),
(390, 305),
(391, 21),
(391, 22),
(391, 23),
(391, 42),
(391, 44),
(391, 96),
(391, 97),
(391, 237),
(391, 238),
(391, 239),
(392, 116),
(392, 169),
(393, 48),
(393, 49),
(393, 210),
(393, 211),
(393, 212),
(393, 270),
(393, 294),
(393, 295),
(393, 296),
(394, 57),
(394, 58),
(394, 59),
(394, 75),
(394, 76),
(394, 77),
(394, 159),
(394, 160),
(394, 161),
(394, 192),
(394, 193),
(394, 194),
(394, 209),
(394, 223),
(394, 224),
(394, 225),
(394, 226),
(394, 227),
(394, 282),
(394, 283),
(394, 284),
(395, 1),
(395, 2),
(395, 3),
(395, 24),
(395, 26),
(395, 213),
(395, 215),
(396, 84),
(396, 166),
(396, 168),
(396, 169),
(396, 170),
(397, 117),
(397, 118),
(397, 119),
(397, 180),
(397, 181),
(397, 198),
(397, 200),
(397, 201),
(397, 203),
(397, 204),
(397, 205),
(397, 218),
(397, 240),
(397, 241),
(397, 305),
(398, 22),
(398, 115),
(398, 116),
(398, 117),
(398, 118),
(398, 119),
(398, 162),
(398, 163),
(398, 164),
(398, 173),
(398, 190),
(398, 191),
(398, 201),
(398, 202),
(398, 203),
(399, 196),
(399, 210),
(399, 211),
(399, 212),
(399, 249),
(399, 250),
(399, 251),
(400, 108),
(400, 109),
(400, 110),
(401, 3),
(401, 4),
(401, 36),
(401, 37),
(401, 232),
(401, 233),
(401, 255),
(401, 256),
(401, 257),
(401, 273),
(401, 275),
(402, 1),
(402, 2),
(402, 3),
(402, 114),
(402, 116),
(402, 156),
(402, 157),
(402, 269),
(403, 108),
(403, 109),
(403, 110),
(403, 120),
(403, 122),
(403, 266),
(404, 73),
(404, 84),
(404, 90),
(404, 91),
(404, 117),
(405, 162),
(405, 163),
(405, 164),
(405, 183),
(405, 185),
(405, 249),
(405, 250),
(405, 251),
(405, 296),
(406, 138),
(406, 139),
(406, 140),
(406, 141),
(406, 142),
(406, 143),
(406, 210),
(406, 211),
(406, 212),
(407, 236),
(407, 243),
(407, 244),
(407, 245),
(408, 33),
(408, 35),
(408, 75),
(408, 77),
(408, 144),
(408, 145),
(408, 146),
(408, 159),
(408, 204),
(408, 206),
(409, 111),
(409, 112),
(409, 113),
(409, 121),
(409, 207),
(409, 209),
(409, 252),
(410, 190),
(411, 6),
(411, 37),
(411, 66),
(411, 67),
(411, 68),
(411, 175),
(411, 176),
(411, 237),
(411, 239),
(412, 42),
(412, 43),
(412, 44),
(412, 57),
(412, 82),
(412, 177),
(412, 186),
(413, 89),
(413, 100),
(413, 174),
(414, 1),
(414, 201),
(414, 202),
(414, 203),
(414, 228),
(414, 229),
(414, 230),
(414, 255),
(415, 9),
(415, 11),
(415, 150),
(415, 151),
(415, 171),
(415, 172),
(415, 173),
(415, 214),
(415, 215),
(415, 247),
(415, 248),
(416, 27),
(416, 28),
(416, 29),
(416, 177),
(416, 178),
(416, 277),
(416, 278),
(417, 73),
(418, 12),
(418, 14),
(418, 160),
(418, 198),
(418, 199),
(418, 212),
(418, 246),
(418, 247),
(418, 248),
(418, 264),
(418, 265),
(418, 266),
(419, 41),
(419, 124),
(419, 125),
(419, 126),
(419, 127),
(419, 128),
(419, 168),
(419, 169),
(419, 170),
(419, 268),
(420, 63),
(420, 165),
(420, 166),
(420, 167),
(420, 248),
(421, 15),
(421, 61),
(421, 62),
(421, 109),
(421, 110),
(421, 114),
(421, 115),
(421, 116),
(421, 246),
(421, 253),
(421, 254),
(422, 50),
(422, 147),
(422, 207),
(422, 246),
(422, 248),
(423, 72),
(423, 74),
(423, 108),
(423, 109),
(423, 110),
(423, 138),
(423, 140),
(424, 108),
(424, 109),
(424, 168),
(424, 170),
(424, 228),
(425, 123),
(425, 124),
(425, 125),
(425, 192),
(425, 194),
(425, 267),
(425, 268),
(425, 269),
(426, 37),
(426, 38),
(426, 42),
(426, 43),
(426, 44),
(426, 73),
(426, 74),
(426, 213),
(426, 214),
(426, 215),
(427, 51),
(427, 78),
(427, 79),
(428, 1),
(428, 3),
(428, 39),
(428, 54),
(428, 55),
(428, 56),
(428, 75),
(428, 77),
(428, 105),
(428, 107),
(428, 177),
(428, 178),
(428, 179),
(428, 186),
(428, 187),
(428, 188),
(428, 249),
(428, 250),
(428, 305),
(429, 227),
(430, 3),
(430, 4),
(430, 5),
(430, 72),
(430, 160),
(430, 183),
(430, 184),
(430, 185),
(430, 201),
(430, 202),
(430, 203),
(430, 228),
(430, 230),
(430, 234),
(430, 239),
(431, 63),
(431, 181),
(431, 182),
(431, 225),
(431, 226),
(431, 227),
(431, 268),
(432, 2),
(432, 21),
(432, 22),
(432, 65),
(432, 90),
(432, 91),
(432, 92),
(432, 211),
(432, 223),
(432, 262),
(432, 279),
(432, 281),
(433, 63),
(433, 64),
(433, 65),
(433, 66),
(433, 67),
(433, 68),
(433, 115),
(433, 116),
(433, 221),
(433, 246),
(433, 247),
(433, 248),
(433, 266),
(434, 1),
(434, 3),
(434, 204),
(434, 205),
(434, 206),
(434, 207),
(434, 312),
(435, 6),
(435, 7),
(435, 8),
(435, 35),
(435, 40),
(435, 54),
(435, 55),
(435, 98),
(435, 132),
(435, 133),
(435, 134),
(435, 164),
(435, 174),
(435, 175),
(435, 231),
(435, 232),
(435, 264),
(435, 265),
(435, 266),
(435, 312),
(435, 314),
(436, 147),
(436, 148),
(436, 149),
(436, 176),
(436, 294),
(436, 296),
(437, 30),
(437, 31),
(437, 32),
(437, 46),
(437, 47),
(437, 186),
(437, 209),
(437, 229),
(437, 231),
(437, 232),
(437, 253),
(437, 298),
(437, 299),
(437, 309),
(437, 310),
(437, 311),
(438, 72),
(438, 73),
(438, 74),
(438, 75),
(438, 87),
(438, 88),
(438, 199),
(438, 200),
(438, 237),
(439, 39),
(439, 40),
(439, 66),
(439, 68),
(439, 210),
(439, 228),
(439, 229),
(439, 230),
(439, 315),
(439, 316),
(439, 317),
(440, 201),
(440, 202),
(441, 9),
(441, 54),
(441, 81),
(441, 83),
(441, 267),
(442, 97),
(442, 198),
(442, 199),
(442, 280),
(442, 281),
(443, 15),
(443, 16),
(443, 24),
(443, 26),
(443, 42),
(443, 90),
(443, 183),
(443, 184),
(443, 185),
(444, 19),
(444, 69),
(444, 70),
(444, 71),
(444, 110),
(444, 168),
(444, 170),
(444, 225),
(444, 226),
(444, 227),
(444, 279),
(444, 280),
(445, 14),
(445, 135),
(445, 136),
(445, 137),
(446, 42),
(446, 43),
(446, 188),
(446, 270),
(446, 272),
(446, 295),
(446, 304),
(447, 6),
(447, 7),
(447, 8),
(447, 80),
(447, 292),
(447, 293),
(448, 23),
(448, 39),
(448, 40),
(448, 156),
(448, 157),
(448, 158),
(448, 179),
(448, 202),
(449, 285),
(449, 286),
(449, 287),
(449, 315),
(449, 316),
(450, 102),
(450, 186),
(450, 187),
(450, 188),
(451, 225),
(451, 239),
(451, 264),
(451, 265),
(451, 266),
(452, 9),
(452, 10),
(452, 11),
(452, 24),
(452, 25),
(452, 26),
(452, 171),
(452, 172),
(452, 173),
(452, 174),
(452, 176),
(453, 108),
(453, 171),
(453, 172),
(453, 173),
(453, 256),
(453, 257),
(453, 268),
(454, 54),
(454, 55),
(454, 56),
(454, 117),
(454, 118),
(454, 119),
(455, 6),
(455, 7),
(455, 8),
(455, 42),
(455, 43),
(455, 44),
(455, 159),
(455, 160),
(455, 161),
(455, 162),
(455, 195),
(455, 196),
(455, 210),
(455, 211),
(455, 223),
(455, 224),
(455, 309),
(455, 310),
(455, 311),
(456, 150),
(456, 213),
(456, 214),
(456, 215),
(456, 222),
(456, 224),
(456, 273),
(456, 274),
(456, 275),
(456, 283),
(457, 145),
(457, 267),
(457, 288),
(457, 289),
(457, 290),
(458, 25),
(458, 123),
(458, 125),
(458, 246),
(458, 247),
(459, 9),
(459, 10),
(459, 79),
(459, 99),
(459, 100),
(459, 101),
(459, 120),
(459, 122),
(459, 190),
(459, 315),
(460, 76),
(461, 73),
(461, 74),
(461, 241),
(461, 242),
(462, 45),
(462, 115),
(462, 126),
(462, 128),
(462, 143),
(462, 307),
(462, 308),
(463, 120),
(463, 240),
(463, 241),
(463, 265),
(463, 266),
(463, 300),
(463, 301),
(463, 302),
(464, 6),
(464, 19),
(464, 20),
(464, 72),
(464, 73),
(464, 74),
(464, 175),
(464, 176),
(464, 312),
(464, 313),
(464, 314),
(465, 207),
(465, 208),
(465, 209),
(465, 268),
(465, 269),
(466, 3),
(466, 4),
(466, 5),
(466, 42),
(466, 109),
(466, 183),
(466, 184),
(466, 185),
(466, 204),
(466, 205),
(466, 206),
(466, 231),
(466, 267),
(466, 269),
(466, 271),
(467, 49),
(467, 50),
(467, 212),
(468, 180),
(468, 204),
(468, 205),
(468, 277),
(468, 306),
(468, 307),
(468, 308),
(468, 312),
(468, 313),
(468, 314),
(469, 84),
(470, 36),
(470, 37),
(470, 38),
(470, 125),
(470, 129),
(470, 170),
(470, 210),
(470, 211),
(470, 212),
(470, 277),
(470, 278),
(470, 280),
(471, 48),
(471, 49),
(471, 75),
(471, 76),
(471, 77),
(471, 90),
(471, 91),
(471, 92),
(471, 198),
(471, 199),
(471, 200),
(471, 265),
(471, 266),
(473, 113),
(473, 133),
(473, 134),
(473, 207),
(473, 208),
(473, 209),
(473, 302),
(474, 42),
(474, 44),
(474, 219),
(474, 220),
(475, 15),
(475, 306),
(475, 315),
(475, 317),
(476, 34),
(476, 78),
(476, 79),
(476, 80),
(476, 309),
(476, 315),
(476, 316),
(476, 317),
(477, 24),
(477, 25),
(477, 26),
(477, 99),
(477, 100),
(477, 101),
(477, 171),
(477, 173),
(477, 282),
(477, 283),
(477, 284),
(478, 43),
(478, 44),
(478, 204),
(478, 267),
(478, 268),
(478, 269),
(478, 282),
(478, 298),
(478, 299),
(479, 1),
(479, 2),
(479, 3),
(479, 36),
(479, 153),
(479, 154),
(479, 155),
(480, 69),
(480, 102),
(480, 103),
(480, 104),
(480, 159),
(480, 160),
(480, 210),
(480, 211),
(480, 212),
(480, 225),
(480, 226),
(480, 227),
(480, 233),
(480, 265),
(480, 266),
(480, 270),
(480, 271),
(480, 272),
(481, 163),
(482, 105),
(482, 106),
(482, 107),
(483, 63),
(483, 64),
(483, 65),
(483, 153),
(483, 155),
(483, 182),
(483, 255),
(483, 256),
(483, 257),
(484, 18),
(484, 20),
(484, 64),
(484, 65),
(484, 154),
(484, 174),
(484, 176),
(484, 225),
(484, 226),
(484, 296),
(485, 157),
(486, 50),
(486, 97),
(486, 123),
(486, 270),
(486, 271),
(486, 272),
(486, 304),
(488, 24),
(488, 25),
(488, 26),
(488, 76),
(488, 82),
(488, 145),
(488, 146),
(488, 182),
(488, 280),
(489, 52),
(489, 53),
(489, 151),
(489, 164),
(489, 202),
(489, 203),
(489, 207),
(489, 209),
(489, 219),
(489, 220),
(489, 221),
(489, 235),
(491, 24),
(491, 25),
(491, 36),
(491, 37),
(491, 38),
(491, 136),
(491, 137),
(491, 252),
(491, 253),
(491, 254),
(491, 300),
(492, 127),
(492, 231),
(492, 232),
(492, 233),
(492, 270),
(492, 272),
(493, 12),
(493, 13),
(493, 14),
(494, 258),
(495, 3),
(495, 4),
(495, 5),
(495, 57),
(495, 58),
(495, 59),
(495, 150),
(495, 151),
(496, 44),
(496, 165),
(496, 166),
(496, 167),
(497, 7),
(497, 37),
(497, 38),
(497, 69),
(497, 92),
(497, 99),
(497, 100),
(497, 157),
(497, 173),
(497, 190),
(498, 86),
(498, 120),
(498, 121),
(498, 122),
(498, 129),
(498, 130),
(498, 131),
(498, 182),
(498, 220),
(498, 221),
(498, 282),
(498, 283),
(498, 284),
(498, 311),
(499, 21),
(499, 22),
(499, 67),
(499, 72),
(499, 73),
(499, 74),
(499, 151),
(499, 166),
(499, 167),
(499, 222),
(499, 223),
(499, 297),
(499, 298),
(499, 299),
(500, 63),
(500, 64),
(500, 65),
(500, 110),
(500, 151),
(500, 152),
(500, 307);

-- --------------------------------------------------------

--
-- Table structure for table `mon_hoc`
--

CREATE TABLE `mon_hoc` (
  `ma_mon_hoc` int(20) NOT NULL,
  `ten` varchar(64) NOT NULL,
  `mota` varchar(512) DEFAULT NULL
) ENGINE=InnoDB DEFAULT CHARSET=utf8mb4;

--
-- Dumping data for table `mon_hoc`
--

INSERT INTO `mon_hoc` (`ma_mon_hoc`, `ten`, `mota`) VALUES
(0, 'Tổng hợp nhiều môn', 'null'),
(1, 'Ngữ Văn', 'Môn Ngữ văn giúp học sinh phát triển kĩ năng sử dụng tiếng Việt, làm công cụ để học tập tất cả các môn học và hoạt động giáo dục khác trong nhà trường; đồng thời cũng là môn học quan trọng giáo dục học sinh những giá trị cao đẹp về văn hóa, văn học và ngôn ngữ dân tộc; phát triển ở học sinh những cảm xúc lành mạnh, tình cảm nhân văn, lối sống nhân ái, vị tha,..'),
(2, 'Toán học', 'Môn Toán học giúp hình thành và phát triển các phẩm chất chủ yếu, năng lực chung và năng lực toán học cho học sinh; phát triển kiến thức, kĩ năng then chốt và tạo cơ hội để học sinh được trải nghiệm, vận dụng toán học vào thực tiễn.'),
(3, 'Tiếng Anh', 'Môn Tiếng Anh cung cấp cho học sinh một công cụ giao tiếp quốc tế quan trọng, giúp học sinh trao đổi thông tin, tri thức khoa học và kỹ thuật tiên tiến, tìm hiểu các nền văn hoá, qua đó góp phần tạo dựng sự hiểu biết giữa các dân tộc, hình thành ý thức công dân toàn cầu, góp phần vào việc phát triển phẩm chất và năng lực cá nhân.'),
(4, 'Tin học', 'Môn Tin học giúp học sinh thích ứng và hoà nhập được với xã hội hiện đại, hình thành và phát triển cho học sinh năng lực tin học để học tập, làm việc và nâng cao chất lượng cuộc sống, đóng góp vào sự nghiệp xây dựng và bảo vệ Tổ quốc.'),
(5, 'Vật lý', 'Môn Vật lý giúp học sinh tiếp tục phát triển các phẩm chất, năng lực đã được định hình trong giai đoạn giáo dục cơ bản, tạo điều kiện để học sinh bước đầu nhận biết đúng năng lực, sở trường của bản thân, có thái độ tích cực đối với môn học.'),
(6, 'Hóa Học', 'Môn Hoá học giúp học sinh có được những tri thức cốt lõi về hoá học và ứng dụng những tri thức này vào cuộc sống, đồng thời có mối quan hệ với nhiều lĩnh vực giáo dục khác.'),
(7, 'Sinh Học', 'Môn Sinh học giúp học sinh tìm hiểu sâu hơn các tri thức sinh học cốt lõi, các phương pháp nghiên cứu và ứng dụng sinh học, các nguyên lí và quy trình công nghệ sinh học thông qua các chủ đề: sinh học tế bào; sinh học phân tử; sinh học vi sinh vật; sinh lí thực vật; sinh lí động vật; di truyền học; tiến hoá và sinh thái học.'),
(8, 'Lịch sử', 'Môn Lịch sử có sứ mệnh giúp học sinh hình thành và phát triển năng lực lịch sử, thành phần của năng lực khoa học đồng thời góp phần hình thành, phát triển những phẩm chất chủ yếu và năng lực chung được xác định trong Chương trình tổng thể.');

-- --------------------------------------------------------

--
-- Table structure for table `nguoi_dung`
--

CREATE TABLE `nguoi_dung` (
  `id` int(11) NOT NULL,
  `ho` varchar(10) DEFAULT NULL,
  `ten_lot` varchar(20) DEFAULT NULL,
  `ten` varchar(10) DEFAULT NULL,
  `ten_dang_nhap` varchar(20) NOT NULL,
  `mat_khau` varchar(255) NOT NULL,
  `ngay_sinh` date DEFAULT NULL,
  `gioi_tinh` binary(1) DEFAULT '0',
  `xa_phuong` varchar(20) DEFAULT NULL,
  `quan_huyen` varchar(20) DEFAULT NULL,
  `tinh_tp` varchar(20) DEFAULT NULL,
  `email` varchar(255) DEFAULT NULL,
  `loai` int(11) DEFAULT NULL
) ENGINE=InnoDB DEFAULT CHARSET=utf8mb4;

--
-- Dumping data for table `nguoi_dung`
--

INSERT INTO `nguoi_dung` (`id`, `ho`, `ten_lot`, `ten`, `ten_dang_nhap`, `mat_khau`, `ngay_sinh`, `gioi_tinh`, `xa_phuong`, `quan_huyen`, `tinh_tp`, `email`, `loai`) VALUES
(1, 'Huỳnh', 'Đức', 'Nam', '4dxfe', 'a9rn9revkw', '2004-01-15', 0x30, 'Phường 8	', 'Bình Liêu	', 'Cao Bằng', 'g5l9kupk@gmail.com', 0),
(2, 'Dương', 'Đức', 'Đông', '3g8xh', 'nf8t3hw3lf', '2003-07-10', 0x30, 'Phường 7', 'Bàu Bàng	', 'Phú Yên', 'yyrw335a@gmail.com', 0),
(3, 'Hoàng', 'Hạnh', 'Nguyên', 'atv91', '4pkrn4cara', '2004-12-16', 0x30, 'An Thạnh	', 'An Phú	', 'Hà Nam', '2jtdpfdj@gmail.com', 0),
(4, 'Bùi', 'Cẩm', 'Ðình', 'j1f99', 'mxcs2tkx5v', '2004-07-18', 0x30, 'Quang Trung', 'A Lưới	', 'Hà Tĩnh', 'snnq98hq@gmail.com', 0),
(5, 'Đỗ', 'Xuân', 'Phong', 'wl58k', 'rw0a12x60c', '2005-07-03', 0x31, 'Tân Hòa	', 'Bù Đăng	', 'Bến Tre', 'ngec8y4w@gmail.com', 0),
(6, 'Lý', 'Châu', 'Định', 't9rpn', 'rtgyxxgw0r', '2004-10-10', 0x31, 'Nhơn Bình	', 'Bắc Tân Uyên	', 'Yên Bái', '4knp1sdg@gmail.com', 0),
(7, 'Hoàng', 'Hạnh', 'Ngọc', 'c1unw', '77l58j4add', '2002-03-13', 0x30, 'Phường 6	', 'An Dương	', 'Sơn La', 'bujnelbl@gmail.com', 0),
(8, 'Lý', 'Xuân', 'Sỹ', '208ad', 'eluk0b49r2', '2002-06-14', 0x30, 'Phú Khương	', 'Bàu Bàng	', 'Hưng Yên', 'fx7w0vwb@gmail.com', 0),
(9, 'Nguyễn', 'Thu', 'Vinh', '7sf45', 'l48rnj8mll', '2006-02-16', 0x30, 'Hải Cảng	', 'Bình Chánh	', 'Ninh Bình', 'v7nvbny0@gmail.com', 0),
(10, 'Huỳnh', 'Cẩm', 'Tuấn', 'ms7ak', 'r2mvwcjj5y', '2004-10-30', 0x30, 'Thị Nại', 'Bù Đăng	', 'Cà Mau	', '78hejnu0@gmail.com', 0),
(11, 'Nguyễn', 'Thu', 'Cường', '4q16n', 'mj3c33l76c', '2007-03-14', 0x30, 'Tân Xuân	', 'An Khê	', 'Hà Giang', '6a2nj0ud@gmail.com', 0),
(12, 'Võ', 'Hoàng', 'Quân', '0arws', '4f6r3h3xt0', '2001-02-15', 0x31, 'Tân Hòa	', 'Ba Chẽ	', 'Vĩnh Phúc', '8y26rdll@gmail.com', 0),
(13, 'Võ', 'Xuân', 'Bảo', 'nlxw8', 'qy3sfynh8t', '2008-11-07', 0x30, 'Hồng Hà	', 'Bến Lức		', 'Hà Nam', '01nadep0@gmail.com', 0),
(14, 'Hồ', 'Văn', 'Lộc', 'ecvyh', 'dam095fs0x', '2008-12-11', 0x31, 'Lê Hồng Phong	', 'Bình Gia		', 'Hưng Yên', '03u6d0f7@gmail.com', 0),
(15, 'Lê', 'Đức', 'Việt', 'n0fne', 'j2k478wgfg', '2009-05-21', 0x31, 'Phường 7', 'An Khê	', 'Bình Dương', 'bejf6ym9@gmail.com', 0),
(16, 'Đặng', 'Hồng', 'Nguyên', '5t5g3', '30dr5waqec', '2005-03-30', 0x31, 'Trần Phú', 'Bảo Lạc	', 'Tuyên Quang', 'y2n6aka6@gmail.com', 0),
(17, 'Phan', 'Hoàng', 'Nghĩa', 'v1e0r', 'x0c4nvf316', '2008-07-05', 0x30, 'Dĩ An	', 'A Lưới	', 'Tây Ninh', 'a6un9unu@gmail.com', 0),
(18, 'Hồ', 'Cẩm', 'Anh', '0tkrs', 'wdt9j98why', '2005-03-28', 0x31, 'Tân Thành	', 'Ba Tri	', 'Quảng Trị', 'd2ekr1th@gmail.com', 0),
(19, 'Phan', 'Đức', 'Minh', 'ad41a', 'y597grdeu7', '2004-05-07', 0x31, 'Hồng Hà	', 'A Lưới	', 'Bạc Liêu', '8s05jkw0@gmail.com', 0),
(20, 'Nguyễn', 'Châu', 'Nhật', '7v5q3', '8x4bjhp6tw', '2007-07-09', 0x30, 'Thắng Lợi	', 'Bình Chánh	', 'Hưng Yên', 'krsjeaqp@gmail.com', 0),
(21, 'Ngô', 'Hồng', 'Hồng', '6yfj4', '74nvwqpfa0', '2006-04-15', 0x31, 'Phường 5	', 'Bắc Kạn	', 'Bắc Kạn', '5tnvc4ps@gmail.com', 0),
(22, 'Vũ', 'Thu', 'Thái', '75t1w', '2xmyqf6nlu', '2001-05-02', 0x31, 'Lái Thiêu	', 'An Khê	', 'Hà Tĩnh', 'lxjbyjj1@gmail.com', 0),
(23, 'Trần', 'Hạnh', 'Anh', 'ljkt6', '73a0a4yxkr', '2009-03-21', 0x30, 'Sông Hiến	', 'A Lưới	', 'Lạng Sơn', '4hy3rkl5@gmail.com', 0),
(24, 'Đặng', 'Hoàng', 'Hữu', '3ghmm', 'jkyx2u7u02', '2008-07-31', 0x31, 'An Hội	', 'Bình Liêu	', 'Bắc Kạn', '52f0dqbp@gmail.com', 0),
(25, 'Đặng', 'Thị', 'Hải', 'sxfg7', 'y1mw7sewbl', '2001-10-11', 0x30, 'Tiến Thành	', 'Bát Xát	', 'Sóc Trăng', 'kv41esyr@gmail.com', 0),
(26, 'Hồ', 'Đại', 'Phi', 'n6fvv', 'ab38ymg984', '2002-03-29', 0x31, 'Tân Xuyên	', 'Bắc Mê	', 'Bến Tre', '5wt155v7@gmail.com', 0),
(27, 'Đỗ', 'Thu', 'Phước', '6hakd', '8rm3rpgrln', '2005-10-28', 0x31, 'Tân Thiện	', 'Ba Đồn	', 'Đồng Tháp', '1c2yl6k6@gmail.com', 0),
(28, 'Ngô', 'Hạnh', 'Tiểu', 'dbt6m', '6l2qrgwvu4', '2006-01-17', 0x31, 'Sông Bằng	', 'Ba Tri	', 'Tuyên Quang', 'kgv9lpsd@gmail.com', 0),
(29, 'Hoàng', 'Thu', 'Ngọc', 'fhthj', '97fvl7k8b7', '2005-12-06', 0x31, 'Vĩnh Phú	', 'Bảo Lạc	', 'Bình Phước', 'gpvythek@gmail.com', 0),
(30, 'Phan', 'Thị', 'Khang', '8n1vl', 'hlk9bx99ue', '2009-12-22', 0x31, 'Tân Giang	', 'Ba Tri	', 'Kon Tum', 'c9q1ywm4@gmail.com', 0),
(31, 'Đỗ', 'Cẩm', 'Việt', '8c9jy', '4432ylytmk', '2007-06-15', 0x30, 'Lái Thiêu	', 'Bảo Lạc	', 'Hà Nam', 'ar0rel16@gmail.com', 0),
(32, 'Đặng', 'Hồng', 'Sơn', 'hujqu', 'sgqyuq83g0', '2005-07-25', 0x30, 'Lý Thường Kiệt	', 'Bác Ái			', 'Tiền Giang', 'pt13ybp2@gmail.com', 0),
(33, 'Phan', 'Hồng', 'Nhật', 'cnbwb', 'dsq7aqqqd5', '2006-10-20', 0x31, 'Nguyễn Phúc	', 'Ba Tri	', 'Phú Thọ', '49d9f3ws@gmail.com', 0),
(34, 'Vũ', 'Xuân', 'Sơn', '8d47x', 'ymeptf4002', '2007-10-28', 0x30, 'Hưng Định	', 'Cà Mau', 'Kon Tum', '5gw3bjkq@gmail.com', 0),
(35, 'Phạm', 'Văn', 'Anh', 'lfjk9', 'e8d30lwfh4', '2003-10-04', 0x30, 'Phú Thọ', 'Cà Mau', 'Thanh Hóa', 'pn7v25dd@gmail.com', 0),
(36, 'Phạm', 'Châu', 'Vũ', '1838k', '1n3sptq0h4', '2003-01-31', 0x31, 'Chánh Nghĩa', 'Bến Cầu		', 'Tuyên Quang', 'ggk10jwv@gmail.com', 0),
(37, 'Hồ', 'Châu', 'Phi', 'qwwxq', '6ag3lbg89m', '2008-11-09', 0x30, 'Lái Thiêu	', 'Bình Tân	 ', 'Lai Châu', 'm269p5yl@gmail.com', 0),
(38, 'Đỗ', 'Cẩm', 'Anh', 'bw6gm', 'ltenl4mrnu', '2005-05-29', 0x31, 'An Phú	Thuận An	', 'Bắc Sơn		', 'Bắc Kạn', 'u1lsj1n7@gmail.com', 0),
(39, 'Hồ', 'Đại', 'Long', 'qc7q1', 'f3n7593ccu', '2007-04-21', 0x31, 'Trần Hưng', 'Bình Sơn	', 'Tiền Giang', '41uyec3v@gmail.com', 0),
(40, 'Bùi', 'Hồng', 'Trường', 'slade', 'nmfa56a06q', '2006-01-30', 0x31, 'Sông Bằng	', 'Bảo Lạc	', 'Yên Bái', 'bl3kh09a@gmail.com', 0),
(41, 'Lê', 'Thu', 'Hải', 'hfcht', 'bnk6yfurkk', '2008-11-29', 0x30, 'Hưng Long', 'Cai Lậy		', 'Hà Tĩnh', 'emhfgadx@gmail.com', 0),
(42, 'Lý', 'Xuân', 'Xuân', '9khjh', 'qqx7qe0fbh', '2009-06-17', 0x30, 'Tân Phú	', 'Bình Minh	', 'Bạc Liêu', 'cv6e2kct@gmail.com', 0),
(43, 'Phan', 'Cẩm', 'Ðình', 'j4gg7', 'cp1w320kt1', '2000-11-04', 0x31, 'Tân Lợi', 'Bình Gia		', 'Hải Phòng', '56leqv8u@gmail.com', 0),
(44, 'Võ', 'Thu', 'Tuấn', 'ue0r5', '1a1rhm04l6', '2009-04-19', 0x30, 'Sông Hiến	', 'Bắc Giang	', 'Bà Rịa – Vũng Tàu	', '4p75beuf@gmail.com', 0),
(45, 'Lý', 'Thu', 'Tùng', 'p64lf', 'twmsc94t5q', '2009-05-10', 0x31, 'Tân Giang	', 'Bắc Bình	', 'Hà Nội', 'pdnwdrcv@gmail.com', 0),
(46, 'Bùi', 'Văn', 'Ngọc', 'ujww8', 'nybwk4b0a5', '2009-04-11', 0x30, 'Phường 6	', 'Bình Tân', 'Tuyên Quang', 'j88ent3j@gmail.com', 0),
(47, 'Phan', 'Hồng', 'Tiểu', '50gdy', 'y4lqadrm7q', '2008-02-05', 0x30, 'Hồng Hà	', 'Bảo Lâm	', 'Tuyên Quang', 'mq42xxqf@gmail.com', 0),
(48, 'Nguyễn', 'Đại', 'Phong', '3qf92', '19f6qyugjc', '2002-11-24', 0x30, 'Nguyễn Phúc	', 'Bắc Bình	', 'Bắc Giang', 'na2wjse2@gmail.com', 0),
(49, 'Hoàng', 'Hồng', 'Cường', 'lh2eh', '757htv5q9k', '2000-09-03', 0x30, 'Sông Hiến	', 'Ba Tơ		', 'Trà Vinh', 'qunewe33@gmail.com', 0),
(50, 'Đặng', 'Cẩm', 'Quân', '35yfl', '05qhxv67pc', '2004-10-16', 0x30, 'Đức Long', 'Bắc Sơn		', 'Hưng Yên', 'l3dcsp6t@gmail.com', 0),
(51, 'Phan', 'Châu', 'Thành', 'ytlne', 'v8pxylxxv2', '2004-02-01', 0x30, 'Nguyễn Phúc	', 'Bạch Thông	', 'Điện Biên', 'bv76q2kx@gmail.com', 0),
(52, 'Hồ', 'Thu', 'Gia', 'sc42y', '57q71dpbv5', '2009-12-13', 0x30, 'Phường 5	', 'Bạc Liêu	', 'Hà Nội', 'x2my8b8q@gmail.com', 0),
(53, 'Dương', 'Văn', 'Thịnh', 'eg48w', 's4rrkwu4kj', '2004-11-18', 0x30, 'Phú Tân', 'An Khê	', 'Thanh Hóa', '2bdpw3ed@gmail.com', 0),
(54, 'Hoàng', 'Thị', 'Bảo', 'xdn7g', '13phj20qmg', '2000-08-05', 0x31, 'Nguyễn Văn Cừ	', 'An Phú	', 'Phú Thọ', 'nd69ffby@gmail.com', 0),
(55, 'Đỗ', 'Cẩm', 'Trọng', '03ttw', 'wv0bd3dxjw', '2009-02-05', 0x30, 'Phú Tân	', 'Bắc Quang	', 'Bình Định', 'u0vpxtlv@gmail.com', 0),
(56, 'Phan', 'Đức', 'Quân', 'x1wag', '2qkw2ugf49', '2008-06-09', 0x30, 'Tân Phú	', 'Bù Đăng	', 'Quảng Nam', '5whxh86q@gmail.com', 0),
(57, 'Ngô', 'Đức', 'Bảo', '1hsfs', 'kf06jrrc7q', '2002-03-09', 0x31, 'Tương Bình Hiệp	', 'Bình Thủy	', 'Long An', 'gf9b2l2f@gmail.com', 0),
(58, 'Ngô', 'Hạnh', 'Khải', '5p64l', '02chen3xhy', '2007-08-28', 0x31, 'Hợp Gia', 'A Lưới	', 'Cần Thơ	', '6e2xg966@gmail.com', 0),
(59, 'Hoàng', 'Đại', 'Vinh', 'u7yhw', 'j1nfxld7nm', '2008-12-17', 0x31, 'Hồng Hà	', 'Bắc Trà My	', 'Ninh Bình', 'qlumja61@gmail.com', 0),
(60, 'Phạm', 'Đình', 'Kiên', '3kb4a', '10rrdp10hf', '2009-07-31', 0x30, 'Tân An	', 'Buôn Đôn	', 'Ninh Thuận', '4r0k9taw@gmail.com', 0),
(61, 'Nguyễn', 'Châu', 'Gia', 'rn0xm', '8p1a8dmum4', '2001-09-29', 0x30, 'Phường 4	', 'Bá Thước	', 'Phú Thọ', 'u3sg9gph@gmail.com', 0),
(62, 'Hồ', 'Thu', 'Nhật', 'wtqat', 'nau86f763f', '2003-01-04', 0x31, 'Tân Tiến	', 'Bác Ái			', 'Bình Phước', 'm1s4aa8g@gmail.com', 0),
(63, 'Bùi', 'Hồng', 'Minh', '3rfxc', 'x6lqdxvsem', '2000-08-07', 0x30, 'Lái Thiêu	', 'Bến Lức		', 'Đồng Tháp', 'ewm2bj2a@gmail.com', 0),
(64, 'Bùi', 'Văn', 'Đạt', '3aej1', 'hnh49e0j5u', '2000-02-25', 0x31, 'Tân Thành	', 'Cai Lậy', 'Lào Cai', 'ksacjwy9@gmail.com', 0),
(65, 'Vũ', 'Cẩm', 'Anh', 'pu9s7', 'rrmaqa7j5w', '2001-03-12', 0x31, 'Hòa Phú	', 'Bến Lức		', 'Tuyên Quang', 'ln2qlgtn@gmail.com', 0),
(66, 'Lê', 'Hoàng', 'Xuân', '8sm1q', '9fmqh6ae6b', '2009-08-13', 0x30, 'Hiệp An', 'Bắc Yên		', 'Đà Nẵng', '8dcqfw08@gmail.com', 0),
(67, 'Vũ', 'Hoàng', 'Tùng', '16cku', 'fs8kcu6lr8', '2005-12-08', 0x31, 'Thành Công	', 'Bắc Bình	', 'Ninh Thuận', '3lh38km4@gmail.com', 0),
(68, 'Lê', 'Hoàng', 'Quốc', 'xjwfd', 'e4bpn5cbb4', '2000-11-04', 0x31, 'Hiệp An', 'Bảo Lâm	', 'Hòa Bình', '6y691g07@gmail.com', 0),
(69, 'Nguyễn', 'Đại', 'Hiếu', 'p4rq5', '7xmgeyuccc', '2009-04-07', 0x31, 'Nhơn Phú	', 'Bình Thủy	', 'Điện Biên', '435uawl1@gmail.com', 0),
(70, 'Vũ', 'Đình', 'Viết', '9ssj8', 'e189gdpmhk', '2006-09-21', 0x31, 'Hưng Định	', 'Ba Đình	', 'Hải Dương', '4pl6vys0@gmail.com', 0),
(71, 'Huỳnh', 'Đình', 'Thành', 's739c', 'g9ydpls02b', '2008-04-27', 0x30, 'Chánh Mỹ', 'Bình Gia		', 'Vĩnh Phúc', 'vgvjxlu6@gmail.com', 0),
(72, 'Vũ', 'Hồng', 'Kim', '82j8b', 'emf6p7adbt', '2008-12-05', 0x30, 'Phú Cường', 'An Dương	', 'Bắc Ninh', 'xsrdscnb@gmail.com', 0),
(73, 'Hồ', 'Văn', 'Phong', 'su6u0', 'lgvkpg1qx6', '2000-05-03', 0x30, 'Khánh Xuân	', 'Bác Ái			', 'Nam Định', 'yjh8yvpa@gmail.com', 0),
(74, 'Phan', 'Đại', 'Tâm', '30x2g', 'p0u6u5pq8a', '2007-09-04', 0x31, 'Tân Đông Hiệp	', 'An Khê	', 'Đắk Lắk', 'd6106xb1@gmail.com', 0),
(75, 'Phan', 'Đức', 'Viết', 's1v94', 'sf0nx8y69u', '2005-05-26', 0x30, 'Hòa Phú	', 'Bắc Sơn		', 'Hải Dương', 'xmhue7rm@gmail.com', 0),
(76, 'Lê', 'Hạnh', 'Nam', '7qth4', 'j2pcp27bms', '2007-03-13', 0x30, 'Tân Hòa	', 'Bình Sơn	', 'Lào Cai', 'wevj4sjs@gmail.com', 0),
(77, 'Lê', 'Hạnh', 'Hoài', 'u82gc', '2segdbp1pj', '2004-07-17', 0x31, 'Tân Đồng	', 'Ba Tri	', 'Quảng Nam', 'cd0tg6l1@gmail.com', 0),
(78, 'Vũ', 'Đức', 'Đức', 'fqysx', 'pawndepuuc', '2005-07-18', 0x31, 'Phú Tân', 'Bình Long	', 'Đồng Tháp', '4a7s9uys@gmail.com', 0),
(79, 'Huỳnh', 'Văn', 'Thành', 'erq1v', 'rqstg14guc', '2004-09-27', 0x30, 'Lê Hồng Phong	', 'Bắc Sơn		', 'Đồng Tháp', 'c29l8fd0@gmail.com', 0),
(80, 'Ngô', 'Văn', 'Khang', '31dxq', '1mrlypylec', '2004-12-10', 0x30, 'Tân Thành	', 'Bà Rịa', 'Khánh Hòa', 'ytv1xhb9@gmail.com', 0),
(81, 'Ngô', 'Văn', 'Quân', '2lgv6', 'e6p49vxgpq', '2004-04-25', 0x30, 'Bình An	2011', 'Bà Rịa', 'Bắc Giang', '96pvmb19@gmail.com', 0),
(82, 'Đặng', 'Đức', 'Bảo', 'u4vpg', '4kl9yc5t6m', '2008-09-06', 0x31, 'Phú Mỹ', 'Cái Bè', 'Lạng Sơn', 's9ptvpjy@gmail.com', 0),
(83, 'Phan', 'Hồng', 'Đông', 'cp8py', 's61s664xya', '2004-08-04', 0x31, 'Ngô Mây	', 'Bắc Tân Uyên	', 'Bến Tre', '5r6tswg0@gmail.com', 0),
(84, 'Bùi', 'Đức', 'Hải', '7pjgu', 'q27xyvk653', '2004-10-01', 0x30, 'Tân Đông Hiệp	', 'Bà Rịa', 'Đồng Tháp', 'mwl15xa3@gmail.com', 0),
(85, 'Lê', 'Đức', 'Tâm', 'bt8j2', 'brcl8ffn7q', '2003-09-03', 0x30, 'Hiệp Thành', 'Bến Lức		', 'Hải Dương', '6sk6a23t@gmail.com', 0),
(86, 'Trần', 'Hạnh', 'Duy', 'l3l14', 'gwyypnj1nu', '2003-11-20', 0x30, 'Phường 5	', 'Ba Tri	', 'Bến Tre', 'sbpjdnqe@gmail.com', 0),
(87, 'Phan', 'Hoàng', 'Bảo', 'lxvxf', 'nkxbsf3dfu', '2005-06-27', 0x30, 'An Bình	Dĩ An	', 'Bạch Long Vĩ	', 'Điện Biên', 'plph78ll@gmail.com', 0),
(88, 'Lý', 'Thị', 'Anh', 'wg9bl', 'snvnrw5fut', '2000-06-20', 0x31, 'Yên Thịnh	', 'Bắc Tân Uyên	', 'Kon Tum', '38h3jb5w@gmail.com', 0),
(89, 'Bùi', 'Hồng', 'Minh', 'msn1y', 'dkcfqlet07', '2000-10-11', 0x31, 'Phú Lợi', 'Bình Long	', 'Bình Định', 'efyklgjq@gmail.com', 0),
(90, 'Bùi', 'Đình', 'Tuấn', '63daa', '4v3af1ggmj', '2003-01-09', 0x30, 'Định Hòa', 'An Dương	', 'Hà Nội', 'l2rx116v@gmail.com', 0),
(91, 'Trần', 'Thu', 'Việt', 'fjqkf', 'v1g86xpgka', '2009-10-18', 0x30, 'Tân Bình', 'Buôn Ma Thuột', 'Phú Yên', 'pas3bs84@gmail.com', 0),
(92, 'Bùi', 'Đức', 'Việt', '4vlh9', 'ngq6a1y794', '2000-11-20', 0x30, 'Yên Thịnh	', 'An Dương	', 'Hưng Yên', '2g94b4tc@gmail.com', 0),
(93, 'Phan', 'Đại', 'Hải', 'yjlah', 'cc9bs2qguy', '2007-12-20', 0x30, 'Phường 4	', 'Ba Tơ		', 'Phú Thọ', 'ls781ca8@gmail.com', 0),
(94, 'Đặng', 'Châu', 'Khải', 'js8xj', 'h8u4v150r6', '2008-02-22', 0x30, 'Nguyễn Phúc	', 'Buôn Ma Thuột', 'Ninh Bình', '03ckwgjd@gmail.com', 0),
(95, 'Đỗ', 'Đại', 'Xuân', 'c0y92', 'fc24p4psx8', '2004-02-07', 0x31, 'Dĩ An	', 'Bảo Lạc	', 'Nam Định', 'spfg0q28@gmail.com', 0),
(96, 'Đỗ', 'Đình', 'Huy', '061gg', 'wuwc00v7gr', '2001-06-27', 0x31, 'Thắng Lợi	', 'Cà Mau', 'Hải Dương', 'veksj1kv@gmail.com', 0),
(97, 'Dương', 'Hạnh', 'Hùng', '3xnns', 'kqj6rpgwcc', '2003-02-24', 0x30, 'Đông Hòa	', 'Bát Xát	', 'Khánh Hòa', 'hb1j6pm8@gmail.com', 0),
(98, 'Đặng', 'Hạnh', 'Thiên', 'tqkgv', 'nra63swe08', '2008-07-21', 0x31, 'Trần Phú', 'An Lão	', 'Cao Bằng', 'gmy2ndtd@gmail.com', 0),
(99, 'Phạm', 'Đức', 'Thịnh', '0qsdf', 'm5ga351391', '2003-04-19', 0x31, 'Tân Xuyên	', 'Bố Trạch	', 'Hải Dương', 'egvrduwp@gmail.com', 0),
(100, 'Phan', 'Văn', 'Quốc', '33s05', 'pusbntlbff', '2008-04-01', 0x30, 'Tân Xuyên	', 'Bắc Mê	', 'Đồng Tháp', 'qrfwnaka@gmail.com', 0),
(101, 'Phạm', 'Cẩm', 'Duy', 'papfy', 'll6uvgpfms', '2000-10-26', 0x31, 'Tân Lợi', 'Cà Mau', 'Đà Nẵng', '1tyq2xyk@gmail.com', 0),
(102, 'Đặng', 'Hoàng', 'Tuấn', '5eyql', 'degcky4prl', '2000-10-26', 0x30, 'Nguyễn Văn Cừ	', 'Bình Giang	', 'Tây Ninh', 'twsk4h9a@gmail.com', 0),
(103, 'Đỗ', 'Hạnh', 'Đông', '7h1rw', 'nd58f18j7v', '2009-04-23', 0x30, 'Phường 9	', 'Bàu Bàng	', 'Phú Thọ', '3rwv17vx@gmail.com', 0),
(104, 'Nguyễn', 'Văn', 'Hải', 'wlm98', '5dfwaeb3wx', '2005-02-26', 0x31, 'Tân Thành	', 'Bàu Bàng	', 'Bình Thuận', 'e8jvhd86@gmail.com', 0),
(105, 'Huỳnh', 'Đình', 'Ngọc', 'awp6n', 't8l4jvx0jh', '2000-04-13', 0x31, 'Phường 7', 'Bình Liêu	', 'Thái Nguyên', 'wh78x5ca@gmail.com', 0),
(106, 'Lý', 'Thu', 'Tường', '411v6', 'w0fhturajf', '2008-06-04', 0x30, 'Tân Đông Hiệp	', 'Bình Tân', 'Nghệ An', '5sf3jus2@gmail.com', 0),
(107, 'Ngô', 'Văn', 'Hoàng', 'h6qh5', '2yf6p9a4sa', '2000-02-23', 0x30, 'Phú Khương	', 'Bạch Thông	', 'Thái Bình', 'vfe62fp7@gmail.com', 0),
(108, 'Nguyễn', 'Xuân', 'Phước', 'bbp48', 'de0tqefmak', '2002-03-17', 0x31, 'Dĩ An	', 'Cai Lậy		', 'Thái Bình', 'emal2bhl@gmail.com', 0),
(109, 'Đặng', 'Cẩm', 'Cường', 'ph95n', 'w910ydnlfn', '2004-12-08', 0x30, 'Minh Tân	', 'Ba Đồn	', 'Hòa Bình', 'cxslpcf1@gmail.com', 0),
(110, 'Hoàng', 'Đại', 'Quân', 's96s4', 'g9kfyur2rt', '2005-07-12', 0x31, 'Phường 5	', 'Buôn Ma Thuột', 'Hà Nam', '8rw84ryd@gmail.com', 0),
(111, 'Huỳnh', 'Văn', 'Thiên', 'dt1wr', 'ur6n5weeyg', '2004-08-06', 0x31, 'Yên Ninh	', 'An Lão	', 'TP Hồ Chí Minh', 'e5k77fur@gmail.com', 0),
(112, 'Huỳnh', 'Cẩm', 'Minh', '2npae', 'lv9ex2n5e0', '2006-01-06', 0x30, 'Tân Thành	', 'Buôn Đôn	', 'Gia Lai', 'j50qmly9@gmail.com', 0),
(113, 'Ngô', 'Hồng', 'Hiển', '1ju9v', 'genhsx8qkv', '2006-05-22', 0x31, 'Thành Công	', 'Bình Đại	', 'Hòa Bình', 'tjw9p6wf@gmail.com', 0),
(114, 'Phan', 'Hoàng', 'Thanh', 'tyhm1', 'u1wnjlqus2', '2000-06-13', 0x31, 'Phú Cường', 'Ba Đình	', 'Khánh Hòa', '4q54ag7a@gmail.com', 0),
(115, 'Đỗ', 'Cẩm', 'Kiên', 'avgk5', 'bydrpj45e1', '2000-12-22', 0x31, 'Phú Tân	', 'Bến Cầu		', 'Tuyên Quang', 'rhr49jfr@gmail.com', 0),
(116, 'Dương', 'Đức', 'Hải', 'fqq64', 'vcdst39h6v', '2007-12-09', 0x30, 'Đức Long', 'Bạc Liêu	', 'Hòa Bình', 'l35ucj09@gmail.com', 0),
(117, 'Trần', 'Hoàng', 'Nguyên', 'tnvww', 'r4avudkyhy', '2005-04-17', 0x31, 'Thuận Giao	', 'Bắc Hà	', 'Lâm Đồng', 'auua077x@gmail.com', 0),
(118, 'Đỗ', 'Đình', 'Phi', 'pa6ev', '53cy5p47ak', '2009-01-04', 0x31, 'Yên Thịnh	', 'Bạch Thông	', 'Đắk Lắk', 'a4hpr894@gmail.com', 0),
(119, 'Hoàng', 'Hồng', 'Trung', 'vjf9e', 'q0154afey5', '2000-05-14', 0x30, 'Hải Cảng	', 'Bắc Từ Liêm	', 'Long An', '86fnvvu7@gmail.com', 0),
(120, 'Đặng', 'Châu', 'Đức', '0hn7h', 'h2tmwu97y0', '2004-05-05', 0x31, 'Ngô Mây	', 'Cái Bè', 'Thái Nguyên', 'ylxqg6q1@gmail.com', 0),
(121, 'Huỳnh', 'Thu', 'Xuân', 'pwab8', 'vxfgsgeccl', '2007-10-30', 0x30, 'Phú Tân	', 'Buôn Đôn	', 'Sơn La', 'qlb9vpm7@gmail.com', 0),
(122, 'Ngô', 'Hoàng', 'Khanh', '56634', 'kcvakfsk5f', '2000-10-14', 0x30, 'Phường 5	', 'Ba Bể	', 'Quảng Bình', 'wtu4bq7x@gmail.com', 0),
(123, 'Ngô', 'Hoàng', 'Thịnh', 'cw6ct', 'n5eej8sq3u', '2003-02-21', 0x31, 'Thành Nhất	', 'Bắc Mê	', 'Sơn La', 'ghhc8n5b@gmail.com', 0),
(124, 'Bùi', 'Châu', 'Khánh', '0s75f', 'hnbt3fyd51', '2005-05-28', 0x31, 'Chánh Nghĩa', 'Bình Chánh	', 'Tuyên Quang', 'wkkxx4uf@gmail.com', 0),
(125, 'Đỗ', 'Hoàng', 'Hoàng', 'rtupg', 'cya3vcrc1e', '2008-12-27', 0x31, 'Tân Thiện	', 'Bình Chánh	', 'Vĩnh Long', '2e0tnnpa@gmail.com', 0),
(126, 'Dương', 'Hồng', 'Đinh', '18kr0', 'l1sevr42y9', '2006-02-15', 0x31, 'Đức Long', 'Bắc Tân Uyên	', 'Hà Nội', 'uyqwj55k@gmail.com', 0),
(127, 'Phan', 'Văn', 'Tuân', 's5elp', 'xe1an8m9jb', '2006-09-14', 0x30, 'Khánh Xuân	', 'Ba Bể	', 'Phú Thọ', '24jy66n6@gmail.com', 0),
(128, 'Trần', 'Hạnh', 'Quốc', 'qtrcd', 'dhstjsfpst', '2003-01-07', 0x30, 'Tân Xuân	', 'Bắc Sơn		', 'Đồng Nai', '6dyywja7@gmail.com', 0),
(129, 'Đỗ', 'Đức', 'Quang', 's3n8y', 'v07fpaeytc', '2007-01-18', 0x30, 'Ghềnh Ráng	', 'Bắc Giang	', 'Sơn La', 'qthyf78a@gmail.com', 0),
(130, 'Phan', 'Văn', 'Tri', 'gevwl', 'p5td0qmtuw', '2007-10-14', 0x30, 'Phú Lợi', 'Bình Liêu	', 'Yên Bái', 'wp19kyu3@gmail.com', 0),
(131, 'Lý', 'Hồng', 'Gia', 'qrblh', 'f6ptb08s2w', '2009-07-22', 0x31, 'Đức Nghĩa', 'Bình Long	', 'Vĩnh Phúc', 'jkknlfbc@gmail.com', 0),
(132, 'Dương', 'Thu', 'Quang', 'vkqb3', 'matq4nnnsf', '2009-06-22', 0x31, 'Phú Hòa', 'Bảo Thắng	', 'Lai Châu', 'mpxunlp8@gmail.com', 0),
(133, 'Nguyễn', 'Thu', 'Đạt', '0h1cj', '1719pj6ay4', '2009-01-03', 0x31, 'Sông Hiến	', 'An Biên		', 'Quảng Bình', '9bm2qjbf@gmail.com', 0),
(134, 'Võ', 'Cẩm', 'Lộc', 'xjjmy', '0eqjm462ul', '2007-08-01', 0x30, 'Lý Thường Kiệt	', 'Bắc Hà	', 'Đắk Nông', 'hwlmmwlu@gmail.com', 0),
(135, 'Phạm', 'Đình', 'Sơn', 'dt62p', 'gjbae87ffy', '2007-06-06', 0x31, 'Tân Đông Hiệp	', 'Bình Giang	', 'Quảng Ngãi', 'u9rw0ec4@gmail.com', 0),
(136, 'Ngô', 'Hạnh', 'Nghĩa', '1c03s', 'msq4x3t0t2', '2005-01-16', 0x30, 'Phường 9	', 'Buôn Đôn	', 'TP Hồ Chí Minh', 'qwpjn6hy@gmail.com', 0),
(137, 'Lý', 'Hoàng', 'Ðức', 'r8f03', '7p8c1s6wec', '2000-11-21', 0x30, 'Phú Thọ', 'Buôn Hồ', 'Khánh Hòa', 'r8pmh1ps@gmail.com', 0),
(138, 'Đỗ', 'Thị', 'Vĩnh', 'n7vcs', 'vx7qp5cnjn', '2002-04-26', 0x30, 'Nguyễn Phúc	', 'Bảo Yên	', 'Lai Châu', 'x3qq94ul@gmail.com', 0),
(139, 'Lý', 'Đại', 'Tuấn', '6ml0r', '7mtq441vvt', '2005-02-27', 0x31, 'Tân Giang	', 'Bắc Quang	', 'Bạc Liêu', 't54fn2h5@gmail.com', 0),
(140, 'Đặng', 'Đức', 'Lâm', 'rg5nv', 'tngatgdc1f', '2005-12-27', 0x31, 'Tân Tiến	', 'Bố Trạch	', 'Hưng Yên', 'xc5ntpek@gmail.com', 0),
(141, 'Lê', 'Thu', 'Tâm', 'k0k3j', '6312gsf2sb', '2005-03-23', 0x30, 'Nguyễn Thái ', 'Bù Gia Mập	', 'Hậu Giang', '1lsf7efc@gmail.com', 0),
(142, 'Đặng', 'Hồng', 'Hữu', 'bgdbc', 'remxhtl7sh', '2008-12-05', 0x31, 'Nhơn Bình	', 'Bạch Thông	', 'Lạng Sơn', '186duuaw@gmail.com', 0),
(143, 'Phan', 'Đình', 'Phong', 'n3hlg', 'vv66qeb7gl', '2003-07-11', 0x30, 'Đống Đa	', 'Bình Tân	 ', 'Hải Dương', 'feh2ngtm@gmail.com', 0),
(144, 'Lê', 'Cẩm', 'Minh', 'buflt', 'brq7k4ubay', '2000-06-18', 0x30, 'Hiệp Thành', 'Ba Tơ		', 'Hòa Bình', 'jw2r5h7n@gmail.com', 0),
(145, 'Huỳnh', 'Thị', 'Nghĩa', '0mhvr', 'm50vt956lm', '2005-10-06', 0x30, 'Bình Nhâm	', 'Bảo Lạc	', 'TP Hồ Chí Minh', '3759pewt@gmail.com', 0),
(146, 'Huỳnh', 'Hoàng', 'Hùng', 'qym7x', 'x9994maqnr', '2006-08-18', 0x30, 'Hải Cảng	', 'Cái Nước	', 'Lào Cai', 'gpce6d49@gmail.com', 0),
(147, 'Đỗ', 'Châu', 'Bách', 's3wg6', '10x1db3tla', '2007-06-11', 0x31, 'Ghềnh Ráng	', 'Bảo Thắng	', 'Vĩnh Phúc', 'h0gk4dhq@gmail.com', 0),
(148, 'Trần', 'Cẩm', 'Hải', 'tejhl', 'evr7qntgx0', '2004-08-10', 0x31, 'An Bình	Dĩ An	', 'Bắc Hà	', 'Hải Phòng', 'tn186eef@gmail.com', 0),
(149, 'Phạm', 'Đại', 'Vạn', 'dvwer', 'cdt4slaavx', '2009-02-18', 0x31, 'Lê Lợi	', 'Ba Tơ		', 'Bắc Kạn', 'aas8nnjp@gmail.com', 0),
(150, 'Hoàng', 'Thị', 'Hoàng', 'rswbk', 'wluhapu3cc', '2001-12-03', 0x31, 'Chánh Nghĩa', 'Cai Lậy', 'Bình Thuận', 'c07mujja@gmail.com', 0),
(151, 'Bùi', 'Cẩm', 'Hải', 'yesvw', '0tt95nblyu', '2003-01-13', 0x30, 'Tân Giang	', 'Cai Lậy		', 'Sóc Trăng', '8tkw6l1l@gmail.com', 0),
(152, 'Ngô', 'Cẩm', 'Long', '6vxqj', '9kc1t5y0kq', '2002-12-29', 0x31, 'Phú Lợi', 'Bình Gia		', 'Đắk Nông', 'hpgdpgat@gmail.com', 0),
(153, 'Nguyễn', 'Hạnh', 'Thiên', 'd5j1v', 'gwpfj1vqc6', '2000-11-01', 0x31, 'Tân Bình	', 'Buôn Đôn	', 'Cần Thơ	', 'lkwmrvml@gmail.com', 0),
(154, 'Hoàng', 'Hoàng', 'Quang', 'a6q32', 'rmkfc58ycv', '2005-09-21', 0x31, 'Định Hòa', 'Bắc Tân Uyên	', 'Bình Dương', '6x6t6qy4@gmail.com', 0),
(155, 'Lê', 'Thu', 'Kim', 'kv6qy', '9ns7ftyxeq', '2009-06-09', 0x30, 'Khánh Xuân	', 'Buôn Đôn	', 'Yên Bái', '6lj5nlwu@gmail.com', 0),
(156, 'Hồ', 'Hoàng', 'Nguyên', 'tx1n4', 'fhy92hbj39', '2004-06-02', 0x31, 'Phú Tân', 'An Lão	', 'Nam Định', 'w4bjemfd@gmail.com', 0),
(157, 'Lê', 'Hồng', 'Nhân', '5de2h', 'avsg1hl6gh', '2007-09-26', 0x30, 'Phường 2	', 'Bạch Long Vĩ	', 'Khánh Hòa', 'we050h5c@gmail.com', 0),
(158, 'Nguyễn', 'Đức', 'Ngọc', 'y9vpe', '2ecawutg8f', '2000-04-28', 0x30, 'Phường 6	', 'Bắc Giang	', 'Phú Yên', 'glbfmqfj@gmail.com', 0),
(159, 'Nguyễn', 'Văn', 'Tấn', '596yc', 'w5kuwj1cwy', '2009-01-22', 0x31, 'Tân Giang	', 'Ba Đồn	', 'Đắk Nông', 'cvcn277m@gmail.com', 0),
(160, 'Ngô', 'Thị', 'Quân', 'v0uxl', 'tmfjdb4rry', '2004-06-08', 0x31, 'Tân Giang	', 'Cà Mau', 'Lạng Sơn', 'n7cmgygk@gmail.com', 0),
(161, 'Hồ', 'Đình', 'Mạnh', 'thy25', '530cmky36t', '2008-03-25', 0x30, 'Đống Đa	', 'Bảo Yên	', 'Điện Biên', 'abpnean2@gmail.com', 0),
(162, 'Hoàng', 'Cẩm', 'Tuấn', 'qw09q', 'ef16crmuhf', '2007-12-09', 0x30, 'Tân An', 'An Minh		', 'Hà Tĩnh', '5gjy3u0f@gmail.com', 0),
(163, 'Huỳnh', 'Đại', 'Sỹ', '1q5xf', 'f4uthwqe8t', '2009-09-02', 0x31, 'Lê Hồng Phong	', 'Bắc Trà My	', 'Thừa Thiên Huế', '4nubw39j@gmail.com', 0),
(164, 'Vũ', 'Văn', 'Kham', 'rrphe', 'kwrcgyx68w', '2002-02-14', 0x30, 'Phú Tân', 'An Nhơn	', 'Điện Biên', 'j7mhc7q6@gmail.com', 0),
(165, 'Đỗ', 'Văn', 'Kiên', 'hhbc8', 'bve18qpl39', '2003-12-26', 0x31, 'Tân Bình', 'Bù Đăng	', 'Quảng Bình', 'e6twgxrg@gmail.com', 0),
(166, 'Nguyễn', 'Hạnh', 'Minh', 'vkqe3', '6063axkjf5', '2007-12-03', 0x30, 'Tân Hòa	', 'Bình Liêu	', 'Kon Tum', 'mxraxvx6@gmail.com', 0),
(167, 'Võ', 'Đại', 'Ngọc', 'sk0hj', '04gth7y3h9', '2007-05-29', 0x30, 'Hàm Tiến	', 'Ba Đình	', 'Hậu Giang', 'a3ydeuby@gmail.com', 0),
(168, 'Lý', 'Xuân', 'Khoa', 'q2v6v', 'luda16k42b', '2002-01-18', 0x30, 'Hiệp Thành', 'Bá Thước	', 'Sơn La', '3trumg7q@gmail.com', 0),
(169, 'Phạm', 'Văn', 'Hồng', 'pkn62', 'st8q8lk9e0', '2002-06-13', 0x31, 'Thị Nại', 'Bắc Từ Liêm	', 'Ninh Thuận', 'gsrhyg31@gmail.com', 0),
(170, 'Vũ', 'Châu', 'Thanh', 's5lwe', 'ab79ka1188', '2002-09-07', 0x30, 'An Hội	', 'Ba Chẽ	', 'Cao Bằng', '4ewe3m4t@gmail.com', 0),
(171, 'Huỳnh', 'Thị', 'Hoa', 'bby5g', '9gq2jvk0xa', '2006-08-17', 0x31, 'Phú Khương	', 'Bà Rịa', 'Ninh Bình', 'vrrn7hxp@gmail.com', 0),
(172, 'Đỗ', 'Đại', 'Lộc', '17cua', 'xmacaku4rv', '2005-04-01', 0x31, 'Sông Bằng	', 'Bình Lục	', 'Sơn La', '7bgw22r7@gmail.com', 0),
(173, 'Võ', 'Hạnh', 'Đạt', '3jvmj', 'w727vsbt51', '2004-01-08', 0x30, 'Sông Hiến	', 'Bắc Mê	', 'Hà Nội', 'x3j5s82n@gmail.com', 0),
(174, 'Lý', 'Xuân', 'Ðức', 'l4y89', 'lpq691r4qa', '2009-01-15', 0x31, 'An Hội	', 'Bắc Từ Liêm	', 'Tiền Giang', 'y1vkyvy8@gmail.com', 0),
(175, 'Trần', 'Hồng', 'Thiên', 'm49vk', 'dymeh4sylv', '2002-05-25', 0x30, 'Bình Nhâm	', 'Bình Tân', 'Bình Dương', '3r40g9qh@gmail.com', 0),
(176, 'Dương', 'Thị', 'Lâm', 'ba1re', '084x72ltlm', '2003-06-02', 0x30, 'Minh Tân	', 'Bắc Kạn	', 'Kon Tum', '7t2xtvmm@gmail.com', 0),
(177, 'Bùi', 'Đức', 'Minh', 'ef5ax', '1bwshu082f', '2005-09-29', 0x31, 'Hòa Chung	', 'Bến Lức		', 'TP Hồ Chí Minh', '7xjy0csr@gmail.com', 0),
(178, 'Đặng', 'Đại', 'Khánh', 'e3hts', 'ddm5jwnlc1', '2000-07-31', 0x30, 'Đồng Tâm	', 'Bắc Mê	', 'Hưng Yên', 'qddn4mer@gmail.com', 0),
(179, 'Đỗ', 'Châu', 'Thành', 'q4j5w', 't9kmg6vd4k', '2003-08-11', 0x30, 'An Bình	Dĩ An	', 'Bình Tân', 'Bắc Giang', 'qpcsbxkp@gmail.com', 0),
(180, 'Vũ', 'Hạnh', 'Nga', 'mvus4', '7xnc1d3pg8', '2004-04-13', 0x30, 'Tân Phú	', 'Ba Vì		', 'Sơn La', '7f0qtcvn@gmail.com', 0),
(181, 'Nguyễn', 'Đức', 'Điền', 'ckd6b', '18vfu8h1e4', '2002-12-16', 0x30, 'Nhơn Phú	', 'Bắc Hà	', 'Quảng Bình', '76hpe22k@gmail.com', 0),
(182, 'Huỳnh', 'Đức', 'Tuấn', 'tudbg', 'ugq8retrwc', '2002-07-28', 0x30, 'Tương Bình Hiệp	', 'Bắc Trà My	', 'Đắk Nông', 'k79b34xh@gmail.com', 0),
(183, 'Võ', 'Hạnh', 'Phương', 'hb503', 'y228er8usm', '2001-08-30', 0x30, 'An Bình	Dĩ An	', 'Bạch Long Vĩ	', 'Hậu Giang', 'b0c2f1cu@gmail.com', 0),
(184, 'Phạm', 'Châu', 'Nhân', '4mx3d', 'jp7c0f3gj5', '2001-10-31', 0x30, 'Thuận Giao	', 'Bắc Yên		', 'Ninh Thuận', '8w7qd7nq@gmail.com', 0),
(185, 'Đỗ', 'Hạnh', 'Tùng', 'e1mx2', 'bqhxlyq2sg', '2002-10-08', 0x31, 'Thắng Lợi	', 'Bình Gia		', 'Bắc Ninh', 'lk6w41qv@gmail.com', 0),
(186, 'Dương', 'Hạnh', 'Hồng', 'tln67', '9twt75w1gg', '2001-02-25', 0x31, 'Phú Tân	', 'Bắc Từ Liêm	', 'Tiền Giang', 'byc6e76d@gmail.com', 0),
(187, 'Hoàng', 'Đức', 'Hữu', 'sjavn', '566jte3wmt', '2004-02-21', 0x30, 'Phường 6	', 'An Nhơn	', 'Tây Ninh', 'd7srqtjl@gmail.com', 0),
(188, 'Hoàng', 'Xuân', 'Nam', '8lqem', 'hpjnbhpf7b', '2002-01-06', 0x30, 'Hưng Định	', 'Bắc Tân Uyên	', 'Thái Bình', 'sc870jcl@gmail.com', 0),
(189, 'Ngô', 'Cẩm', 'Hoài', 'yct48', 'kx3mfjfu2b', '2005-09-28', 0x30, 'Tân Xuyên	', 'Buôn Ma Thuột', 'Ninh Bình', 'xxuv12m5@gmail.com', 0),
(190, 'Trần', 'Văn', 'Huy', '0tmyj', 't42khb970m', '2005-02-08', 0x31, 'Ngọc Xuân	', 'An Minh		', 'Quảng Nam', 'mrfcej61@gmail.com', 0),
(191, 'Trần', 'Cẩm', 'Bảo', 'ab971', '3c9sqtwfxa', '2002-05-01', 0x31, 'Đông Hòa	', 'Bát Xát	', 'Hà Tĩnh', 'jxknydu1@gmail.com', 0),
(192, 'Trần', 'Hạnh', 'Ðức', 'l0c8j', 'vt3s37w553', '2009-05-04', 0x30, 'Hàm Tiến	', 'Ba Đồn	', 'Hải Phòng', '850e8nef@gmail.com', 0),
(193, 'Vũ', 'Văn', 'Khôi', 'xm689', '4bc4t0cu8y', '2005-01-07', 0x31, 'Yên Thịnh	', 'Bình Tân', 'Long An', 'acc0ut3j@gmail.com', 0),
(194, 'Lý', 'Hồng', 'Việt', '5n2e9', '4we6kfpsb5', '2003-06-12', 0x30, 'Hợp Gia', 'Bảo Lâm	', 'Yên Bái', 'a89q26h3@gmail.com', 0),
(195, 'Hồ', 'Châu', 'Nguyên', 'j5vg6', 'p5m2v4y52w', '2002-06-20', 0x31, 'Hợp Gia', 'Bến Cầu		', 'Bạc Liêu', 'vah1162s@gmail.com', 0),
(196, 'Nguyễn', 'Cẩm', 'Tuấn', 'slge0', 'j3y4yxcb5h', '2008-03-06', 0x31, 'Hiệp Thành', 'Cai Lậy', 'Phú Thọ', 'lur7y2u2@gmail.com', 0),
(197, 'Dương', 'Đức', 'Dũng', '4blwr', '3dj0ffek2k', '2004-04-07', 0x30, 'Nhơn Bình	', 'Bình Long	', 'Bình Thuận', 'xl5mjtxc@gmail.com', 0),
(198, 'Vũ', 'Đình', 'Tiểu', 'djmgr', 'pu5m0108mk', '2006-07-25', 0x30, 'Đức Nghĩa', 'Bát Xát	', 'Yên Bái', 'r90k46tw@gmail.com', 0),
(199, 'Lê', 'Hạnh', 'Kiên', 'kjqlc', '86297t5vg5', '2004-11-23', 0x31, 'Tân Lợi', 'Ba Tơ		', 'Quảng Nam', 'htdfy8kw@gmail.com', 0),
(200, 'Vũ', 'Văn', 'Thái', '23nnn', 'bcfdqr6ngc', '2002-10-11', 0x31, 'Tân Đồng	', 'Bình Thủy	', 'Hậu Giang', 'e03tt8ee@gmail.com', 0),
(201, 'Đỗ', 'Thu', 'Nhật', '3f61r', 'qqjh1jk5kt', '2005-05-21', 0x30, 'Phú Hòa', 'An Biên		', 'Tuyên Quang', 'v36u06be@gmail.com', 0),
(202, 'Đỗ', 'Hạnh', 'Chấn', 'y3tw6', 'h56r6fq77m', '2009-03-24', 0x30, 'Phú Lợi', 'Bắc Từ Liêm	', 'Phú Thọ', 'cpnjhblh@gmail.com', 0),
(203, 'Vũ', 'Đức', 'Vân', 'l9psv', 'nwrcgc9h6e', '2007-03-03', 0x30, 'Phú Cường', 'Cai Lậy', 'Lạng Sơn', '00v3u9ht@gmail.com', 0),
(204, 'Hoàng', 'Thị', 'Nam', '2ff75', '7b1xqge15x', '2006-09-26', 0x30, 'Hải Cảng	', 'Bắc Quang	', 'Hà Nam', 'jp4jp6as@gmail.com', 0),
(205, 'Hoàng', 'Hạnh', 'Thịnh', 'dk42e', 'rnruqan3vt', '2006-03-04', 0x31, 'Khánh Xuân	', 'Cai Lậy', 'Phú Yên', 'c0k2xltx@gmail.com', 0),
(206, 'Phạm', 'Thu', 'Thành', 'hvpfw', '6r9mk69xbk', '2007-05-10', 0x30, 'Tân Xuân	', 'An Lão	', 'Vĩnh Phúc', 'edyry8v4@gmail.com', 0),
(207, 'Bùi', 'Văn', 'Tuấn', 'luscn', 'u7lfjpkr50', '2008-07-17', 0x30, 'Yên Thịnh	', 'Bố Trạch	', 'Quảng Trị', 'uyudggqt@gmail.com', 0),
(208, 'Hoàng', 'Văn', 'Lâm', 'sss54', 'ef7nd7xws3', '2008-02-26', 0x30, 'Tân Thành	', 'Bình Tân	 ', 'Lai Châu', 'c2fnqvj4@gmail.com', 0),
(209, 'Vũ', 'Đại', 'Phong', '83qdx', '880dgwmppm', '2000-02-14', 0x30, 'Đức Nghĩa', 'Bảo Yên	', 'Hà Nam', 'n1ndsvnx@gmail.com', 0),
(210, 'Nguyễn', 'Cẩm', 'Trung', 'aqa1x', 'x5d7pkjxsw', '2006-10-07', 0x30, 'Tân Thành	', 'Bắc Hà	', 'Bắc Kạn', '0js017nh@gmail.com', 0),
(211, 'Nguyễn', 'Cẩm', 'Cường', 'wh6d2', 'dy0nnh9a6c', '2009-01-09', 0x30, 'Hồng Hà	', 'Buôn Hồ', 'Cao Bằng', 'b7r48v71@gmail.com', 0),
(212, 'Đỗ', 'Đức', 'Dũng', 'gm31u', 'scbfh943v3', '2008-03-20', 0x31, 'An Phú	Thuận An	', 'Bạch Long Vĩ	', 'Hưng Yên', 'bnfsb63c@gmail.com', 0),
(213, 'Lê', 'Châu', 'Quốc', 'k05ln', '0lx0n5w6a9', '2008-12-10', 0x31, 'Bình Chuẩn	', 'An Lão	', 'Đắk Nông', 'swwgmbtc@gmail.com', 0),
(214, 'Trần', 'Hoàng', 'Nghĩa', 'sv6s1', '4qym20tcwe', '2005-08-09', 0x30, 'Bình Chuẩn	', 'Bàu Bàng	', 'Tây Ninh', '80my6gmp@gmail.com', 0),
(215, 'Đặng', 'Hồng', 'Khải', 'sv02t', 'hgwa8awdp0', '2001-04-30', 0x31, 'Đông Hòa	', 'Bình Giang	', 'Quảng Bình', '84xh8a07@gmail.com', 0),
(216, 'Hồ', 'Văn', 'Huy', 'bcdxv', '9qthkacpn8', '2009-05-21', 0x31, 'Nhơn Bình	', 'An Phú	', 'Phú Thọ', 'uuhxydw9@gmail.com', 0),
(217, 'Ngô', 'Đình', 'Thái', '3afbm', 'mg6gfcysu2', '2004-05-29', 0x31, 'Đức Thắng', 'Bù Đăng	', 'Quảng Trị', 'c5v0hrjq@gmail.com', 0),
(218, 'Đỗ', 'Thị', 'Hiếu', 'ctn3t', 'ax0dvyt3xg', '2009-09-03', 0x31, 'Nguyễn Văn Cừ	', 'An Lão	', 'Lai Châu', 'v2p9e0p6@gmail.com', 0),
(219, 'Nguyễn', 'Đức', 'Trường', 'bet3a', 'nesn49w8rv', '2003-08-01', 0x31, 'An Hội	', 'An Khê	', 'Phú Yên', '6h6k9am1@gmail.com', 0),
(220, 'Bùi', 'Đình', 'Tùng', '8q2vw', '647yuuxvjf', '2008-05-14', 0x30, 'Hợp Gia', 'Buôn Đôn	', 'Quảng Bình', 'xvlybprn@gmail.com', 0),
(221, 'Hoàng', 'Cẩm', 'Tiến', '8ay2j', 'b7glmmvv35', '2004-04-02', 0x30, 'Phường 4	', 'Bạch Thông	', 'Tây Ninh', '6199quv0@gmail.com', 0),
(222, 'Phạm', 'Đại', 'Sỹ', '9ypbt', '1b6kpc9jr0', '2007-08-31', 0x30, 'Hồng Hà	', 'Bắc Sơn		', 'Yên Bái', 'xbw4p1v9@gmail.com', 0),
(223, 'Ngô', 'Thị', 'Sỹ', 'rnh9q', 'qdly9ywycv', '2006-01-25', 0x30, 'Tân An	', 'Bảo Lâm	', 'Ninh Bình', 'we3xd6yl@gmail.com', 0),
(224, 'Lý', 'Thị', 'Nhật', '3de25', '0l4f2a05wg', '2009-07-19', 0x31, 'Phường 6	', 'Bình Long	', 'Quảng Ngãi', '4b31utf8@gmail.com', 0),
(225, 'Lê', 'Thu', 'Hùng', '0s0rp', 'arpp9e0q7e', '2009-06-18', 0x30, 'Dĩ An	', 'Bình Thủy	', 'Kon Tum', '6tp1f7pq@gmail.com', 0),
(226, 'Lê', 'Đức', 'Ngọc', 'rpy2f', 'tctkmx0qcb', '2007-03-07', 0x30, 'Lê Hồng Phong	', 'Bạch Thông	', 'Đồng Nai', 'tch2kgaj@gmail.com', 0),
(227, 'Võ', 'Hoàng', 'An', 'l9bw6', 'w91p4hhvsw', '2001-09-17', 0x30, 'Bình Nhâm	', 'Bảo Lạc	', 'Gia Lai', 'u1myanun@gmail.com', 0),
(228, 'Trần', 'Cẩm', 'Khôi', '6qvvh', 'wj7ttd7t50', '2005-03-23', 0x30, 'Tân Xuyên	', 'Bỉm Sơn	', 'Thái Bình', 'm7gs1k4g@gmail.com', 0),
(229, 'Trần', 'Thị', 'Bửu', 'lk33r', 'm2g89ymx9k', '2008-12-21', 0x30, 'Quang Trung', 'Bác Ái			', 'Sóc Trăng', 'u3efnbcq@gmail.com', 0),
(230, 'Dương', 'Hoàng', 'Viết', 'h0lnq', 'wg6cd48u8s', '2005-07-21', 0x31, 'Nhơn Phú	', 'Bình Chánh	', 'An Giang', 'tej4fbj0@gmail.com', 0),
(231, 'Phạm', 'Đình', 'Thịnh', '4pcp0', 'hqtl22wjld', '2004-06-05', 0x31, 'Tân An', 'Bù Gia Mập	', 'Quảng Bình', 'ha91f4dr@gmail.com', 0),
(232, 'Bùi', 'Hoàng', 'Dũng', 'lhs6t', 'dc67vd2qev', '2001-07-23', 0x31, 'Tân Xuân	', 'Bến Cầu		', 'Hà Giang', 'qcl0qj72@gmail.com', 0),
(233, 'Ngô', 'Văn', 'Ngọc', 'ln32j', 'utmtk42xq2', '2008-12-21', 0x30, 'Khánh Xuân	', 'Buôn Ma Thuột', 'Tuyên Quang', 'nk95wnew@gmail.com', 0),
(234, 'Hoàng', 'Hồng', 'Hữu', 'bjgmu', '4psms4yk36', '2004-09-02', 0x31, 'Nguyễn Phúc	', 'Bạch Thông	', 'Tiền Giang', 'tmgr2h8f@gmail.com', 0),
(235, 'Đặng', 'Thu', 'Xương', 'q9p4q', 'qshhk0m5c5', '2005-12-13', 0x30, 'Phú Thọ', 'Cai Lậy		', 'Điện Biên', 'cdncebw9@gmail.com', 0),
(236, 'Dương', 'Thu', 'Bảo', '02sgq', 'tc4l6f3d3l', '2004-06-21', 0x30, 'Chánh Nghĩa', 'An Khê	', 'Hà Giang', 'e1sew41s@gmail.com', 0),
(237, 'Trần', 'Châu', 'Bảo', 'daw47', 'selnb0r44e', '2005-09-04', 0x30, 'Trần Quang', 'Bình Long	', 'Đà Nẵng', 'npyuq0uf@gmail.com', 0),
(238, 'Võ', 'Châu', 'Ngọc', 'uwcf1', 'jj024tu5j1', '2002-05-03', 0x31, 'Thuận Giao	', 'Bình Chánh	', 'Tuyên Quang', 'al79gr84@gmail.com', 0),
(239, 'Phạm', 'Đại', 'Hoàng', 'lek2u', 'cfuu17jc2b', '2003-06-03', 0x30, 'Lái Thiêu	', 'Bắc Kạn	', 'Thanh Hóa', '0mcyh5c3@gmail.com', 0),
(240, 'Bùi', 'Hồng', 'Cường', '79pp7', '035vd7gnay', '2002-04-25', 0x31, 'An Bình	Dĩ An	', 'Bàu Bàng	', 'Long An', 'wcpavx1p@gmail.com', 0),
(241, 'Dương', 'Thu', 'Hùng', 'h51u3', 'rjeccdnm2l', '2002-05-09', 0x30, 'Tân Đồng	', 'Bình Thủy	', 'Quảng Nam', 'xsdl9csx@gmail.com', 0),
(242, 'Phan', 'Hạnh', 'Phong', 'ur1tb', 'hhjh1v43ed', '2008-11-06', 0x31, 'Định Hòa', 'Bắc Bình	', 'Bình Định', 'gdqbdvtj@gmail.com', 0),
(243, 'Phan', 'Châu', 'Việt', 'pmbuv', 'hp8kj80tfj', '2000-04-30', 0x30, 'Ngô Mây	', 'An Nhơn	', 'Gia Lai', 'gqu4m5t5@gmail.com', 0),
(244, 'Đặng', 'Hạnh', 'Thành', 'u0klm', 'e9ukwyfem5', '2002-04-24', 0x30, 'An Thạnh	', 'An Khê	', 'Hải Phòng', 'w5ab1r4m@gmail.com', 0),
(245, 'Vũ', 'Cẩm', 'Khánh', 'mqa01', 'hryjpguk8t', '2008-10-30', 0x31, 'Hòa Chung	', 'Bạc Liêu	', 'Phú Thọ', '1t2h92tf@gmail.com', 0),
(246, 'Dương', 'Hạnh', 'Lâm', 'xnwk5', '1c1h14p8sr', '2007-11-22', 0x31, 'Dĩ An	', 'Bắc Từ Liêm	', 'Cao Bằng', '0ar4aqrt@gmail.com', 0),
(247, 'Võ', 'Cẩm', 'Bình', 'c6bnb', '979xb4hjvu', '2005-07-22', 0x31, 'Phú Hòa', 'Ba Tri	', 'Hòa Bình', '3a6w134r@gmail.com', 0),
(248, 'Đỗ', 'Hồng', 'Kiên', 'ruc4s', 'lpqwkfj5ss', '2006-08-12', 0x30, 'Sông Bằng	', 'Bảo Yên	', 'Lâm Đồng', 'bsr3b05r@gmail.com', 0),
(249, 'Dương', 'Thu', 'Chấn', 'fks7c', 'p0b1kcy1me', '2003-08-14', 0x31, 'Hòa Chung	', 'Cai Lậy		', 'Tiền Giang', 'gkgbggmp@gmail.com', 0),
(250, 'Lý', 'Hoàng', 'Cường', 'aydc8', 'xfem3m07fr', '2004-03-16', 0x31, 'Tân Thiện	', 'Bình Chánh	', 'Long An', 'cvhu5wsu@gmail.com', 0),
(251, 'Võ', 'Đình', 'Hồng', '9whdj', 'tduq25wdum', '2008-05-31', 0x30, 'Đống Đa	', 'An Dương	', 'Đồng Tháp', 'jnh8726k@gmail.com', 0),
(252, 'Bùi', 'Xuân', 'Hoàng', '4wutd', 'r2ehrj9me9', '2004-06-21', 0x30, 'Phú Hòa', 'Cà Mau', 'Hải Phòng', 'hqqygqr8@gmail.com', 0),
(253, 'Dương', 'Đình', 'Phúc', 'e5tpc', '9hckrrt0hq', '2007-03-25', 0x30, 'Bình Hòa	', 'Bát Xát	', 'Bắc Ninh', 'kk2alpm5@gmail.com', 0),
(254, 'Ngô', 'Thu', 'Đức', 'rfq2b', 'tg2dqj0fg4', '2003-12-14', 0x30, 'Lê Hồng Phong	', 'Bạc Liêu	', 'Nam Định', '5k7avmkl@gmail.com', 0),
(255, 'Lý', 'Thu', 'Khoa', 'j1rk4', 'wkr9mvl2jx', '2009-03-20', 0x30, 'Nguyễn Văn Cừ	', 'An Nhơn	', 'Quảng Ngãi', 'lxyla3er@gmail.com', 0),
(256, 'Lê', 'Hồng', 'Bình', 'r6x9q', 'm7j8b80t0v', '2006-07-11', 0x31, 'Yên Thịnh	', 'Bắc Hà	', 'Hà Giang', 'rhrfeu9d@gmail.com', 0),
(257, 'Ngô', 'Hồng', 'Bảo', '6ceul', 'wtptus1jv0', '2002-02-07', 0x31, 'Hưng Long', 'Bình Thủy	', 'Phú Yên', 'ftkmn5vv@gmail.com', 0),
(258, 'Nguyễn', 'Đình', 'Ngọc', 'ud5c7', 'n9agye8p6e', '2008-07-10', 0x31, 'Lê Lợi	', 'Ba Đồn	', 'Bắc Kạn', 'cwnrpjfs@gmail.com', 0),
(259, 'Nguyễn', 'Cẩm', 'Tùng', 'hqg9m', 'vwdgaq8l3u', '2004-12-31', 0x31, 'Duyệt Trung	', 'Bắc Mê	', 'Hải Dương', '1bbjum0a@gmail.com', 0),
(260, 'Dương', 'Thị', 'Vũ', '00gug', 'qyyu6f6mn8', '2006-01-29', 0x30, 'Đồng Tâm	', 'Bù Gia Mập	', 'Hà Nội', 'nhly0hk9@gmail.com', 0),
(261, 'Vũ', 'Thu', 'Hùng', 'rq1w2', 'ekt29hltrl', '2003-12-28', 0x30, 'Phường 6	', 'Buôn Đôn	', 'Vĩnh Phúc', 's5yuqd4b@gmail.com', 0),
(262, 'Phạm', 'Đức', 'Bảo', 'c5fxg', 'p0b7sbb0b6', '2005-04-22', 0x30, 'Nhơn Phú	', 'Bắc Kạn	', 'Hà Nam', 'rdhm83e8@gmail.com', 0),
(263, 'Hồ', 'Thị', 'Thiên', 'jucg7', '0hc466qgjk', '2008-06-03', 0x31, 'Trần Quang', 'Bà Rịa', 'Tiền Giang', '70lsafwb@gmail.com', 0),
(264, 'Lý', 'Thị', 'Thành', 'um6rw', '3hbal74bja', '2000-03-30', 0x31, 'Minh Tân	', 'An Nhơn	', 'An Giang', 'uvlcs4gs@gmail.com', 0),
(265, 'Dương', 'Thu', 'Thế', '7k640', 'uh1nte9ax4', '2000-02-02', 0x31, 'Phú Thọ', 'Bắc Yên		', 'Bà Rịa – Vũng Tàu	', '9qkqk9u3@gmail.com', 0),
(266, 'Phạm', 'Hạnh', 'Quang', '49j7h', '8bd55ks1tg', '2009-09-12', 0x30, 'Tân Đông Hiệp	', 'Bạc Liêu	', 'Lạng Sơn', 'ftk6yvur@gmail.com', 0),
(267, 'Vũ', 'Châu', 'Sơn', 'l1s4s', 'he62vqmu1f', '2003-04-03', 0x30, 'Trần Phú', 'Bạch Thông	', 'Tuyên Quang', 'q6h0pb9n@gmail.com', 0),
(268, 'Đỗ', 'Cẩm', 'Anh', 'crren', 'q0n53hb5rt', '2002-07-26', 0x31, 'Phú Lợi', 'Bình Thủy	', 'Phú Yên', 'jey72bs9@gmail.com', 0),
(269, 'Lý', 'Hoàng', 'An', 'pq27j', 'h62njc6ldf', '2009-01-26', 0x30, 'Phường 7', 'Bình Giang	', 'Đồng Nai', 'b9jb004k@gmail.com', 0),
(270, 'Huỳnh', 'Châu', 'Nhật', 'tv171', 'xg5t8ub162', '2005-12-21', 0x31, 'Nhơn Phú	', 'Bảo Lạc	', 'Nghệ An', 'jjjxt0j9@gmail.com', 0),
(271, 'Hoàng', 'Thu', 'Khải', 'e4tgd', 'nn2ayeg18k', '2003-04-26', 0x31, 'Tân Thành	', 'Bù Đăng	', 'Thái Bình', '2v96qdvt@gmail.com', 0),
(272, 'Dương', 'Thị', 'Trung', 'dpekb', 'bwg2rhnx4r', '2001-12-03', 0x30, 'Tân Thành	', 'An Phú	', 'Bà Rịa – Vũng Tàu	', 'cxqk2t8u@gmail.com', 0),
(273, 'Phạm', 'Hạnh', 'Thái', 'rtbkp', 'elgqrje7xp', '2008-10-08', 0x30, 'Trần Quang', 'Cà Mau', 'Phú Thọ', 'mndbdnt0@gmail.com', 0),
(274, 'Võ', 'Cẩm', 'Nhật', '4g0qs', '5y2fvxn718', '2005-04-13', 0x31, 'Lê Hồng Phong	', 'An Dương	', 'Ninh Bình', 'm8m0fds1@gmail.com', 0),
(275, 'Vũ', 'Thu', 'Nguyên', 'f2n77', '9rwdpdmn0j', '2006-07-17', 0x31, 'Đồng Tâm	', 'Bình Tân', 'Đắk Lắk', '6r1fksrr@gmail.com', 0),
(276, 'Đặng', 'Cẩm', 'Trung', 'jpqvg', '5ctq6b5dwy', '2003-06-12', 0x30, 'Phường 6	', 'Bình Đại	', 'Vĩnh Phúc', 'uwj7h0tg@gmail.com', 0),
(277, 'Ngô', 'Đại', 'Nam', 'g4as7', 'sxxcclna1p', '2007-11-15', 0x30, 'Sông Hiến	', 'Cai Lậy', 'Thanh Hóa', 'dt4kps92@gmail.com', 0),
(278, 'Vũ', 'Hạnh', 'Trường', 'txqtw', 'dmen24j7c3', '2003-07-21', 0x30, 'Đức Long', 'Bắc Giang	', 'Quảng Bình', 'v8gn1sha@gmail.com', 0),
(279, 'Hồ', 'Cẩm', 'Bảo', '99a4k', 's3jqktedu4', '2000-08-06', 0x31, 'Thuận Giao	', 'An Lão	', 'Đồng Nai', 'fq3v6sxk@gmail.com', 0),
(280, 'Dương', 'Văn', 'Minh', 'x8aqp', 'g7jeyytsbd', '2005-01-23', 0x31, 'Nam Cường	', 'Bảo Yên	', 'Nam Định', 'fmtq5360@gmail.com', 0),
(281, 'Phạm', 'Đức', 'Vĩnh', 'pdpsf', '7gpkrjmkpb', '2000-03-18', 0x30, 'Tân Xuân	', 'Cà Mau', 'Phú Thọ', 'n6nnxneq@gmail.com', 0),
(282, 'Bùi', 'Đại', 'Hoàng', '2m635', '9fauelsjau', '2007-02-08', 0x31, 'Tân An', 'Bảo Lâm	', 'Thanh Hóa', 'ymrg84g0@gmail.com', 0),
(283, 'Vũ', 'Đại', 'Phong', 'rr5v9', 'ahjrqucvwm', '2009-07-23', 0x31, 'Phường 5	', 'Ba Vì		', 'Nam Định', 'd8l4xn90@gmail.com', 0),
(284, 'Phan', 'Đại', 'Hùng', 'rwvba', 'b62twaruh5', '2002-04-16', 0x30, 'Thành Nhất	', 'A Lưới	', 'Nghệ An', 'bx1n7w5n@gmail.com', 0),
(285, 'Nguyễn', 'Hạnh', 'Duy', 'tk2nl', '6x888cfaru', '2002-02-12', 0x31, 'Tân Thành	', 'Bảo Lâm	', 'Lai Châu', 'xn30wwcs@gmail.com', 0),
(286, 'Ngô', 'Hạnh', 'Tuấn', '8by17', '3xhtpbexxv', '2002-08-16', 0x30, 'Phường 8	', 'Bắc Mê	', 'Lai Châu', 'f0rnqsy9@gmail.com', 0),
(287, 'Hoàng', 'Đức', 'Chí', '9dgnw', 'p9174hpf7r', '2003-12-04', 0x31, 'Phú Cường', 'Bắc Từ Liêm	', 'Hưng Yên', '6j6m8wgy@gmail.com', 0),
(288, 'Võ', 'Châu', 'Long', 'qmy16', 'gp9beuvqtf', '2009-06-28', 0x30, 'Lê Hồng Phong	', 'Bình Sơn	', 'Quảng Bình', 'uy4rmplw@gmail.com', 0),
(289, 'Vũ', 'Xuân', 'Tuấn', '6fath', 'jpd2srhxkx', '2002-01-16', 0x31, 'Tân Bình', 'Bá Thước	', 'Bến Tre', 'pxw3r2dr@gmail.com', 0),
(290, 'Dương', 'Hoàng', 'Đạt', 'rxl1r', '0qmf3dh7rg', '2004-09-25', 0x31, 'Tân An', 'Bình Đại	', 'Bắc Ninh', 'rvr5kdte@gmail.com', 0),
(291, 'Bùi', 'Thu', 'Hải', 'xxxpw', '95v6edgye3', '2004-12-17', 0x31, 'Chánh Nghĩa', 'Bến Cầu		', 'Ninh Bình', 'p7s5c2m2@gmail.com', 0),
(292, 'Hoàng', 'Văn', 'Tâm', '60eua', '8q3aeuhse3', '2008-01-18', 0x31, 'Bình An	2011', 'Buôn Hồ', 'An Giang', 'q2rxtphw@gmail.com', 0),
(293, 'Hồ', 'Hạnh', 'Hiếu', 'pug6k', 'a8645p89vb', '2007-07-08', 0x31, 'Thành Nhất	', 'Bến Lức		', 'Hải Dương', 'xwrmcf1q@gmail.com', 0),
(294, 'Trần', 'Châu', 'Gia', 'dhn7u', 'lf3sp4f3mj', '2002-01-06', 0x30, 'Sông Bằng	', 'Cà Mau', 'Bắc Kạn', '3m3fnhsr@gmail.com', 0),
(295, 'Ngô', 'Đức', 'Hùng', 'xrt5n', '09grurmnfn', '2001-04-11', 0x30, 'Lê Lợi	', 'Cái Nước	', 'Ninh Thuận', '66wf2019@gmail.com', 0),
(296, 'Đặng', 'Xuân', 'Nam', '7vgpq', 'rpc77bj399', '2004-08-07', 0x31, 'Hiệp Thành', 'Bình Tân', 'Bắc Giang', '65nnykl3@gmail.com', 0),
(297, 'Phạm', 'Đình', 'Quý', 'nhwh3', '2p5pkhm1x5', '2006-08-27', 0x30, 'Phú Lợi', 'An Khê	', 'Quảng Trị', 'nd10re1e@gmail.com', 0),
(298, 'Võ', 'Xuân', 'Minh', 'hjp4f', 'j6gs52suwf', '2001-04-15', 0x31, 'Tân Lập	', 'Bình Tân', 'Tây Ninh', '96c3dn2w@gmail.com', 0),
(299, 'Lê', 'Văn', 'Bách', '3b3pl', 'dmmc3wec35', '2004-06-14', 0x30, 'Tiến Thành	', 'Ba Đồn	', 'Nam Định', 'tm1csptl@gmail.com', 0),
(300, 'Nguyễn', 'Châu', 'Quang', '8n6xq', '27byhruas0', '2006-11-26', 0x30, 'Phú Tân', 'Bắc Hà	', 'Trà Vinh', 's8kjyww0@gmail.com', 0),
(301, 'Nguyễn', 'Cẩm', 'Cường', 'avu7m', '2a3ltv1rqv', '2005-01-25', 0x30, 'Phú Thọ', 'Bù Đăng	', 'Cà Mau	', '6wn1auma@gmail.com', 0),
(302, 'Hồ', 'Hồng', 'Hoàng', 'uagtd', 'cea9vjmc45', '2007-06-07', 0x30, 'Tân Xuyên	', 'Bắc Kạn	', 'Lâm Đồng', 'hlcg5y9u@gmail.com', 0),
(303, 'Trần', 'Văn', 'Đạt', 'l7nl0', '85qu0jjbfk', '2003-12-20', 0x30, 'Trần Quang', 'An Lão	', 'Hà Giang', 'qf0cs56w@gmail.com', 0),
(304, 'Bùi', 'Cẩm', 'Minh', 'd4j8j', 'mgn1a06d8k', '2003-12-12', 0x30, 'Tân Đông Hiệp	', 'Bình Long	', 'Sơn La', 'd9rar1ga@gmail.com', 0),
(305, 'Phạm', 'Đình', 'Cường', '31xp3', 'm9bapfdx7e', '2003-02-01', 0x30, 'Hưng Định	', 'Ba Đình	', 'Hải Dương', 'pbrkwbql@gmail.com', 0),
(306, 'Đỗ', 'Đại', 'Dũng', 'bkj0u', '69fr2h7lac', '2009-06-05', 0x31, 'Tân Bình	', 'An Biên		', 'Đắk Lắk', '3tfrcv7w@gmail.com', 0),
(307, 'Huỳnh', 'Hạnh', 'Tâm', '1r5cw', '1c88p0njng', '2004-09-19', 0x31, 'Minh Tân	', 'Bình Giang	', 'Sóc Trăng', 'ysd7q4gx@gmail.com', 0),
(308, 'Bùi', 'Đại', 'Hiếu', 'bll6x', '9f9vnk32yn', '2004-07-26', 0x30, 'Phú Tân', 'Cà Mau', 'Gia Lai', 'jag5fr61@gmail.com', 0),
(309, 'Phan', 'Hồng', 'Quốc', '9hwaq', 'xkqyfeyhyw', '2007-04-09', 0x31, 'Hưng Long', 'Bình Chánh	', 'Vĩnh Long', '3s72vn5g@gmail.com', 0),
(310, 'Dương', 'Thu', 'Khánh', 'swatl', 'khsd223ujb', '2006-09-16', 0x30, 'Lý Thường Kiệt	', 'Bình Thủy	', 'Bà Rịa – Vũng Tàu	', 'b2sppy05@gmail.com', 0),
(311, 'Lý', 'Xuân', 'Thành', 'yn1vd', '5gagx6cu3n', '2003-07-17', 0x30, 'Tân Bình	', 'Bình Thủy	', 'Bình Dương', '9glqhfld@gmail.com', 0),
(312, 'Đỗ', 'Hoàng', 'Thiên', '9fm2e', 'nha9r2g5x4', '2002-11-13', 0x30, 'Phường 4	', 'Ba Tơ		', 'Tuyên Quang', '40b4ectf@gmail.com', 0),
(313, 'Phan', 'Hồng', 'Quốc', 'vqytx', 'v27w8e4xkc', '2003-04-28', 0x30, 'Tân Xuyên	', 'An Phú	', 'Bắc Giang', 'cy4p1b2y@gmail.com', 0),
(314, 'Trần', 'Đức', 'Huy', 'br6n2', 'taln51btm3', '2005-03-24', 0x31, 'Hải Cảng	', 'Bắc Giang	', 'Lào Cai', '3w8bb9xc@gmail.com', 0),
(315, 'Bùi', 'Cẩm', 'Lâm', 'c4qsy', '20c29y0qnt', '2002-04-14', 0x31, 'Tương Bình Hiệp	', 'An Nhơn	', 'Ninh Thuận', 'pec465g6@gmail.com', 0),
(316, 'Ngô', 'Hồng', 'Bảo', '7mpah', 'k3cv6lw3tw', '2001-04-09', 0x30, 'Hồng Hà	', 'Bến Cầu		', 'Quảng Nam', '2ab1car6@gmail.com', 0),
(317, 'Phạm', 'Thu', 'Cường', 'f83yg', 'l4cpkukx1u', '2000-11-02', 0x30, 'Tân Tiến	', 'Bù Đăng	', 'Long An', 'qmv5stlt@gmail.com', 0),
(318, 'Dương', 'Đức', 'Thành', '0uka4', 'k9sv9xs2et', '2007-03-17', 0x30, 'Tân Xuân	', 'Bắc Yên		', 'Bà Rịa – Vũng Tàu	', '492yuetx@gmail.com', 0),
(319, 'Đỗ', 'Thị', 'Hoàng', 'dwwe2', 'mbp4cknq1f', '2007-12-21', 0x30, 'Đức Nghĩa', 'Bắc Mê	', 'Bắc Kạn', 'dsh7l7pa@gmail.com', 0),
(320, 'Hoàng', 'Văn', 'Hiếu', '1ktbk', 'fy66g9axdb', '2001-12-20', 0x31, 'Hải Cảng	', 'Bố Trạch	', 'Yên Bái', 'ta76x3vh@gmail.com', 0),
(321, 'Vũ', 'Hồng', 'Tâm', 'm4yc9', 'wc44hy1p4t', '2000-06-11', 0x30, 'Lê Hồng Phong	', 'Buôn Đôn	', 'Sóc Trăng', '32rhcwbj@gmail.com', 0),
(322, 'Đỗ', 'Xuân', 'Thịnh', 'u9au6', '1f1f9t75sr', '2005-05-06', 0x30, 'Tân Lợi', 'Ba Chẽ	', 'Bắc Kạn', 'v1lvy84w@gmail.com', 0),
(323, 'Trần', 'Đại', 'Nguyên', 'mpvhx', '1f0ht2qfc8', '2007-09-12', 0x30, 'Lê Hồng Phong	', 'Bình Chánh	', 'Quảng Nam', 'vmwd874t@gmail.com', 0),
(324, 'Trần', 'Đại', 'Nam', 'f6qsj', '4lruy58t0x', '2004-02-17', 0x30, 'Đống Đa	', 'Bàu Bàng	', 'Kon Tum', '2q4ryhtn@gmail.com', 0),
(325, 'Hồ', 'Xuân', 'Thành', 'erfpy', 'mu3flnuf5g', '2003-03-18', 0x30, 'Phường 5	', 'An Phú	', 'Tuyên Quang', 'chcfla90@gmail.com', 0),
(326, 'Đỗ', 'Châu', 'Kim', 'j637s', 't5878vfsb0', '2002-05-27', 0x30, 'Tân An	', 'Bảo Lạc	', 'Phú Yên', 'ce17vw69@gmail.com', 0),
(327, 'Dương', 'Thu', 'Tuấn', 're84v', 's7v4kgt6q0', '2002-04-24', 0x31, 'Thành Công	', 'An Lão	', 'Sơn La', 'quaw90us@gmail.com', 0),
(328, 'Ngô', 'Đình', 'Đạt', '1cpgj', 'l6jl3s6ma7', '2003-02-14', 0x30, 'Ea Tam	', 'Ba Bể	', 'Sóc Trăng', '5qchpbl0@gmail.com', 0),
(329, 'Trần', 'Văn', 'Huy', 'gypme', 'qy5ajms2lk', '2009-04-04', 0x31, 'Đống Đa	', 'An Dương	', 'Hòa Bình', 'qum2p45t@gmail.com', 0),
(330, 'Phạm', 'Đức', 'Trung', '4f6ag', 'q7aa1bgvdd', '2005-05-15', 0x30, 'Lê Hồng Phong	', 'Buôn Ma Thuột', 'Đắk Lắk', 'hj2v08dh@gmail.com', 0),
(331, 'Lý', 'Thu', 'Quân', 'n2dlj', 'n3pvrcnlu3', '2005-05-30', 0x30, 'Tân Xuyên	', 'Bình Sơn	', 'Tây Ninh', 'ke529g45@gmail.com', 0),
(332, 'Phạm', 'Thu', 'Thanh', 'xdhgm', '1kv61mcd5g', '2001-07-14', 0x31, 'Hòa Chung	', 'Cà Mau', 'Cao Bằng', 'hf4bktef@gmail.com', 0),
(333, 'Phan', 'Thị', 'Công', 'pbaky', 'qup2wwxnp3', '2000-04-06', 0x30, 'Tân Phú	', 'Bát Xát	', 'Quảng Trị', 'qc0y6fsp@gmail.com', 0),
(334, 'Dương', 'Châu', 'Công', 'a8da7', '3w3nwwqvlb', '2001-11-30', 0x30, 'Sông Hiến	', 'Buôn Ma Thuột', 'Vĩnh Phúc', 'mewh24sc@gmail.com', 0),
(335, 'Hoàng', 'Đại', 'Dương', 'x7cwj', 'uu7uh7p7x3', '2007-04-20', 0x30, 'Yên Thịnh	', 'Bảo Yên	', 'Hà Giang', 'wavrh54s@gmail.com', 0),
(336, 'Lý', 'Hồng', 'Lộc', '8cav5', 'pauwwwf07f', '2001-05-10', 0x31, 'Quang Trung', 'Bảo Lâm	', 'Bắc Giang', 'ldm3nh00@gmail.com', 0),
(337, 'Nguyễn', 'Đại', 'Kỳ', 'x01pu', 'ekr3vlbn0k', '2002-10-15', 0x31, 'Hiệp An', 'An Nhơn	', 'Thanh Hóa', 'hdt5rwae@gmail.com', 0),
(338, 'Dương', 'Đức', 'Khôi', 'tyr1b', 'g11cpckexv', '2006-04-01', 0x30, 'Tân Thành	', 'Ba Chẽ	', 'Quảng Trị', 'e8hm6efk@gmail.com', 0),
(339, 'Nguyễn', 'Văn', 'Nam', '75arv', 'fc9ejec757', '2008-12-18', 0x31, 'Phường 9	', 'Bỉm Sơn	', 'Lai Châu', 'b9hh2ktm@gmail.com', 0),
(340, 'Hoàng', 'Hạnh', 'Minh', '0kx5v', 'dxgrcu3q6v', '2007-09-28', 0x30, 'Phường 5	', 'Ba Chẽ	', 'Bắc Giang', 'cuf75b3y@gmail.com', 0),
(341, 'Lý', 'Đại', 'Hậu', 'k42uc', '3p3rhqsnmp', '2009-06-09', 0x30, 'Chánh Nghĩa', 'Buôn Hồ', 'Yên Bái', 'ar0fu77m@gmail.com', 0),
(342, 'Nguyễn', 'Xuân', 'Nhân', 'swekn', 'vlj7aku661', '2000-09-10', 0x30, 'Tân Giang	', 'Bạch Long Vĩ	', 'Thái Nguyên', 'bdkgyxfx@gmail.com', 0),
(343, 'Lê', 'Hồng', 'Ngọc', 'jufhj', 'y6epw7tfn9', '2007-09-16', 0x30, 'Sông Hiến	', 'Bố Trạch	', 'Hà Nội', '4ekgsj2k@gmail.com', 0),
(344, 'Phạm', 'Hoàng', 'Xuân', '3cvn6', '52vqdqj3fs', '2002-02-01', 0x30, 'Bình Hòa	', 'An Lão	', 'Hậu Giang', '1n9l633u@gmail.com', 0),
(345, 'Vũ', 'Hồng', 'Nhật', 'twmtn', '44prrvchje', '2000-08-19', 0x31, 'Thống Nhất	', 'Bảo Lâm	', 'Khánh Hòa', 'b18bf8ks@gmail.com', 0),
(346, 'Phan', 'Thị', 'Cường', '4293f', 'uw0wrh5tbp', '2001-10-03', 0x30, 'Nguyễn Thái ', 'Ba Tri	', 'Bình Định', '93u00c8f@gmail.com', 0),
(347, 'Phạm', 'Cẩm', 'Hoàng', 'n6ngr', 'sh28r2meg1', '2002-07-09', 0x31, 'Nguyễn Phúc	', 'Bình Tân	 ', 'Ninh Bình', 'nacdlfar@gmail.com', 0),
(348, 'Lê', 'Thị', 'Phúc', '4hdpk', 'qhenq1eaxk', '2007-07-03', 0x30, 'Phường 7', 'Bảo Yên	', 'Bình Dương', 'ssugbyj2@gmail.com', 0),
(349, 'Lý', 'Châu', 'Thảo', 'ane29', 'tp8ne8y2y7', '2004-03-21', 0x30, 'Trần Quang', 'Ba Chẽ	', 'Quảng Nam', 'r5mkmbwy@gmail.com', 0),
(350, 'Võ', 'Châu', 'Phong', 'v2aeu', 'm0mfhaaetk', '2002-04-21', 0x30, 'Hưng Định	', 'An Lão	', 'Bà Rịa – Vũng Tàu	', '97wesads@gmail.com', 0),
(351, 'Phạm', 'Thu', 'Tuấn', 'wn69g', 'vsp96j6eue', '2005-12-12', 0x31, 'Phường 5	', 'Bình Minh	', 'Bắc Ninh', 'a5v9qjdy@gmail.com', 0),
(352, 'Phạm', 'Đình', 'Uy', 'nbcgw', '4yj7uw1f2h', '2004-12-11', 0x30, 'Phú Tân	', 'Bắc Kạn	', 'Đồng Tháp', '1mfeggsv@gmail.com', 0),
(353, 'Lê', 'Hồng', 'Hoài', 'yvrkm', 'trlsg6y9k7', '2006-11-18', 0x30, 'Sông Bằng	', 'A Lưới	', 'Gia Lai', '3144b8na@gmail.com', 0),
(354, 'Phạm', 'Châu', 'Hùng', 'jl135', 'hhp91qb55k', '2000-05-22', 0x30, 'Nhơn Phú	', 'Bắc Bình	', 'Tiền Giang', 'hcxt8eea@gmail.com', 0),
(355, 'Ngô', 'Thị', 'Vĩnh', 'phjke', 'q668w5quh1', '2005-04-07', 0x31, 'Ngọc Xuân	', 'An Lão	', 'Nghệ An', 'pcu9fpsd@gmail.com', 0),
(356, 'Trần', 'Đức', 'Cường', 't7w95', '4d1fc9q2rl', '2008-04-10', 0x31, 'Tiến Thành	', 'Bạc Liêu	', 'Bến Tre', 'x803hwa3@gmail.com', 0),
(357, 'Bùi', 'Đức', 'Hòa', 'sjvek', 'rpht236he5', '2000-10-13', 0x31, 'Hàm Tiến	', 'Bàu Bàng	', 'Sóc Trăng', '9lrve2vn@gmail.com', 0),
(358, 'Hồ', 'Văn', 'Ngọc', 'kr8nh', 'te1tte84p2', '2008-08-25', 0x31, 'Tân Lập	', 'Bình Gia		', 'Thanh Hóa', 'g5h2uth3@gmail.com', 0),
(359, 'Phan', 'Hạnh', 'Thụy', 'p96jy', '6uwmmg57rx', '2006-10-16', 0x30, 'Lý Thường Kiệt	', 'Bảo Lâm	', 'Đồng Nai', 'tj99d8fn@gmail.com', 0),
(360, 'Trần', 'Hoàng', 'Tùng', '1pn75', 'an5909e8jn', '2007-12-31', 0x30, 'Phú Mỹ', 'Buôn Hồ', 'Hà Tĩnh', '369h8ea6@gmail.com', 0),
(361, 'Đặng', 'Đức', 'Thắng', '1kva7', 'jb2up224n2', '2000-12-04', 0x31, 'Hiệp An', 'Ba Tri	', 'Gia Lai', '46qhgr22@gmail.com', 0),
(362, 'Phan', 'Thị', 'Tuấn', 'tj8sw', 'jyvrqmpjem', '2007-12-18', 0x30, 'Ngọc Xuân	', 'Bình Tân	 ', 'Ninh Thuận', '20gsal85@gmail.com', 0),
(363, 'Nguyễn', 'Hồng', 'Dũng', 'td2t3', 'nmlvgxhux2', '2008-11-30', 0x30, 'Quang Trung', 'Bắc Kạn	', 'Tiền Giang', 'ak1gqrey@gmail.com', 0),
(364, 'Bùi', 'Thu', 'Quý', '2hqu6', 'jex9lu8glq', '2000-01-12', 0x30, 'Phường 8	', 'Bắc Bình	', 'Tây Ninh', 'vnbm0u6u@gmail.com', 0),
(365, 'Phạm', 'Đình', 'Mạnh', '3ppvs', '6vl1c7qp7d', '2007-05-15', 0x30, 'Duyệt Trung	', 'Bắc Yên		', 'Vĩnh Long', 'jwsvp4jx@gmail.com', 0),
(366, 'Vũ', 'Cẩm', 'Nhân', '864sd', 'exk44lanjj', '2006-10-06', 0x30, 'Khánh Xuân	', 'Bình Tân	 ', 'Thanh Hóa', '0whvcss9@gmail.com', 0),
(367, 'Ngô', 'Châu', 'Kiệt', 'r0b03', 'lurlr2u8mm', '2007-06-04', 0x31, 'Nguyễn Thái ', 'Bình Xuyên	', 'An Giang', 'xtl8feg4@gmail.com', 0),
(368, 'Vũ', 'Đại', 'Nhật', '853gu', 'nuewbx0vp5', '2008-10-16', 0x30, 'Lê Lợi	', 'Bến Lức		', 'Bình Dương', '6t4nlrts@gmail.com', 0),
(369, 'Phạm', 'Đại', 'Thiên', 'us5ex', 'bkb0bgna1c', '2008-07-10', 0x31, 'An Phú	Thuận An	', 'Bình Long	', 'Bình Thuận', 'w76mg1nf@gmail.com', 0),
(370, 'Huỳnh', 'Cẩm', 'Hùng', 'mk1yn', 'fv35en9trk', '2009-08-28', 0x30, 'Phú Cường', 'Ba Bể	', 'Cao Bằng', '56wps2eq@gmail.com', 0);
INSERT INTO `nguoi_dung` (`id`, `ho`, `ten_lot`, `ten`, `ten_dang_nhap`, `mat_khau`, `ngay_sinh`, `gioi_tinh`, `xa_phuong`, `quan_huyen`, `tinh_tp`, `email`, `loai`) VALUES
(371, 'Lý', 'Văn', 'Việt', 'gynbd', '66apuw2guv', '2008-08-26', 0x30, 'Phường 2	', 'Bình Giang	', 'Trà Vinh', '7m3y8dx5@gmail.com', 0),
(372, 'Lê', 'Văn', 'Minh', 'yepeu', '2y821059pt', '2007-09-21', 0x30, 'Thành Nhất	', 'Bình Tân	 ', 'Lào Cai', '3s5su1l0@gmail.com', 0),
(373, 'Vũ', 'Đức', 'Duy', 'phfnm', '05j79tt9np', '2009-10-28', 0x31, 'Hợp Minh	', 'Cái Bè', 'Bình Dương', 'xgbwlykd@gmail.com', 0),
(374, 'Lê', 'Thị', 'Thư', '383tv', '9bpta0123v', '2001-11-10', 0x31, 'Phường 5	', 'Bù Đăng	', 'Tiền Giang', 'anksnjdl@gmail.com', 0),
(375, 'Nguyễn', 'Hoàng', 'Hữu', 'txvfe', '62svcrpx6a', '2007-08-10', 0x30, 'Bình An	2011', 'A Lưới	', 'Bạc Liêu', 'r44r12yw@gmail.com', 0),
(376, 'Lý', 'Đình', 'Phi', 'na5er', 'peqfhlat82', '2003-11-07', 0x31, 'Tân Thiện	', 'Ba Tri	', 'Thái Bình', '3kdsnqah@gmail.com', 0),
(377, 'Trần', 'Đình', 'Vỹ', '1g6aq', '35wd8g5yg0', '2006-02-05', 0x30, 'Tân Bình	', 'Bắc Mê	', 'Khánh Hòa', 'dj980xrs@gmail.com', 0),
(378, 'Nguyễn', 'Thị', 'Lâm', '60hx9', 'jytcbt4rpb', '2006-07-17', 0x31, 'Tân Giang	', 'Ba Đình	', 'An Giang', 'gwb2yms5@gmail.com', 0),
(379, 'Phan', 'Thu', 'Nguyên', 'jv6f1', 'eta4vaslgv', '2006-02-03', 0x31, 'An Thạnh	', 'An Biên		', 'Bắc Giang', 'swn94nfe@gmail.com', 0),
(380, 'Ngô', 'Thị', 'Hải', '8xu1l', 'adnckr74ke', '2001-05-14', 0x31, 'Thị Nại', 'Buôn Đôn	', 'An Giang', '334k4ykw@gmail.com', 0),
(381, 'Trần', 'Châu', 'Thế', 'm77fd', '6rrvu6xh2d', '2003-07-15', 0x30, 'Đông Hòa	', 'Bắc Sơn		', 'Hải Dương', '2ghbfp81@gmail.com', 0),
(382, 'Nguyễn', 'Thị', 'Lâm', 'r4qgp', 'uvx4m8q0ph', '2007-01-18', 0x31, 'Bình An	2011', 'Bà Rịa', 'Bình Dương', 'y2g8tyd6@gmail.com', 0),
(383, 'Hồ', 'Văn', 'Tùng', '2fxbt', '9xr3u84djv', '2005-08-11', 0x30, 'Đông Hòa	', 'Bình Thủy	', 'Lào Cai', 'vmhr2b3k@gmail.com', 0),
(384, 'Võ', 'Hạnh', 'Khắc', 'w46d1', '8hne25eeyq', '2003-02-19', 0x31, 'Hải Cảng	', 'An Lão	', 'Phú Yên', '2q9gkne7@gmail.com', 0),
(385, 'Dương', 'Đình', 'Khải', 'cq44p', 'ntlu0eqd12', '2001-09-25', 0x31, 'Chánh Nghĩa', 'Bình Thủy	', 'Khánh Hòa', 'hqktrgtq@gmail.com', 0),
(386, 'Đặng', 'Hoàng', 'Bảo', 'jjvdx', 'qrvu4wya6w', '2002-01-10', 0x30, 'Quang Trung', 'Ba Vì		', 'Hà Giang', 'q4dmsb6w@gmail.com', 0),
(387, 'Hồ', 'Đức', 'Dũng', 'btmx1', 'tvyakukymt', '2008-02-07', 0x31, 'Lê Lợi	', 'Bình Minh	', 'Hà Giang', '9w2h8h7b@gmail.com', 0),
(388, 'Dương', 'Hồng', 'Gia', 'gnqa0', 'vh6a0ds7w3', '2002-12-03', 0x30, 'Ngô Mây	', 'Bảo Thắng	', 'Quảng Trị', '4bcf07jx@gmail.com', 0),
(389, 'Nguyễn', 'Đình', 'Đình', 'pf3mb', '6jt88mw32e', '2009-08-30', 0x31, 'Tân Xuân	', 'Bến Cầu		', 'Đà Nẵng', '2vmbw38r@gmail.com', 0),
(390, 'Hoàng', 'Xuân', 'An', 'd0w69', '9pec0ulv4t', '2004-02-07', 0x31, 'Ghềnh Ráng	', 'Bắc Giang	', 'Hưng Yên', 'c891yd9l@gmail.com', 0),
(391, 'Đỗ', 'Xuân', 'Quốc', '264nh', 'nt81r4nrcs', '2007-03-14', 0x30, 'Ngô Mây	', 'Bình Minh	', 'Đắk Nông', 'kjyfx5c7@gmail.com', 0),
(392, 'Bùi', 'Thị', 'Hải', 'yycgl', '5l68av0qnv', '2008-07-04', 0x30, 'Tương Bình Hiệp	', 'Bắc Từ Liêm	', 'Thái Bình', 'kq5wrp0u@gmail.com', 0),
(393, 'Phạm', 'Thu', 'Huy', 'e6d4h', '7kbs8wyb8j', '2006-06-14', 0x31, 'Nguyễn Phúc	', 'Cái Bè', 'Đắk Nông', '8ry18e54@gmail.com', 0),
(394, 'Đỗ', 'Đức', 'Thụy', 'hrexq', 'uamkvrd500', '2008-11-15', 0x31, 'Lạc Đạo', 'Bắc Giang	', 'Hà Tĩnh', 'vge5r89d@gmail.com', 0),
(395, 'Đỗ', 'Văn', 'Huy', '2tb60', '5upx22g9gw', '2004-12-28', 0x30, 'Tương Bình Hiệp	', 'Bảo Lâm	', 'Vĩnh Long', 'a6aqqs7a@gmail.com', 0),
(396, 'Phan', 'Thị', 'Duy', 'yk3n3', 'n0lettfw5e', '2001-04-08', 0x30, 'An Phú	Thuận An	', 'Ba Tri	', 'Bình Phước', '7xkl4h5y@gmail.com', 0),
(397, 'Hồ', 'Hạnh', 'Hồng', 'cp22a', 'm9pn4cf0h6', '2003-06-24', 0x30, 'Tân Xuyên	', 'Cai Lậy', 'Long An', 'shkqwurh@gmail.com', 0),
(398, 'Hồ', 'Hồng', 'Phương', '8cj7d', 'r1jm5ejs56', '2005-08-19', 0x30, 'Đức Nghĩa', 'Bảo Lâm	', 'Gia Lai', 'stluldyc@gmail.com', 0),
(399, 'Vũ', 'Thị', 'Tuấn', '3ct3m', 't0h7csw9sj', '2000-03-03', 0x31, 'Phú Mỹ', 'A Lưới	', 'Quảng Trị', 'wjqppxtt@gmail.com', 0),
(400, 'Võ', 'Hồng', 'Vinh', 'xwtqj', 'at58qvmrmq', '2004-09-26', 0x31, 'Tân Xuân	', 'Bắc Kạn	', 'Đắk Nông', 'sgrw88qj@gmail.com', 0),
(401, 'Trần', 'Thị', 'Giang', '3b0ab', 'cyym5fqh1b', '2008-01-10', 0x30, 'Tân Phú	', 'Bình Chánh	', 'Kon Tum', '3flx4fns@gmail.com', 0),
(402, 'Phan', 'Đức', 'Trọng', '9wl1u', 'mdbr4c9n2w', '2003-06-30', 0x31, 'Phường 2	', 'Ba Tơ		', 'Quảng Ninh', '4su1hcf4@gmail.com', 0),
(403, 'Vũ', 'Xuân', 'Quân', '3s93w', 'txntkb591w', '2005-09-26', 0x30, 'Phú Mỹ', 'Ba Vì		', 'Kon Tum', 'l528gg54@gmail.com', 0),
(404, 'Võ', 'Xuân', 'Hiền', '80sj3', '5c119ukhse', '2000-11-05', 0x31, 'Duyệt Trung	', 'An Nhơn	', 'Khánh Hòa', '54kkmhr9@gmail.com', 0),
(405, 'Huỳnh', 'Cẩm', 'Nguyên', 'u0d48', 'j8dxfj2jgc', '2006-09-30', 0x31, 'Tiến Thành	', 'Cái Bè', 'Yên Bái', '72k4vjdw@gmail.com', 0),
(406, 'Phan', 'Hồng', 'Kiên', 'gnlbn', '4yr9p2texd', '2002-01-17', 0x30, 'Tân Hòa	', 'Ba Đình	', 'Tiền Giang', 't5u75rj2@gmail.com', 0),
(407, 'Phạm', 'Đức', 'Quân', 'naf2u', 'mjkf1tuc4c', '2001-03-14', 0x30, 'Đồng Tâm	', 'An Nhơn	', 'Trà Vinh', 'x1r19tta@gmail.com', 0),
(408, 'Lý', 'Văn', 'Tuấn', 'crw2m', 'js78gvb8e3', '2002-05-18', 0x30, 'Dĩ An	', 'An Biên		', 'Hà Tĩnh', 'e9qmmtby@gmail.com', 0),
(409, 'Lê', 'Thu', 'Ðức', '4pbnb', '83xur9f4j5', '2002-06-05', 0x30, 'Phú Tân	', 'Bạch Long Vĩ	', 'Vĩnh Long', '4vex25f7@gmail.com', 0),
(410, 'Bùi', 'Đức', 'Quốc', '6ych8', 'njxf6fcxhs', '2008-04-08', 0x30, 'Đức Nghĩa', 'Bỉm Sơn	', 'Lai Châu', 'yj2c4wtc@gmail.com', 0),
(411, 'Bùi', 'Văn', 'Quốc', 'dwjk7', 'urd472pftd', '2000-04-28', 0x31, 'Hòa Chung	', 'Bảo Lâm	', 'Thái Bình', 'neeqenug@gmail.com', 0),
(412, 'Vũ', 'Châu', 'Tâm', 'm9uvp', 'bd42ftsb0k', '2003-02-18', 0x30, 'Phường 4	', 'Ba Tri	', 'Ninh Bình', 't4umtt3p@gmail.com', 0),
(413, 'Đỗ', 'Hồng', 'Long', '5bmk3', 'eewsfmyb8t', '2004-02-07', 0x30, 'Đông Hòa	', 'Bạch Thông	', 'Cà Mau	', 'lcec2stw@gmail.com', 0),
(414, 'Đặng', 'Đình', 'Nam', '71kub', 'axjyg1w0gp', '2009-12-22', 0x31, 'Tân Hòa	', 'Bù Đăng	', 'An Giang', 'sxx8n8kp@gmail.com', 0),
(415, 'Ngô', 'Văn', 'Đạt', 'rw7kl', 'u1j9gdfgup', '2003-01-17', 0x31, 'Hồng Hà	', 'Bỉm Sơn	', 'Ninh Bình', 'nw5l5enn@gmail.com', 0),
(416, 'Trần', 'Hoàng', 'Ngọc', 'y6xpn', 'xrq87lh5fa', '2003-08-29', 0x31, 'Bình Nhâm	', 'An Lão	', 'Quảng Bình', '97c8tcaf@gmail.com', 0),
(417, 'Ngô', 'Hạnh', 'Vĩnh', 'xkv5r', '2lwfmwtn4l', '2006-09-20', 0x30, 'Yên Thịnh	', 'Buôn Đôn	', 'Lai Châu', 'f0ej0emu@gmail.com', 0),
(418, 'Võ', 'Hoàng', 'Phi', '87uvq', '51kf5acf92', '2008-10-28', 0x30, 'Ngọc Xuân	', 'Cà Mau', 'Lâm Đồng', '053fjly5@gmail.com', 0),
(419, 'Vũ', 'Thu', 'Khoa', 'jvs0u', '9xujcwnud9', '2002-06-18', 0x31, 'Phú Mỹ', 'Bình Thủy	', 'Cà Mau	', 'dnwsynw7@gmail.com', 0),
(420, 'Hồ', 'Xuân', 'Ngọc', 'dgmun', 'mw820x5rep', '2001-10-29', 0x30, 'Đức Long', 'Bạch Long Vĩ	', 'Hà Nội', 'v4gvd7dy@gmail.com', 0),
(421, 'Võ', 'Hồng', 'Phi', 'jb45k', 'v1lfqdnv0a', '2003-02-23', 0x30, 'Nhơn Bình	', 'An Nhơn	', 'An Giang', '8ne2se6a@gmail.com', 0),
(422, 'Đỗ', 'Đức', 'Đức', 'v6cqt', 'ulsmsr7ajq', '2004-05-12', 0x31, 'Thị Nại', 'An Phú	', 'Nghệ An', '1seb80gr@gmail.com', 0),
(423, 'Hoàng', 'Thu', 'Đại', 'x9bm3', 'aacd58ujeq', '2002-03-13', 0x30, 'Hàm Tiến	', 'Bắc Bình	', 'Bắc Giang', 'yvpubxjt@gmail.com', 0),
(424, 'Hồ', 'Thu', 'Minh', 'lsq2q', '2gd25lg9b1', '2001-02-07', 0x30, 'Tân Đông Hiệp	', 'Bắc Sơn		', 'Bến Tre', 'wyf7fg56@gmail.com', 0),
(425, 'Lý', 'Hạnh', 'Huy', 'k3qu0', 'ev1x9eu2qt', '2009-03-15', 0x31, 'Hàm Tiến	', 'Ba Vì		', 'Sóc Trăng', 'vn4s483l@gmail.com', 0),
(426, 'Ngô', 'Đình', 'Nguyên', '0n2m9', 'f0cmcuhqxa', '2000-11-22', 0x31, 'Sông Hiến	', 'Buôn Hồ', 'Bắc Giang', 'p7ybjypp@gmail.com', 0),
(427, 'Nguyễn', 'Hồng', 'Chí', 'e8tkh', 'yqdb96jt4r', '2009-05-17', 0x30, 'Phường 4	', 'Buôn Ma Thuột', 'Bắc Ninh', 'eyrqjjec@gmail.com', 0),
(428, 'Vũ', 'Hồng', 'Nam', '5rydb', '21lpad0m22', '2007-01-08', 0x31, 'Đức Nghĩa', 'An Lão	', 'Bạc Liêu', 'mc40n9gq@gmail.com', 0),
(429, 'Phạm', 'Châu', 'Bảo', '9v0c4', '8yc9m6f5gd', '2001-09-26', 0x30, 'Lái Thiêu	', 'An Biên		', 'An Giang', 'wt5aa9d1@gmail.com', 0),
(430, 'Ngô', 'Thu', 'Cường', 'lba08', 'wm4t70eq2k', '2003-01-22', 0x31, 'Lê Lợi	', 'Bình Long	', 'Cà Mau	', 'g9nde2b8@gmail.com', 0),
(431, 'Đỗ', 'Cẩm', 'Khánh', '0s4ww', '0rgqj31p2l', '2001-06-22', 0x30, 'Thắng Lợi	', 'Bình Lục	', 'Hà Giang', 'mt69p6b9@gmail.com', 0),
(432, 'Trần', 'Hoàng', 'Nguyên', '89k5e', 'd1gkxm9slg', '2003-08-04', 0x31, 'Tân Bình', 'Bắc Bình	', 'Hà Giang', 'ha9h8st0@gmail.com', 0),
(433, 'Trần', 'Đức', 'Xuân', 'cxsfv', 'prgdkfbcq0', '2009-04-27', 0x31, 'Phường 2	', 'Bà Rịa', 'Hải Dương', 'llqhwthq@gmail.com', 0),
(434, 'Vũ', 'Thị', 'Nguyên', 'e3qct', '63pwetdqth', '2001-10-29', 0x31, 'Tân Lợi', 'Bạch Thông	', 'Thái Nguyên', 'vtjjefeq@gmail.com', 0),
(435, 'Bùi', 'Thu', 'Quân', 's5xpm', '0ulpvk7b5u', '2005-12-24', 0x31, 'Tân Thành	', 'Ba Tơ		', 'Hòa Bình', 't5y1444j@gmail.com', 0),
(436, 'Vũ', 'Đại', 'Long', 'c2wuf', '3fx712vy7m', '2007-02-15', 0x31, 'Tiến Thành	', 'Bắc Từ Liêm	', 'Long An', '1hjldqv5@gmail.com', 0),
(437, 'Võ', 'Thị', 'Ngọc', '0tejx', '47f8p8xk72', '2001-01-11', 0x30, 'Tân An', 'Bình Xuyên	', 'Hải Dương', 'xv7stjtt@gmail.com', 0),
(438, 'Hoàng', 'Đại', 'Đức', 'vx6cy', 'hk8tx79pp5', '2004-08-09', 0x31, 'Hàm Tiến	', 'Cái Nước	', 'Yên Bái', '0a5sm6dh@gmail.com', 0),
(439, 'Vũ', 'Châu', 'Vinh', 'kt9pj', '0l3uuwpu6f', '2001-05-17', 0x30, 'Thành Công	', 'Bình Lục	', 'Đồng Tháp', 'yqb25yex@gmail.com', 0),
(440, 'Hồ', 'Hoàng', 'Đức', 'p8n1y', 'tyyhk4nm2b', '2004-04-26', 0x30, 'Khánh Xuân	', 'Bình Đại	', 'Ninh Thuận', 'ct38yjep@gmail.com', 0),
(441, 'Ngô', 'Hồng', 'Hồng', 'u5bxj', 'mrvhwfdc8e', '2007-04-09', 0x30, 'Đức Nghĩa', 'Bù Đăng	', 'Tiền Giang', '0m0qs5n0@gmail.com', 0),
(442, 'Võ', 'Văn', 'Nam', 'ntcdc', 'q9y5w5derw', '2008-03-03', 0x31, 'Hiệp Thành', 'Bắc Quang	', 'Bà Rịa – Vũng Tàu	', 'qc9uf9rk@gmail.com', 0),
(443, 'Huỳnh', 'Châu', 'Văn', '50mlk', 'cb2tcsl4qj', '2002-05-24', 0x30, 'An Phú	Thuận An	', 'Bình Giang	', 'Hà Nội', 'l8csv45x@gmail.com', 0),
(444, 'Vũ', 'Hạnh', 'Vinh', '0pgef', 'me2u32n5vx', '2003-11-08', 0x31, 'Lạc Đạo', 'Bình Xuyên	', 'Nam Định', 'eqpsjddt@gmail.com', 0),
(445, 'Trần', 'Thị', 'Hoàng', 'sxcu3', 'dklr284bta', '2006-12-07', 0x31, 'Trần Quang', 'Bình Tân	 ', 'Bình Định', 'ak4us3n9@gmail.com', 0),
(446, 'Phạm', 'Văn', 'Thư', '3td3s', 'brqjx9b1ty', '2003-09-17', 0x30, 'Tân An', 'Bát Xát	', 'Gia Lai', '06xwlqwr@gmail.com', 0),
(447, 'Đỗ', 'Văn', 'Anh', '3q6yb', 'stg40vwqab', '2009-12-29', 0x31, 'Đồng Tâm	', 'Bắc Tân Uyên	', 'Bến Tre', '6ngvgn59@gmail.com', 0),
(448, 'Vũ', 'Xuân', 'Nam', '8h8tv', 'fg13nnvj6p', '2009-03-16', 0x30, 'Tân Lợi', 'Bình Tân	 ', 'Vĩnh Phúc', 'l9u06yj4@gmail.com', 0),
(449, 'Phạm', 'Thị', 'Hùng', 'p6u1y', '9s7abn0q88', '2000-03-13', 0x31, 'Bình Hòa	', 'Bù Đăng	', 'Tuyên Quang', 'axjyv58u@gmail.com', 0),
(450, 'Huỳnh', 'Đình', 'Nghĩa', 'h05tw', 'ftbk2xhacd', '2002-11-03', 0x31, 'Thị Nại', 'Bát Xát	', 'Thái Nguyên', '60p0cdw4@gmail.com', 0),
(451, 'Huỳnh', 'Văn', 'Minh', '6dlur', 'gknafwefmp', '2001-03-07', 0x30, 'Đức Thắng', 'Bắc Sơn		', 'Hưng Yên', 'xw8rqj68@gmail.com', 0),
(452, 'Võ', 'Hạnh', 'Anh', '68llp', 'jg2gbvskec', '2006-03-21', 0x31, 'Hợp Minh	', 'Buôn Hồ', 'Trà Vinh', 'qhdwfmbx@gmail.com', 0),
(453, 'Đặng', 'Hạnh', 'Khang', 't5mum', '0h02170gmy', '2000-04-16', 0x31, 'Phú Thọ', 'Bến Lức		', 'Bà Rịa – Vũng Tàu	', '09xu42ra@gmail.com', 0),
(454, 'Nguyễn', 'Văn', 'Nhật', 'r6k25', 'au58jy5umy', '2006-03-17', 0x31, 'Hưng Định	', 'A Lưới	', 'Trà Vinh', 'wkunwex2@gmail.com', 0),
(455, 'Bùi', 'Đức', 'Vĩnh', 'twt2l', 'wgdqbl72s6', '2003-05-24', 0x31, 'Hòa Phú	', 'Bảo Lâm	', 'Thái Nguyên', 'erj9gldq@gmail.com', 0),
(456, 'Vũ', 'Xuân', 'Thiên', '4eklm', 'hl22s6fsrl', '2009-07-03', 0x30, 'Ngọc Xuân	', 'Bảo Yên	', 'TP Hồ Chí Minh', 'snkyx8xn@gmail.com', 0),
(457, 'Đỗ', 'Châu', 'Thịnh', 'pejrl', '8byamcce3k', '2001-08-02', 0x31, 'Phường 7', 'Bắc Bình	', 'Nghệ An', 'ywnyvvx1@gmail.com', 0),
(458, 'Lý', 'Đình', 'Lộc', 'dfu5v', 'dgrkj3hbwl', '2005-11-12', 0x31, 'An Thạnh	', 'Bỉm Sơn	', 'Cà Mau	', '6kb122jn@gmail.com', 0),
(459, 'Nguyễn', 'Thị', 'Huy', '5x7mx', 'xrb2e2dpba', '2002-12-03', 0x31, 'Bình An	2011', 'Bình Giang	', 'Hà Tĩnh', 'nkcvyuan@gmail.com', 0),
(460, 'Nguyễn', 'Châu', 'Hồng', '0x5un', '7vgf0jserf', '2003-01-11', 0x31, 'Bình An	2011', 'Bình Thủy	', 'Bắc Ninh', 'p34w2mgx@gmail.com', 0),
(461, 'Huỳnh', 'Đại', 'Tuấn', '21s8p', 'qxn6d58fmh', '2002-04-08', 0x30, 'An Hội	', 'Bắc Quang	', 'Cao Bằng', 'jaecs0xx@gmail.com', 0),
(462, 'Bùi', 'Hạnh', 'Đình', 'b5utl', 'g6a5m9y49r', '2007-01-04', 0x30, 'Tân Hòa	', 'Bắc Giang	', 'Vĩnh Long', '4brbulas@gmail.com', 0),
(463, 'Ngô', 'Thị', 'Phi', 'tdnhs', 'fh799jawv4', '2000-12-22', 0x31, 'Phú Hòa', 'A Lưới	', 'Bắc Kạn', 'jg9wg1f6@gmail.com', 0),
(464, 'Đặng', 'Thị', 'Minh', 'v22a6', '9b7tsvt3k3', '2006-06-18', 0x30, 'Chánh Mỹ', 'An Nhơn	', 'Quảng Trị', 'ue7pfwb7@gmail.com', 0),
(465, 'Lê', 'Đình', 'Thịnh', 'xamjd', '48euauvsfk', '2009-05-11', 0x30, 'Lê Lợi	', 'An Khê	', 'Hà Nam', '730kmqd6@gmail.com', 0),
(466, 'Đặng', 'Hạnh', 'Tâm', 'f5yw8', 'x63xdr44vm', '2004-08-11', 0x31, 'Hợp Minh	', 'Bảo Thắng	', 'Hậu Giang', 'x7st4jne@gmail.com', 0),
(467, 'Nguyễn', 'Hoàng', 'Quốc', 'jhhxl', 'd27rsqka5b', '2008-09-20', 0x30, 'Lê Hồng Phong	', 'Bạc Liêu	', 'Trà Vinh', 'jymr8jyq@gmail.com', 0),
(468, 'Nguyễn', 'Văn', 'Huy', '7teqg', 'sktax3593c', '2008-08-17', 0x31, 'Tân Lợi', 'Bảo Lạc	', 'Bến Tre', '3tumu4c5@gmail.com', 0),
(469, 'Võ', 'Hạnh', 'Đức', 'jctr0', 'pu1undfehp', '2001-02-26', 0x31, 'Phường 5	', 'Cái Bè', 'Quảng Nam', 'mr7dqslq@gmail.com', 0),
(470, 'Đặng', 'Hồng', 'Hồng', 'kfy8h', 'uqex1170mx', '2007-11-10', 0x31, 'Định Hòa', 'Bình Chánh	', 'Sơn La', '6jxucve4@gmail.com', 0),
(471, 'Huỳnh', 'Châu', 'Hùng', 'dvj57', '0a1e797t7r', '2001-09-04', 0x30, 'Yên Thịnh	', 'Bình Long	', 'Lào Cai', 'flgrc86m@gmail.com', 0),
(472, 'Đỗ', 'Văn', 'Lâm', '98e2x', '57bta7w3fh', '2007-02-20', 0x31, 'Nam Cường	', 'Bắc Giang	', 'Hưng Yên', 'p7nv5hxn@gmail.com', 0),
(473, 'Dương', 'Văn', 'Kiên', '3cx46', 'havuyxq008', '2006-02-15', 0x30, 'Hải Cảng	', 'Bắc Quang	', 'Quảng Nam', 'lxrtk20d@gmail.com', 0),
(474, 'Vũ', 'Đại', 'Cường', 'xb6y6', 'xjmh6ku6c1', '2006-12-22', 0x31, 'Thắng Lợi	', 'Bình Giang	', 'Vĩnh Long', 'fb88dcmu@gmail.com', 0),
(475, 'Huỳnh', 'Hạnh', 'Quang', 't82ch', 'ycebgpu97h', '2000-03-08', 0x31, 'Hợp Gia', 'Bắc Yên		', 'Hải Dương', 'mq748f6j@gmail.com', 0),
(476, 'Hoàng', 'Châu', 'Tùng', 'l4fgb', 'ssjvhnd2sg', '2001-08-31', 0x30, 'Hiệp Thành', 'An Lão	', 'Đồng Nai', 'w8shrary@gmail.com', 0),
(477, 'Vũ', 'Xuân', 'Quang', '51kyt', 'glea8bndb3', '2007-09-03', 0x31, 'Sông Bằng	', 'Cai Lậy		', 'Bình Phước', '67hq5c2e@gmail.com', 0),
(478, 'Hoàng', 'Đại', 'Trung', '6kulb', '4g66ysgas3', '2003-07-20', 0x30, 'Hồng Hà	', 'Bình Tân	 ', 'Bình Dương', '1myvmr6q@gmail.com', 0),
(479, 'Phạm', 'Thu', 'Nhất', '12hbe', '6k9s8std1q', '2008-03-23', 0x30, 'Bình Thắng	', 'Bình Tân', 'Lâm Đồng', 'f1gbetrw@gmail.com', 0),
(480, 'Đặng', 'Đức', 'Hải', '5eee4', 'awkr8gwq3m', '2008-07-17', 0x30, 'Chánh Mỹ', 'Bác Ái			', 'Hậu Giang', 'um5fg1fs@gmail.com', 0),
(481, 'Đỗ', 'Văn', 'Phi', 'pd3s5', 'tsr2gyg8u3', '2009-12-12', 0x31, 'An Thạnh	', 'Bảo Yên	', 'Hậu Giang', '1vvfyxhk@gmail.com', 0),
(482, 'Vũ', 'Hoàng', 'Khoa', 'mx0g3', 'lwj8fe1wfd', '2003-09-16', 0x30, 'Lê Lợi	', 'Bình Long	', 'Cà Mau	', 'v1c9d67c@gmail.com', 0),
(483, 'Lê', 'Hồng', 'Quang', 'mkjmu', 'p44fymks1j', '2004-11-25', 0x31, 'An Phú	Thuận An	', 'Bù Đăng	', 'Bình Dương', 'wgm6mpd8@gmail.com', 0),
(484, 'Vũ', 'Châu', 'Giang', '00hjn', 'vnf3e1mnn1', '2001-05-01', 0x31, 'An Phú	Thuận An	', 'An Dương	', 'TP Hồ Chí Minh', '43ksddt0@gmail.com', 0),
(485, 'Nguyễn', 'Đình', 'Tri', 'xt7g1', 'ae4gg1277d', '2009-06-18', 0x31, 'Đức Nghĩa', 'Cai Lậy		', 'Hải Phòng', '7bbhq1tf@gmail.com', 0),
(486, 'Huỳnh', 'Xuân', 'Quang', '3h610', 'xtwm8f10xj', '2005-05-15', 0x31, 'Tân Thiện	', 'Bắc Quang	', 'Vĩnh Long', 'yhjnu7yg@gmail.com', 0),
(487, 'Phạm', 'Hoàng', 'Hưng', 'sgrn0', 'dhbn391hhq', '2002-09-20', 0x31, 'Hòa Chung	', 'Bình Minh	', 'Quảng Ninh', 'q1vp7pk9@gmail.com', 0),
(488, 'Nguyễn', 'Hạnh', 'Uy', 'gf4kg', 'v5x5fhje98', '2005-12-12', 0x30, 'Phú Hòa', 'Bắc Sơn		', 'Ninh Bình', '2n1wd9af@gmail.com', 0),
(489, 'Hoàng', 'Thu', 'Hùng', 'x1gb9', 'y7gpxx0qar', '2007-04-23', 0x30, 'Ghềnh Ráng	', 'Ba Bể	', 'Hà Nội', 'ltt65ex3@gmail.com', 0),
(490, 'Trần', 'Đình', 'Thành', 'uadsb', 'a9hs87gjex', '2002-08-17', 0x30, 'Phú Tân	', 'Bù Đăng	', 'Cần Thơ	', 'fnet2p1m@gmail.com', 0),
(491, 'Trần', 'Thu', 'Sơn', 'p033k', 'ka66hp7x88', '2001-10-15', 0x31, 'Quang Trung', 'An Khê	', 'Hậu Giang', 'hrbglla3@gmail.com', 0),
(492, 'Phạm', 'Thị', 'Minh', 'm7ld5', 'elh5bfx8ds', '2009-07-04', 0x30, 'Phường 4	', 'Bát Xát	', 'Quảng Ninh', 'acwr9lkt@gmail.com', 0),
(493, 'Ngô', 'Cẩm', 'Tuấn', 'sbl4b', 'yhns35r2nn', '2006-12-27', 0x31, 'Thành Công	', 'An Phú	', 'Đắk Lắk', 'jsgmxxfy@gmail.com', 0),
(494, 'Phan', 'Đại', 'Thành', 'rk66q', '8q0cctw1g5', '2000-09-28', 0x31, 'Yên Thịnh	', 'An Lão	', 'Hà Tĩnh', '7bfkcuej@gmail.com', 0),
(495, 'Ngô', 'Hạnh', 'Hoàng', 'f9w5w', 'v2838lvpty', '2006-09-01', 0x31, 'Tân Bình', 'An Lão	', 'Ninh Thuận', '5s0r2s1j@gmail.com', 0),
(496, 'Phan', 'Hoàng', 'Hoàng', 'gj9ep', 's0l9kaugw0', '2003-10-25', 0x30, 'Đống Đa	', 'An Lão	', 'Bắc Kạn', '9pxpv072@gmail.com', 0),
(497, 'Võ', 'Cẩm', 'Ngọc', '18n25', 'fmuymnw4ll', '2003-04-09', 0x31, 'Hồng Hà	', 'Bắc Yên		', 'Hòa Bình', 'wau67mn5@gmail.com', 0),
(498, 'Trần', 'Xuân', 'Duy', 'esl61', '13g8ufw7tw', '2006-04-04', 0x30, 'Nhơn Bình	', 'An Biên		', 'Bình Định', 'u66uv4v4@gmail.com', 0),
(499, 'Đỗ', 'Châu', 'Nhật', 'whaen', 'rlejq92c8h', '2009-06-08', 0x30, 'Phú Mỹ', 'Bạch Long Vĩ	', 'Thái Bình', 'jg0v1qwe@gmail.com', 0),
(500, 'Hồ', 'Xuân', 'Thành', '1ud1k', 'sgwthd1unj', '2006-12-09', 0x30, 'Tân Đồng	', 'Bình Long	', 'Lào Cai', 'dgau7td8@gmail.com', 0),
(1000, 'Dương', 'Hạnh', 'Khải', 'vgqyv', 'fhc8ecyj7l', '1983-09-07', 0x30, 'Phường 4	', 'Bá Thước	', 'Ninh Bình', 'tnltc2jd@gmail.com', 1),
(1001, 'Nguyễn', 'Văn', 'Bửu', '41u1w', '1c4b3va9qs', '1987-12-23', 0x31, 'Tân Đông Hiệp	', 'Bà Rịa', 'Đắk Lắk', '6najh2nu@gmail.com', 1),
(1002, 'Đỗ', 'Châu', 'Thiên', '9c27r', '7x1s0wwl0p', '1970-03-09', 0x31, 'Tân Xuân	', 'Bến Lức		', 'Khánh Hòa', 'xnh60fv9@gmail.com', 1),
(1003, 'Trần', 'Châu', 'Bảo', 'd03lp', 'n9qefhmnat', '1993-05-20', 0x31, 'An Thạnh	', 'An Nhơn	', 'Lai Châu', 'djdarsbt@gmail.com', 1),
(1004, 'Nguyễn', 'Châu', 'Trung', '6b1u6', 'nptf3e7juc', '1991-01-11', 0x30, 'Phú Cường', 'Cái Nước	', 'Bình Phước', '9sc8m4s0@gmail.com', 1),
(1005, 'Hồ', 'Hạnh', 'Anh', 'mx2f6', 'nv0kc5wv2u', '1970-02-17', 0x31, 'Phú Tân', 'Bình Xuyên	', 'Cao Bằng', 'eheqjfsb@gmail.com', 1),
(1006, 'Dương', 'Cẩm', 'Bách', 'kg5bl', 'f07we1vg26', '1973-11-15', 0x30, 'Hưng Long', 'Buôn Đôn	', 'Phú Thọ', '8puxn812@gmail.com', 1),
(1007, 'Lê', 'Hạnh', 'Tấn', 'uwwwh', 'prqxq36nsu', '1973-05-13', 0x31, 'Bình Chuẩn	', 'Bến Lức		', 'Bạc Liêu', 'gskfe3m5@gmail.com', 1),
(1008, 'Phạm', 'Cẩm', 'Phi', '0v7gp', '3203xb93dk', '1992-10-01', 0x31, 'Yên Thịnh	', 'Ba Vì		', 'Ninh Bình', '5xl6j61q@gmail.com', 1),
(1009, 'Nguyễn', 'Hạnh', 'Khôi', 'xvlpw', 'lpv0ty9xrn', '1972-10-13', 0x30, 'Tân An', 'Ba Vì		', 'Hưng Yên', '7bg5mf03@gmail.com', 1),
(1010, 'Hồ', 'Hồng', 'Việt', 'nsxan', 'fhp31922br', '1993-02-12', 0x30, 'Dĩ An	', 'Buôn Đôn	', 'Thanh Hóa', 'xgmbhyuh@gmail.com', 1),
(1011, 'Lý', 'Văn', 'Sỹ', 'daepj', 'pu2g5j2ra5', '1987-05-23', 0x30, 'Duyệt Trung	', 'An Lão	', 'Tiền Giang', 'jgk1n5vv@gmail.com', 1),
(1012, 'Huỳnh', 'Đại', 'Tuấn', 'g733r', 's0u4r8u6lk', '1980-08-29', 0x30, 'Hồng Hà	', 'Bình Tân	 ', 'Thanh Hóa', 'b1hbu20y@gmail.com', 1),
(1013, 'Huỳnh', 'Hoàng', 'Thành', '6x8yj', 'g0y62dnmvf', '1985-01-03', 0x31, 'Tân Giang	', 'Bắc Mê	', 'Khánh Hòa', 'r6admspr@gmail.com', 1),
(1014, 'Đặng', 'Hạnh', 'Thành', '7uwbl', '52w076rjhv', '1977-07-17', 0x30, 'Hiệp An', 'Ba Vì		', 'Quảng Ngãi', '94alcdu5@gmail.com', 1),
(1015, 'Dương', 'Cẩm', 'Kiên', '99crs', 'lfxcpc5l4l', '1974-06-02', 0x31, 'Tiến Thành	', 'Bắc Từ Liêm	', 'Long An', 'sfk85qnq@gmail.com', 1),
(1016, 'Võ', 'Đức', 'Dương', 'xh341', 'uk1j1hwvs1', '1976-10-28', 0x31, 'Đức Nghĩa', 'Bình Tân', 'Bắc Ninh', 'nnybtt1a@gmail.com', 1),
(1017, 'Hồ', 'Đức', 'Quang', '2rjwy', 'tpa8158al0', '1989-05-21', 0x31, 'Phường 2	', 'Buôn Hồ', 'Gia Lai', 'spw5rkhr@gmail.com', 1),
(1018, 'Hoàng', 'Hồng', 'Duy', '7fx5t', '0qx5ujlmfb', '1970-04-23', 0x31, 'Hòa Phú	', 'Buôn Ma Thuột', 'Bình Phước', 'h8dn53qh@gmail.com', 1),
(1019, 'Đặng', 'Xuân', 'Dương', 'eham2', 'qt3572vf3h', '1971-05-24', 0x30, 'Phường 6	', 'Bình Chánh	', 'Lai Châu', 'h86nbfvy@gmail.com', 1),
(1020, 'Đặng', 'Đình', 'Bảo', 'hr2dc', 'c54tqsa5jr', '1992-07-28', 0x30, 'Tân Lập	', 'An Nhơn	', 'Bình Dương', 's87g3svt@gmail.com', 1),
(1021, 'Huỳnh', 'Thu', 'Thành', '31mfx', 's7uyfpvmnx', '1986-12-21', 0x31, 'Đống Đa	', 'Bình Tân	 ', 'Bắc Ninh', '564ude2f@gmail.com', 1),
(1022, 'Dương', 'Đại', 'Hồng', '6v6a5', 'k1sy9v47dt', '1979-12-27', 0x30, 'Phú Thọ', 'Bắc Kạn	', 'Đắk Nông', '84jq9u3x@gmail.com', 1),
(1023, 'Phan', 'Đức', 'Quốc', 'v2kn6', 'tq38uy2h69', '1978-10-20', 0x31, 'Phường 5	', 'Bố Trạch	', 'Nam Định', '9hg7kpwt@gmail.com', 1),
(1024, 'Lê', 'Văn', 'Hùng', '8wjy6', 'qmstkk84v8', '1975-09-20', 0x31, 'Yên Ninh	', 'Bỉm Sơn	', 'Đắk Nông', 'yvn9uyyd@gmail.com', 1),
(1025, 'Lý', 'Thị', 'Thành', '0dg2p', 'glgmfplpxt', '1994-07-19', 0x30, 'Đống Đa	', 'Ba Tri	', 'Hòa Bình', 'brdft5ux@gmail.com', 1),
(1026, 'Đặng', 'Thu', 'Hiếu', 'n7wvu', 't29d2jcr3x', '1970-09-30', 0x31, 'Tân Thành	', 'Bình Sơn	', 'Cà Mau	', 'a6c6k00l@gmail.com', 1),
(1027, 'Hồ', 'Xuân', 'Hoàng', '568rq', 'y85pyn4hga', '1972-05-03', 0x31, 'Phú Hòa', 'Ba Đồn	', 'Cao Bằng', 'rdat9xcp@gmail.com', 1),
(1028, 'Lê', 'Hồng', 'Nghĩa', 'd76cc', 'mfcxbeb18v', '1987-05-17', 0x31, 'Hợp Minh	', 'Ba Đồn	', 'Ninh Bình', 'gb7amq3h@gmail.com', 1),
(1029, 'Lê', 'Đình', 'Văn', 'ummsv', 'xqw7621duu', '1984-10-03', 0x30, 'Nguyễn Phúc	', 'Bình Tân	 ', 'Bình Dương', '2y5sgfts@gmail.com', 1),
(1030, 'Phan', 'Hồng', 'Phước', 'ht5xb', 'xakfb3dhpa', '1983-02-11', 0x31, 'An Phú	Thuận An	', 'Bạch Long Vĩ	', 'Kon Tum', 'ptpk7lnb@gmail.com', 1),
(1031, 'Đặng', 'Thu', 'Hữu', 'p987c', '6v7gg1s0vy', '1986-10-28', 0x30, 'Tương Bình Hiệp	', 'Bắc Giang	', 'Cao Bằng', 't1u36hyv@gmail.com', 1),
(1032, 'Ngô', 'Hồng', 'Anh', '0h2c6', 'hg7bdvyxe3', '1980-08-25', 0x30, 'Đức Nghĩa', 'Bạch Long Vĩ	', 'Quảng Ngãi', 'n7e5fkj7@gmail.com', 1),
(1033, 'Nguyễn', 'Đại', 'Hoài', '4v7p4', 'n0j4bds060', '1988-04-15', 0x31, 'Hòa Phú	', 'Bỉm Sơn	', 'Sơn La', 'rure94em@gmail.com', 1),
(1034, 'Phạm', 'Đức', 'Duy', 'dhf2b', 'xteqgefavn', '1992-03-01', 0x30, 'Tân An	', 'Bình Liêu	', 'Hải Dương', '52ypby2s@gmail.com', 1),
(1035, 'Phạm', 'Đức', 'Sơn', '96mbx', 'j0bnupmpn5', '1972-11-10', 0x31, 'Tân Đông Hiệp	', 'Bắc Từ Liêm	', 'Đắk Nông', '3jswp3mn@gmail.com', 1),
(1036, 'Võ', 'Văn', 'Quân', '3367g', 'd3au40fway', '1979-12-18', 0x31, 'Thắng Lợi	', 'An Lão	', 'Phú Yên', 'yan1pkq5@gmail.com', 1),
(1037, 'Huỳnh', 'Xuân', 'Bảo', '511ht', 'm1pgnblcvu', '1981-04-13', 0x30, 'Tân Đồng	', 'An Nhơn	', 'Sóc Trăng', '4p9mh2lx@gmail.com', 1),
(1038, 'Ngô', 'Đình', 'Thắng', 'epl6g', 'hy0smxdxmv', '1974-06-16', 0x30, 'Bình An	2011', 'Bình Lục	', 'Sóc Trăng', '9md890tt@gmail.com', 1),
(1039, 'Đỗ', 'Cẩm', 'Dũng', 'fpt5y', 'n7t2wxjahs', '1972-06-26', 0x30, 'Phú Tân', 'An Dương	', 'Bạc Liêu', '3r4n09l3@gmail.com', 1),
(1040, 'Trần', 'Thu', 'Ngọc', 't52my', '1t1ey5mr81', '1970-11-05', 0x31, 'Phường 7', 'An Phú	', 'Bình Định', 'xrgvffbk@gmail.com', 1),
(1041, 'Dương', 'Cẩm', 'Hùng', 'saemn', '4wa37pn963', '1992-04-05', 0x31, 'Phường 2	', 'An Nhơn	', 'Phú Yên', '2nrh02gh@gmail.com', 1),
(1042, 'Ngô', 'Đại', 'Khắc', 'u58hr', 'l0ju7nn6he', '1980-11-22', 0x31, 'Phú Lợi', 'Bình Xuyên	', 'Tuyên Quang', 'd7qjrjpn@gmail.com', 1),
(1043, 'Lý', 'Đức', 'Hạnh', '43s1p', 'm99fuhpmy3', '1986-06-29', 0x31, 'Nhơn Bình	', 'Bình Thủy	', 'Hải Dương', 'q987wguc@gmail.com', 1),
(1044, 'Trần', 'Đại', 'Nam', '6vd5g', '1a9278v6kq', '1984-03-05', 0x31, 'Phường 7', 'Bình Lục	', 'Điện Biên', 'tmh4jab8@gmail.com', 1),
(1045, 'Nguyễn', 'Đình', 'Thành', 'vtte3', '9yfp2e92c7', '1971-07-28', 0x31, 'Chánh Nghĩa', 'Bát Xát	', 'Vĩnh Long', 'rrl0t0hj@gmail.com', 1),
(1046, 'Hoàng', 'Văn', 'Sơn', '14djx', 'fdqvjtcmck', '1971-01-25', 0x31, 'Tân Xuyên	', 'A Lưới	', 'Hà Nội', '695bupq0@gmail.com', 1),
(1047, 'Lê', 'Đại', 'Dũng', '67e45', 'ga49efrg0y', '1994-07-21', 0x30, 'Đồng Tâm	', 'Ba Đồn	', 'Thừa Thiên Huế', 'ltft9k9p@gmail.com', 1),
(1048, 'Ngô', 'Đức', 'Ngọc', 'ggy7j', 'rqfchpctms', '1972-01-10', 0x31, 'Tân Thiện	', 'Cai Lậy		', 'Quảng Bình', 'mm2ukmbq@gmail.com', 1),
(1049, 'Lý', 'Cẩm', 'Khải', 'du3j0', 'tm32bh29b0', '1976-09-29', 0x30, 'Phú Tân	', 'Bác Ái			', 'Đồng Tháp', '9paft52m@gmail.com', 1),
(1050, 'Dương', 'Cẩm', 'Sơn', 'vl1fd', 'yueshqs9cf', '1972-04-04', 0x31, 'Nguyễn Văn Cừ	', 'Cái Bè', 'Sơn La', 'cld7s70y@gmail.com', 1),
(1051, 'Bùi', 'Châu', 'Bách', 'x9rg2', 'qdr36h5f3f', '1986-03-13', 0x30, 'Trần Phú', 'Ba Vì		', 'Bến Tre', '9mc7md7a@gmail.com', 1),
(1052, 'Trần', 'Hồng', 'Hữu', '693ts', 'w7hv0h6meb', '1975-08-18', 0x30, 'Lạc Đạo', 'An Phú	', 'Lai Châu', '99upu6x0@gmail.com', 1),
(1053, 'Hồ', 'Thị', 'Khải', 'war2h', '0bru9sm7up', '1994-02-01', 0x31, 'Quang Trung', 'An Khê	', 'Sóc Trăng', 'ftx040h9@gmail.com', 1),
(1054, 'Đỗ', 'Đình', 'Quốc', '66n2k', '130vxcqydg', '1981-05-26', 0x31, 'Hưng Định	', 'Bác Ái			', 'Hà Tĩnh', 'r31jmujv@gmail.com', 1),
(1055, 'Bùi', 'Hồng', 'Viết', 'k6em6', 'abnl750htw', '1990-07-31', 0x31, 'Thành Công	', 'Bá Thước	', 'Bình Dương', 'dhnybtn7@gmail.com', 1),
(1056, 'Lý', 'Châu', 'Quang', 'vwgk2', 'f7rdcy6q2h', '1989-01-14', 0x31, 'Tân Đồng	', 'Ba Bể	', 'Đồng Tháp', 'wb9er2vq@gmail.com', 1),
(1057, 'Trần', 'Cẩm', 'Hòa', 'b6rt2', 'u9vp76n5p3', '1978-08-22', 0x31, 'Đức Nghĩa', 'Ba Tơ		', 'Hưng Yên', 'kq96axg0@gmail.com', 1),
(1058, 'Huỳnh', 'Văn', 'Trung', '2ufre', '5d7838nq2c', '1994-08-30', 0x30, 'Lái Thiêu	', 'Bà Rịa', 'Tây Ninh', 'e4uxjp9x@gmail.com', 1),
(1059, 'Bùi', 'Hạnh', 'Huy', 'y1ra5', 'wm0kldcya8', '1976-02-27', 0x30, 'Đức Thắng', 'Ba Tri	', 'Vĩnh Phúc', 'g2ebshm0@gmail.com', 1),
(1060, 'Hoàng', 'Thị', 'Đức', 'djrs4', 'hq36ldq6jx', '1976-09-05', 0x31, 'Phú Thọ', 'Bắc Trà My	', 'Phú Yên', 'kgxrrxgg@gmail.com', 1),
(1061, 'Bùi', 'Châu', 'Huy', 'w8s4l', '76gddfq1af', '1976-12-22', 0x31, 'Định Hòa', 'An Lão	', 'Đắk Lắk', 'r142mefb@gmail.com', 1),
(1062, 'Bùi', 'Cẩm', 'Quang', 'huvef', 'y87sxshr9e', '1978-10-03', 0x30, 'Đức Long', 'Bình Sơn	', 'Lạng Sơn', 'thlk8unl@gmail.com', 1),
(1063, 'Đỗ', 'Hoàng', 'Quốc', '9yp0u', 'dfrgn8qdgb', '1975-08-06', 0x31, 'Trần Phú', 'Bình Tân', 'Tây Ninh', 'm9bkncyj@gmail.com', 1),
(1064, 'Lý', 'Thị', 'Trung', 'kc28d', '0qjln8dd5l', '1978-03-29', 0x30, 'Hòa Phú	', 'Bảo Lâm	', 'Tiền Giang', '9a7fqdug@gmail.com', 1),
(1065, 'Lê', 'Văn', 'Vĩnh', 'bn3hs', 'y3ge322wxw', '1979-03-31', 0x30, 'Tân Thành	', 'Ba Vì		', 'Bến Tre', 'g8tm9tjn@gmail.com', 1),
(1066, 'Lý', 'Thị', 'Duy', 'mmhkq', 'p4622x0twm', '1979-10-22', 0x30, 'Minh Tân	', 'Bình Thủy	', 'Đắk Nông', '40qd1a9f@gmail.com', 1),
(1067, 'Nguyễn', 'Xuân', 'Nguyên', 's6pd9', 'pgdxj3kfhv', '1978-01-07', 0x31, 'Ea Tam	', 'Cai Lậy		', 'Thái Nguyên', 'xs5yt297@gmail.com', 1),
(1068, 'Hồ', 'Thị', 'Tâm', 'kcnm7', 'gy2xfcfjet', '1994-04-12', 0x31, 'Đồng Tâm	', 'Ba Tơ		', 'Thừa Thiên Huế', 'a1tpbpg0@gmail.com', 1),
(1069, 'Dương', 'Châu', 'Hậu', '7vyqt', 'elyqc2yv1l', '1987-08-03', 0x30, 'Khánh Xuân	', 'Bàu Bàng	', 'Ninh Thuận', 'cqpel2v0@gmail.com', 1),
(1070, 'Đỗ', 'Thu', 'Hải', 'au3uw', '6s3aymcq2k', '1988-02-16', 0x30, 'Phường 9	', 'Bỉm Sơn	', 'Hà Nam', 'w3yf0dq4@gmail.com', 1),
(1071, 'Bùi', 'Văn', 'Ngọc', '2bacm', '3mln2pk5gp', '1976-03-05', 0x31, 'Thắng Lợi	', 'Bù Đăng	', 'Lai Châu', 'f0g2xjp9@gmail.com', 1),
(1072, 'Đặng', 'Đức', 'Nhân', 'fx856', 'r4ykd7fcbh', '1971-04-11', 0x31, 'Phú Cường', 'Bắc Sơn		', 'Phú Yên', '5ufvctj9@gmail.com', 1),
(1073, 'Trần', 'Xuân', 'Tâm', 's7n26', '1xswwlqj2e', '1976-03-20', 0x30, 'Tân Phú	', 'Bình Sơn	', 'Ninh Bình', 'ssr0uush@gmail.com', 1),
(1074, 'Đỗ', 'Hoàng', 'Phúc', 'wawek', 'jqv64kjcqg', '1976-10-30', 0x31, 'Nhơn Bình	', 'An Dương	', 'Tiền Giang', 'jkg19skt@gmail.com', 1),
(1075, 'Trần', 'Xuân', 'Dũng', 'agy0a', 'g6uu9lahls', '1982-06-01', 0x31, 'Hợp Minh	', 'Ba Đình	', 'Bến Tre', 'm2857wxl@gmail.com', 1),
(1076, 'Đỗ', 'Văn', 'Hà', 'bww0v', 'he8108ypaw', '1973-12-20', 0x30, 'Tân Đồng	', 'Bình Chánh	', 'Cao Bằng', 'bpvk9b3u@gmail.com', 1),
(1077, 'Hoàng', 'Hạnh', 'Hoài', 'smu0k', 'g9bfvhv82y', '1978-10-20', 0x30, 'Thống Nhất	', 'Bắc Quang	', 'Cà Mau	', 'wunhpsv7@gmail.com', 1),
(1078, 'Ngô', 'Đình', 'Tấn', 'v4487', '3emyc6u223', '1980-08-30', 0x31, 'Vĩnh Phú	', 'Bình Đại	', 'Sơn La', 'jhlu1r67@gmail.com', 1),
(1079, 'Dương', 'Xuân', 'Hoàng', 'qa90p', 'sbb8eu3d62', '1988-05-31', 0x31, 'Tân Tiến	', 'Ba Bể	', 'Lai Châu', 'mmsfwfvg@gmail.com', 1),
(1080, 'Hoàng', 'Văn', 'Luân', 'vkjs6', 'm29kkqyv2g', '1983-09-16', 0x30, 'Hải Cảng	', 'Cái Nước	', 'Nam Định', 'w921c4rp@gmail.com', 1),
(1081, 'Lý', 'Xuân', 'Trung', 'jr62g', 'vchnq58mmr', '1993-12-21', 0x31, 'Hiệp An', 'Bố Trạch	', 'Thừa Thiên Huế', 'jlxu22d2@gmail.com', 1),
(1082, 'Bùi', 'Văn', 'Huy', 'akcd8', '454wkw95m1', '1979-03-28', 0x30, 'Ghềnh Ráng	', 'Bù Gia Mập	', 'Vĩnh Long', 'gshw2gl1@gmail.com', 1),
(1083, 'Đỗ', 'Thu', 'Nguyên', 'gj0tu', 'nxdrlyenp3', '1993-06-24', 0x30, 'Tân Xuân	', 'An Nhơn	', 'Vĩnh Phúc', 'p4gg6pah@gmail.com', 1),
(1084, 'Hồ', 'Đức', 'Quang', '3xbs2', 'u9qypd846g', '1975-10-25', 0x30, 'Phú Lợi', 'Bảo Thắng	', 'Bình Thuận', '8am4w9e2@gmail.com', 1),
(1085, 'Phạm', 'Đại', 'Việt', 'hfq8j', 'kvkskfkl7n', '1972-05-01', 0x31, 'Dĩ An	', 'Bắc Quang	', 'Lâm Đồng', '2bu9qbxw@gmail.com', 1),
(1086, 'Bùi', 'Đức', 'Quốc', 'p0lge', 'gedquxtrxs', '1978-10-15', 0x30, 'Hưng Long', 'Ba Tri	', 'Lâm Đồng', 'p391s7dc@gmail.com', 1),
(1087, 'Vũ', 'Thị', 'Tuấn', 'u314j', 'w6w6yveh9n', '1986-12-07', 0x30, 'Tân Đồng	', 'Bát Xát	', 'Tiền Giang', '7akcn25v@gmail.com', 1),
(1088, 'Huỳnh', 'Văn', 'Đình', '7ate9', '1e58tsmjl3', '1981-10-01', 0x31, 'Phú Hòa', 'Ba Đồn	', 'Long An', 'upah8fcs@gmail.com', 1),
(1089, 'Vũ', 'Cẩm', 'Ngọc', '6xc6f', '9w93hwsuyc', '1971-04-01', 0x31, 'Trần Hưng', 'An Phú	', 'Khánh Hòa', 'lrvt5ynu@gmail.com', 1),
(1090, 'Võ', 'Xuân', 'Phúc', 'gw5ne', 'd4ul5d5wxp', '1988-05-03', 0x30, 'Chánh Nghĩa', 'Bắc Yên		', 'Nam Định', 'b1hmjh4q@gmail.com', 1),
(1091, 'Huỳnh', 'Hoàng', 'Thiên', 'qqt4w', '0ftfpp2u20', '1993-07-10', 0x31, 'Tân Đồng	', 'Bình Xuyên	', 'Nam Định', 'c9dyp236@gmail.com', 1),
(1092, 'Lý', 'Đức', 'Minh', '9tj9u', 'n94gty3pl7', '1986-12-04', 0x30, 'Quang Trung', 'Bình Tân', 'Lâm Đồng', '8lcgymdb@gmail.com', 1),
(1093, 'Đặng', 'Cẩm', 'Duy', 'ncdwc', '1yh2pgxpgr', '1983-10-16', 0x31, 'Lê Lợi	', 'An Khê	', 'Cà Mau	', '546m5nsk@gmail.com', 1),
(1094, 'Đặng', 'Thị', 'Lữ', 'ccbeq', '7s2dg45w9y', '1970-01-15', 0x31, 'Tân Phú	', 'Buôn Hồ', 'Bạc Liêu', 'nd6q5c7q@gmail.com', 1),
(1095, 'Huỳnh', 'Thị', 'Phong', '08j9t', 'pbkygn3ce5', '1994-08-27', 0x31, 'Trần Hưng', 'Bắc Hà	', 'Kon Tum', '3uxewm8e@gmail.com', 1),
(1096, 'Hồ', 'Hoàng', 'Quốc', '0r4fh', 'gj7tesj6b0', '1992-09-23', 0x30, 'An Bình	Dĩ An	', 'Bảo Thắng	', 'Đà Nẵng', 'pjh006g9@gmail.com', 1),
(1097, 'Ngô', 'Xuân', 'Thịnh', 'gx17v', 'xpqgxjucnc', '1991-03-17', 0x31, 'Trần Phú', 'Bình Liêu	', 'Ninh Thuận', 'u0bdra4f@gmail.com', 1),
(1098, 'Phạm', 'Cẩm', 'Công', 'p3qpq', 'sbsrw2y3n3', '1982-05-30', 0x31, 'Sông Bằng	', 'An Dương	', 'Hà Nam', 'fpybh4d5@gmail.com', 1),
(1099, 'Lý', 'Châu', 'Thuận', '3e2dv', '0trrwcc8re', '1973-01-13', 0x31, 'Hiệp Thành', 'Ba Tri	', 'Yên Bái', 'enq4l6fq@gmail.com', 1),
(1100, 'Dương', 'Hạnh', 'Anh', 'uyb8m', '23qkpsuxvj', '1975-05-28', 0x30, 'Tân Giang	', 'Bình Chánh	', 'Bình Dương', 'uq5f55mm@gmail.com', 1),
(2000, 'Huỳnh', 'Đức', 'Phong', '3qgmr', 'xm4k1upq3y', '1976-09-08', 0x30, 'Hưng Long', 'Bắc Kạn	', 'Quảng Ninh', 'g1ad636h@gmail.com', 2),
(2001, 'Bùi', 'Thị', 'Hùng', 'ecya4', '5s2qqk3w7y', '1980-05-21', 0x30, 'Khánh Xuân	', 'Bình Đại	', 'Lâm Đồng', 'wc14u0pv@gmail.com', 2),
(2002, 'Phan', 'Đại', 'Huy', '8anwr', 'kcg06gvp2x', '1983-04-21', 0x31, 'Tương Bình Hiệp	', 'Bình Thủy	', 'Đồng Tháp', 'v1cl77mh@gmail.com', 2),
(2003, 'Hồ', 'Hồng', 'Chấn', 'l9h35', 'hsgde7n8ag', '1990-09-06', 0x30, 'Sông Hiến	', 'Bình Sơn	', 'Bình Phước', '2bvw9x32@gmail.com', 2),
(2004, 'Võ', 'Đại', 'Hùng', 'sky11', 'l7dx9h8np6', '1981-03-13', 0x31, 'Tân Thành	', 'Bình Lục	', 'Hậu Giang', 'e4j6fkql@gmail.com', 2),
(2005, 'Lê', 'Hoàng', 'Huyền', 'x82ly', 'ede1rc2upg', '1990-10-18', 0x31, 'Yên Thịnh	', 'Bến Lức		', 'Lạng Sơn', '4kh5ccfx@gmail.com', 2),
(2006, 'Ngô', 'Hạnh', 'Nghĩa', 'tues7', 'qxp735c4tn', '1972-03-27', 0x30, 'Dĩ An	', 'Bình Lục	', 'Bạc Liêu', 'bml373ry@gmail.com', 2),
(2007, 'Đỗ', 'Văn', 'Phi', 'n5c28', 'xgwxuapb30', '1993-03-07', 0x31, 'Bình An	2011', 'Bảo Lâm	', 'Yên Bái', '4b308we3@gmail.com', 2),
(2008, 'Phan', 'Hạnh', 'Anh', 'ancse', 'jw21dgbqlg', '1984-04-07', 0x31, 'Chánh Mỹ', 'Bắc Tân Uyên	', 'Tây Ninh', 'umcy6hve@gmail.com', 2),
(2009, 'Hoàng', 'Văn', 'Dương', '9sc6g', 'aewkqn5gav', '1972-02-05', 0x30, 'Bình Chuẩn	', 'Bình Tân	 ', 'Hòa Bình', 'vmyhnr2k@gmail.com', 2),
(2010, 'Đỗ', 'Thu', 'Minh', 'ajmq6', 'ykqxm4lnek', '1979-01-28', 0x30, 'Phú Lợi', 'Bảo Lâm	', 'Bình Dương', 'fd82u01r@gmail.com', 2),
(2011, 'Đặng', 'Cẩm', 'Đạt', 'pe1wv', 'j1t934sv62', '1976-07-16', 0x30, 'Chánh Nghĩa', 'Bù Đăng	', 'Bình Phước', 'ppvep68w@gmail.com', 2),
(2012, 'Lê', 'Châu', 'Quang', 'vjh2k', '8bwt20teu3', '1978-09-20', 0x30, 'Ngô Mây	', 'Bắc Quang	', 'Cao Bằng', 'ymh4cbgx@gmail.com', 2),
(2013, 'Hồ', 'Đại', 'Việt', 'vn5n0', 'hymfersp85', '1978-01-05', 0x30, 'Phường 4	', 'Buôn Đôn	', 'Hậu Giang', 'l7603ub8@gmail.com', 2),
(2014, 'Huỳnh', 'Hạnh', 'Bá', 'duavd', 'eeqxalr9hr', '1991-03-23', 0x30, 'Tân Phú	', 'Buôn Đôn	', 'Khánh Hòa', 'mh68e694@gmail.com', 2),
(2015, 'Phạm', 'Đức', 'Vinh', 'm460a', 'la792qkby7', '1981-06-13', 0x31, 'Tân Xuyên	', 'Ba Chẽ	', 'Hà Tĩnh', '0lvxu3vx@gmail.com', 2),
(2016, 'Bùi', 'Hồng', 'Tùng', '11k6h', 'g67urdlu7l', '1974-01-08', 0x31, 'Tương Bình Hiệp	', 'Bắc Trà My	', 'Bà Rịa – Vũng Tàu	', 't10th8y2@gmail.com', 2),
(2017, 'Lý', 'Hồng', 'Hoàng', 'g7djl', 'h4xqybm1p6', '1973-10-26', 0x31, 'Ngô Mây	', 'Ba Tơ		', 'Lào Cai', 'eyjc6kyu@gmail.com', 2),
(2018, 'Phan', 'Văn', 'Việt', '4exww', 'd7urulbbq4', '1979-08-19', 0x30, 'Bình Nhâm	', 'Bát Xát	', 'Cà Mau	', 'wdurxe1j@gmail.com', 2),
(2019, 'Phan', 'Thu', 'Thuận', 'hplj3', 'q2lf8lylht', '1985-12-02', 0x31, 'Hợp Minh	', 'An Khê	', 'Tuyên Quang', 'fr9mq2sb@gmail.com', 2),
(2020, 'Phan', 'Thị', 'Hữu', 'p3br0', '5uqhrm26l5', '1994-08-28', 0x31, 'Chánh Nghĩa', 'An Lão	', 'Ninh Thuận', 'mu2vmtfd@gmail.com', 2),
(2021, 'Dương', 'Hoàng', 'Hà', 'umspx', 'hj5s5g0fne', '1973-04-26', 0x31, 'Tiến Thành	', 'An Khê	', 'Đồng Tháp', 'abm55j0a@gmail.com', 2),
(2022, 'Phan', 'Hạnh', 'Vinh', 'hg28n', 'ed0plxk8cw', '1989-03-23', 0x30, 'Yên Thịnh	', 'An Nhơn	', 'Điện Biên', 'x6822cuc@gmail.com', 2),
(2023, 'Huỳnh', 'Văn', 'Trung', 'spncb', '1hj2qxcybh', '1985-08-06', 0x30, 'Tân Bình', 'Bàu Bàng	', 'Tiền Giang', 'ndydtpcr@gmail.com', 2),
(2024, 'Đặng', 'Đức', 'Anh', 'eqk7s', '82kbhh98r1', '1988-04-18', 0x30, 'Phường 8	', 'Ba Đình	', 'Hà Tĩnh', 'x89kwahl@gmail.com', 2),
(2025, 'Võ', 'Đình', 'Đức', 'fh28w', 'lhyuvsqe1y', '1983-11-09', 0x30, 'Phú Hòa', 'Ba Tơ		', 'Khánh Hòa', 'gssd27ej@gmail.com', 2),
(2026, 'Ngô', 'Đình', 'Kiên', 'wl40v', '9xgelurnbj', '1976-02-25', 0x30, 'Chánh Mỹ', 'A Lưới	', 'Bình Dương', 'sdrn234r@gmail.com', 2),
(2027, 'Vũ', 'Hạnh', 'Quốc', 'w6q7m', 'jellg0k9n2', '1991-04-25', 0x30, 'Phú Thọ', 'Bảo Lâm	', 'Kon Tum', 'f9tm1gac@gmail.com', 2),
(2028, 'Đặng', 'Hoàng', 'Vĩnh', 'epe6q', 'mj0fqgdh41', '1978-05-28', 0x31, 'Phú Khương	', 'Bắc Hà	', 'Điện Biên', 'y4ugu25l@gmail.com', 2),
(2029, 'Lê', 'Hoàng', 'Hằng', 't0qb8', 'r8f8whjapc', '1983-11-17', 0x31, 'Bình Hòa	', 'Bảo Lâm	', 'Hải Dương', '43m95l1f@gmail.com', 2),
(2030, 'Dương', 'Hồng', 'Duy', '29qp9', 'hqh0ucb09q', '1986-11-01', 0x30, 'Phú Khương	', 'An Nhơn	', 'Tiền Giang', 'dj03m7h3@gmail.com', 2),
(2031, 'Đỗ', 'Đức', 'Vạn', 'dq376', 'n22l9cnbk6', '1991-04-06', 0x30, 'Phú Tân', 'An Dương	', 'Bạc Liêu', 'q7brngnh@gmail.com', 2),
(2032, 'Đỗ', 'Thu', 'Chánh', 'b4gsx', 'wlbjgvmaab', '1981-06-28', 0x31, 'Nguyễn Phúc	', 'Bình Lục	', 'Long An', 'nq4sk5x8@gmail.com', 2),
(2033, 'Võ', 'Hoàng', 'Đức', 'emvqp', 'qhuxpcm2j5', '1981-03-01', 0x31, 'Trần Hưng', 'Cai Lậy		', 'Quảng Trị', 'q33yrxr4@gmail.com', 2),
(2034, 'Hồ', 'Đại', 'Thiện', '366n0', 'wragnd75p8', '1975-10-04', 0x30, 'Lạc Đạo', 'Cai Lậy', 'Điện Biên', '3a812j86@gmail.com', 2),
(2035, 'Phan', 'Thị', 'Quang', 'q4uj6', 'veku3jm0sf', '1973-04-24', 0x31, 'Nguyễn Văn Cừ	', 'Bắc Kạn	', 'Hải Phòng', 'yh869q9t@gmail.com', 2),
(2036, 'Huỳnh', 'Đình', 'Vũ', 'yq7xs', 'apn1km371g', '1983-06-30', 0x31, 'Hiệp Thành', 'An Biên		', 'Hải Phòng', '428rac1c@gmail.com', 2),
(2037, 'Trần', 'Xuân', 'Nguyên', 'etsae', 'ql0h952qws', '1991-04-12', 0x31, 'Tiến Thành	', 'Bạch Long Vĩ	', 'Quảng Ninh', 'ym5nxx33@gmail.com', 2),
(2038, 'Dương', 'Xuân', 'Lâm', '956tg', 'j7xq14dfa6', '1971-06-26', 0x31, 'Tân Thành	', 'An Minh		', 'Hà Giang', 'acc4btmx@gmail.com', 2),
(2039, 'Lê', 'Hoàng', 'Toàn', 'ayw0j', 'uaahdv2bx0', '1988-08-05', 0x31, 'Phú Mỹ', 'Cái Bè', 'Trà Vinh', '80u49s9j@gmail.com', 2),
(2040, 'Ngô', 'Đức', 'An', 'ekhpn', '0juw3h74aj', '1979-01-26', 0x30, 'Đức Thắng', 'Ba Đình	', 'Tiền Giang', '0pes5ugl@gmail.com', 2),
(2041, 'Bùi', 'Cẩm', 'Kiên', 'ca9nb', '321uey0dav', '1991-11-20', 0x30, 'Đồng Tâm	', 'A Lưới	', 'Nam Định', 'lrkj2qev@gmail.com', 2),
(2042, 'Lê', 'Đình', 'Hoàng', 'bkffh', '8ty6g8xvxw', '1986-09-08', 0x31, 'Đồng Tâm	', 'Bắc Mê	', 'Đắk Lắk', '78tlptfv@gmail.com', 2),
(2043, 'Dương', 'Đại', 'Công', 'x6kk0', '2kcamkx5cn', '1973-07-08', 0x30, 'Tân Thành	', 'Bắc Mê	', 'Khánh Hòa', 'e3y2lwss@gmail.com', 2),
(2044, 'Dương', 'Đại', 'Tuấn', 'kmwx2', 'u33dfsau84', '1991-11-27', 0x31, 'Tân Phú	', 'An Phú	', 'Đồng Tháp', 'ss7neh0g@gmail.com', 2),
(2045, 'Lý', 'Xuân', 'Thịnh', 'v3vcy', '1dq5rlllxd', '1974-11-01', 0x31, 'Hiệp An', 'Bảo Lâm	', 'TP Hồ Chí Minh', 'c4lt25m2@gmail.com', 2),
(2046, 'Phan', 'Châu', 'Lâm', '6y16t', 'bc9vseaykp', '1973-10-31', 0x30, 'An Thạnh	', 'An Lão	', 'Thái Bình', 't198gvux@gmail.com', 2),
(2047, 'Đỗ', 'Châu', 'Hùng', '669ju', 'ummx90lbgn', '1991-05-26', 0x30, 'Ghềnh Ráng	', 'Bá Thước	', 'Lai Châu', '7jg9svj5@gmail.com', 2),
(2048, 'Đặng', 'Xuân', 'Quốc', 'l9t7u', 'lbnvvrkqey', '1993-07-23', 0x31, 'Phú Tân', 'Bảo Lạc	', 'Hải Dương', 'hcreecac@gmail.com', 2),
(2049, 'Lý', 'Hoàng', 'Duy', '3t4gv', 'x4fm94xf0n', '1972-07-26', 0x30, 'Thống Nhất	', 'Bạch Long Vĩ	', 'Tiền Giang', 'vsul1nja@gmail.com', 2),
(2050, 'Dương', 'Thị', 'Hiếu', 've3qh', 'j5cerp58ef', '1970-12-15', 0x31, 'Hồng Hà	', 'Bình Tân	 ', 'Gia Lai', '0kuv818x@gmail.com', 2),
(2051, 'Lê', 'Đại', 'Quốc', '7g60p', '5s1eytnhrl', '1971-11-13', 0x31, 'Tân Thiện	', 'Bảo Lạc	', 'Hưng Yên', 'sahnwqch@gmail.com', 2),
(2052, 'Đỗ', 'Cẩm', 'Phong', '7ngmd', 'bkk5j4tw0j', '1978-02-06', 0x31, 'Đức Long', 'Bạch Long Vĩ	', 'Thừa Thiên Huế', '017sbqd2@gmail.com', 2),
(2053, 'Dương', 'Đức', 'Thành', '2nug1', '3gaf0bh57l', '1993-04-28', 0x30, 'Ea Tam	', 'Bạch Long Vĩ	', 'Hải Phòng', 'xe3v5rge@gmail.com', 2),
(2054, 'Lý', 'Hoàng', 'Dũng', 'e9s0x', 'hmd5akdmaj', '1986-06-25', 0x30, 'Đức Thắng', 'Bát Xát	', 'Quảng Nam', 'cvy8f0ju@gmail.com', 2),
(2055, 'Lý', 'Thị', 'Hải', 'bp54t', 'cbfy0jwev8', '1981-07-27', 0x30, 'Tân Đông Hiệp	', 'Bình Tân', 'Đà Nẵng', 'fd3yntr0@gmail.com', 2),
(2056, 'Hoàng', 'Thị', 'Yến', 'u6krl', 'md4npbway7', '1975-04-06', 0x30, 'An Hội	', 'Ba Tri	', 'Sóc Trăng', 'djxy5a6x@gmail.com', 2),
(2057, 'Lê', 'Hồng', 'Minh', '934v4', 'wnkuvd65ec', '1985-01-29', 0x31, 'Lạc Đạo', 'Ba Chẽ	', 'Ninh Thuận', 'b935du5d@gmail.com', 2),
(2058, 'Dương', 'Cẩm', 'Tú', 'm50l2', 'cf35uj0ndd', '1987-01-27', 0x31, 'Nguyễn Văn Cừ	', 'Bạch Long Vĩ	', 'Sơn La', '4ume064a@gmail.com', 2),
(2059, 'Ngô', 'Hồng', 'Xuân', 'mbxyw', 'f6cefy1sk1', '1982-02-10', 0x30, 'Định Hòa', 'An Phú	', 'Nghệ An', 'fbb6bxnl@gmail.com', 2),
(2060, 'Vũ', 'Đức', 'Nam', '54mtd', 'ysywqac9um', '1991-10-07', 0x30, 'Khánh Xuân	', 'Bình Sơn	', 'Phú Thọ', '04m8sbd6@gmail.com', 2),
(2061, 'Lê', 'Xuân', 'Hoa', 'v0d71', 'cx9q77p32u', '1984-07-15', 0x30, 'Ngọc Xuân	', 'An Lão	', 'Lâm Đồng', 'ufuhqv9r@gmail.com', 2),
(2062, 'Vũ', 'Thu', 'Lữ', 'tcjdu', '8wrfx1gpjj', '1973-04-29', 0x31, 'Lê Hồng Phong	', 'Buôn Ma Thuột', 'Quảng Trị', '005ett6u@gmail.com', 2),
(2063, 'Nguyễn', 'Bảo', 'Ngọc', 'perep', 'x3kstxakvp', '1984-03-23', 0x31, 'Sông Bằng	', 'Bình Giang	', 'Khánh Hòa', 'rmgycujx@gmail.com', 2),
(2064, 'Võ', 'Hoàng', 'Ngân', 'vupup', 'w7ay1fclj5', '1982-11-21', 0x30, 'Hợp Minh	', 'Bến Cầu		', 'Điện Biên', '9qqk6mvf@gmail.com', 2),
(2065, 'Trần', 'Xuân', 'Hạ', 'fd2s2', '5t547dxm25', '1977-06-16', 0x30, 'Tân Thành	', 'Bắc Sơn		', 'Phú Thọ', 'sffn0jcx@gmail.com', 2),
(2066, 'Ngô', 'Cẩm', 'Hà', 'hymsy', 'u6ugm508h4', '1986-07-01', 0x30, 'Chánh Mỹ', 'Bù Gia Mập	', 'Ninh Bình', 'pnjdenhy@gmail.com', 2),
(2067, 'Trần', 'Minh', 'Xuân', 't8fg9', 'm2gk2v3u1m', '1977-11-13', 0x31, 'Tân Đông Hiệp	', 'Bảo Lạc	', 'Sơn La', 'xx1a0wxh@gmail.com', 2),
(2068, 'Dương', 'Bảo', 'Yến', 'm3gkf', 'ar6ty2mg7l', '1988-01-07', 0x31, 'Ghềnh Ráng	', 'Bình Giang	', 'Hải Dương', '77j3t4lk@gmail.com', 2),
(2069, 'Đỗ', 'Cẩm', 'Minh', 'e1fjr', 'lxfs0xe31h', '1986-08-30', 0x30, 'Lý Thường Kiệt	', 'Ba Tri	', 'Đồng Nai', '1wm0c2ck@gmail.com', 2),
(2070, 'Lý', 'Thu', 'Hạ', 'v5y6l', '3g47uprdkn', '1984-11-07', 0x30, 'Hàm Tiến	', 'Ba Chẽ	', 'Thừa Thiên Huế', '50p3mb45@gmail.com', 2),
(2071, 'Lý', 'Cẩm', 'Minh', 'cj3hs', 'jywt5t37gb', '1986-12-28', 0x31, 'Tân Bình	', 'Bảo Thắng	', 'Quảng Ninh', 'h7vs2hxl@gmail.com', 2),
(2072, 'Đặng', 'Thu', 'Hà', 'gmur5', 'x92uwtkvrf', '1983-12-06', 0x30, 'Quang Trung', 'Bến Cầu		', 'Tiền Giang', 'apra13vm@gmail.com', 2),
(2073, 'Lê', 'Thu', 'Hiền', '9q06t', 'jqwyxdwhxx', '1974-08-22', 0x30, 'Lê Hồng Phong	', 'Ba Tơ		', 'Khánh Hòa', '9tteeb7c@gmail.com', 2),
(2074, 'Huỳnh', 'Xuân', 'Anh', 'hfxct', 'grw2m37n2f', '1992-04-02', 0x31, 'Phú Cường', 'Bù Đăng	', 'Lai Châu', 'lnm19wvr@gmail.com', 2),
(2075, 'Trần', 'Bảo', 'Khánh', 'nxwxc', '666mahv15b', '1977-01-14', 0x31, 'Định Hòa', 'Bảo Lâm	', 'Đồng Tháp', '4bl45v26@gmail.com', 2),
(2076, 'Võ', 'An', 'Hạ', 'sx12e', '4wk6m9m6fc', '1987-06-10', 0x31, 'Tân Lập	', 'Bình Xuyên	', 'Hà Tĩnh', '2huakcxq@gmail.com', 2),
(2077, 'Dương', 'Châu', 'Giang', 'qq1ee', '9jbm81jfaa', '1982-07-30', 0x30, 'Tân Giang	', 'Buôn Đôn	', 'Lạng Sơn', '0490trys@gmail.com', 2),
(2078, 'Trần', 'Châu', 'Minh', '5lf2p', 'nwthe5w30j', '1972-05-20', 0x31, 'Ngô Mây	', 'Ba Bể	', 'Hà Nội', 'c4yc6df9@gmail.com', 2),
(2079, 'Lê', 'Cẩm', 'Minh', 'mlvmh', 'el01ga70ql', '1989-12-14', 0x31, 'Khánh Xuân	', 'Bảo Lâm	', 'Sơn La', 'ncfthxrj@gmail.com', 2),
(2080, 'Phạm', 'Thị', 'Ngọc', 'spwyj', '89j1pjux3c', '1986-01-05', 0x30, 'Vĩnh Phú	', 'Cái Nước	', 'Hải Dương', 'emav3dh6@gmail.com', 2),
(2081, 'Dương', 'Hồng', 'Ngân', 'yb6u9', 'g3atwxlr8b', '1979-07-30', 0x31, 'Hải Cảng	', 'Bảo Yên	', 'Vĩnh Phúc', '0k64aw8p@gmail.com', 2),
(2082, 'Phan', 'Hạnh', 'Yến', 'p4d8r', 'w9ds76e62w', '1991-01-10', 0x30, 'An Hội	', 'An Minh		', 'Bạc Liêu', 'yvj6224d@gmail.com', 2),
(2083, 'Nguyễn', 'Hoàng', 'Huyền', 'mf1ca', 'adf9hy7dhb', '1976-12-10', 0x30, 'Đức Thắng', 'Bù Đăng	', 'Vĩnh Long', '5uwxu62w@gmail.com', 2),
(2084, 'Trần', 'Hoàng', 'Nguyên', '1s94c', 'hf8xlmuh5x', '1974-12-20', 0x31, 'Đức Nghĩa', 'Bỉm Sơn	', 'Tuyên Quang', 'm0evu7db@gmail.com', 2),
(2085, 'Dương', 'Tú', 'Minh', '198gq', 'ele7dvtvq4', '1994-01-02', 0x30, 'Thành Công	', 'Bắc Giang	', 'Bắc Ninh', 'ahhs9tn7@gmail.com', 2),
(2086, 'Đỗ', 'Châu', 'Xuân', 'uet2u', '6xh87yj32b', '1985-10-21', 0x30, 'Đức Long', 'Bù Đăng	', 'Lào Cai', 'rmefcb9p@gmail.com', 2),
(2087, 'Đặng', 'Thanh', 'Xuân', 't7q4e', '0bxh21n89b', '1992-01-12', 0x30, 'Phường 5	', 'Bà Rịa', 'Hậu Giang', 's7b2hh81@gmail.com', 2),
(2088, 'Hoàng', 'Linh', 'Linh', 'lc0ak', 'vxc87sc84r', '1992-06-27', 0x30, 'Hải Cảng	', 'Bắc Từ Liêm	', 'Bắc Ninh', 'bmsa6qvk@gmail.com', 2),
(2089, 'Đỗ', 'Linh', 'Chi', '0nlcw', 'gbqrtfuvu3', '1970-09-23', 0x30, 'Chánh Mỹ', 'Bình Sơn	', 'Quảng Bình', 'm9qs4py8@gmail.com', 2),
(2090, 'Võ', 'Hiếu', 'Nhi', 'hev0l', '21mrlpm9xg', '1994-01-25', 0x31, 'Nguyễn Thái ', 'Ba Bể	', 'Cà Mau	', 'ey5y6c62@gmail.com', 2),
(2091, 'Đặng', 'Lê', 'Duyên', 'jvxsn', 'tpjlfr3141', '1992-04-11', 0x31, 'Ngọc Xuân	', 'An Dương	', 'Cao Bằng', 'v8x36m6t@gmail.com', 2),
(2092, 'Ngô', 'Mỹ', 'Duyên', '3ptwu', 'u9xchlulf9', '1985-11-25', 0x31, 'Yên Ninh	', 'Ba Đồn	', 'Bắc Ninh', 'h3jykcqg@gmail.com', 2),
(2093, 'Võ', 'Đức', 'Nam', '4jx4b', 'sb86w03413', '1969-03-11', 0x31, 'Thành Nhất	', 'An Khê	', 'Tây Ninh', 'ub04s8f6@gmail.com', 2),
(2094, 'Phạm', 'Minh', 'Tú', 'rj58t', 'g5axqg98l2', '1987-04-06', 0x31, 'Phú Lợi', 'An Nhơn	', 'TP Hồ Chí Minh', 'sa2vwxx3@gmail.com', 2),
(2095, 'Bùi', 'Hoàng', 'Thanh', 'mrdew', 'su9uyus5l7', '1970-04-02', 0x31, 'Tân An	', 'Ba Vì		', 'Quảng Trị', 'pcwesx1r@gmail.com', 2),
(2096, 'Phan', 'Châu', 'Lệ', 'deuh9', 'a2wl0xa2ex', '1972-10-26', 0x31, 'Tân An', 'Bình Lục	', 'Lạng Sơn', 'kmn78gk4@gmail.com', 2),
(2097, 'Ngô', 'Bích', 'Phương', '3wh5q', '1quphu34ya', '1992-09-18', 0x31, 'An Phú	Thuận An	', 'Bình Tân', 'Đồng Tháp', '32k4h6er@gmail.com', 2),
(2098, 'Hoàng', 'Thùy', 'Linh', 'vwylv', 'wdaulmh23d', '1994-08-10', 0x30, 'Phường 2	', 'Ba Đồn	', 'Bình Phước', 'gmf05bhv@gmail.com', 2),
(2099, 'Nguyễn', 'Lê', 'Thu', '2qtxl', '8wl6by8e65', '1970-04-15', 0x30, 'Thống Nhất	', 'Bỉm Sơn	', 'Quảng Bình', '42hf96qr@gmail.com', 2),
(2100, 'Lý', 'Thanh', 'Nga', 's9gts', 'xkt3fjbx6l', '1979-04-18', 0x30, 'Phú Cường', 'Bảo Yên	', 'Yên Bái', '4u7tua5b@gmail.com', 2);

-- --------------------------------------------------------

--
-- Table structure for table `sdt`
--

CREATE TABLE `sdt` (
  `id` int(11) NOT NULL,
  `sdt` varchar(20) NOT NULL
) ENGINE=InnoDB DEFAULT CHARSET=utf8mb4;

--
-- Dumping data for table `sdt`
--

INSERT INTO `sdt` (`id`, `sdt`) VALUES
(1, '01234456'),
(1, '0836042241'),
(2, '01234456'),
(2, '0859502002'),
(3, '0850497375'),
(4, '0955769828'),
(5, '0832773860'),
(6, '0900748992'),
(7, '0981955664'),
(8, '0987534475'),
(9, '0881723598'),
(10, '0858113856'),
(11, '0908699224'),
(12, '0972976033'),
(13, '0974740561'),
(14, '0839083076'),
(15, '0993257324'),
(16, '0836563485'),
(17, '0948745847'),
(18, '0914829951'),
(19, '0816054525'),
(20, '0835142299'),
(21, '0806748960'),
(22, '0872310297'),
(23, '0829015513'),
(24, '0898699083'),
(25, '0821410505'),
(26, '0902037250'),
(27, '0941456277'),
(28, '0991049487'),
(29, '0962984920'),
(30, '0843795121'),
(31, '0999932384'),
(32, '0976761788'),
(33, '0867124161'),
(34, '0918730192'),
(35, '0971384110'),
(36, '0997782468'),
(37, '0849767118'),
(38, '0997428950'),
(39, '0835246322'),
(40, '0974003703'),
(41, '0811123868'),
(42, '0869194163'),
(43, '0933647889'),
(44, '0980806125'),
(45, '0836660834'),
(46, '0849734521'),
(47, '0913889056'),
(48, '0999898723'),
(49, '0842657799'),
(50, '0891996873'),
(51, '0818715766'),
(52, '0809796044'),
(53, '0904049263'),
(54, '0840338557'),
(55, '0934789481'),
(56, '0881076911'),
(57, '0907492648'),
(58, '0848850119'),
(59, '0941992497'),
(60, '0972642443'),
(61, '0952501322'),
(62, '0914604948'),
(63, '0833363764'),
(64, '0823718226'),
(65, '0936774016'),
(66, '0940847223'),
(67, '0961980434'),
(68, '0982944109'),
(69, '0953896751'),
(70, '0996071388'),
(71, '0916349534'),
(72, '0930477693'),
(73, '0877058357'),
(74, '0926744169'),
(75, '0906194643'),
(76, '0882524869'),
(77, '0812535653'),
(78, '0909374875'),
(79, '0876484167'),
(80, '0974741361'),
(81, '0923606830'),
(82, '0864454545'),
(83, '0873370768'),
(84, '0832623813'),
(85, '0940118427'),
(86, '0894406191'),
(87, '0991683749'),
(88, '0890696680'),
(89, '0995438905'),
(90, '0945360068'),
(91, '0923707473'),
(92, '0828630330'),
(93, '0957069187'),
(94, '0873628501'),
(95, '0916666584'),
(96, '0814459519'),
(97, '0897416680'),
(98, '0835035499'),
(99, '0831218317'),
(100, '0817731123'),
(101, '0862760724'),
(102, '0914433227'),
(103, '0986061472'),
(104, '0863940824'),
(105, '0946762551'),
(106, '0850224680'),
(107, '0879001022'),
(108, '0875107880'),
(109, '0860567861'),
(110, '0968193717'),
(111, '0948434269'),
(112, '0878871323'),
(113, '0890011396'),
(114, '0983614082'),
(115, '0846581998'),
(116, '0842369953'),
(117, '0947481483'),
(118, '0872349679'),
(119, '0802880311'),
(120, '0909107336'),
(121, '0829124722'),
(122, '0971592068'),
(123, '0831610865'),
(124, '0882976319'),
(125, '0991078427'),
(126, '0842353927'),
(127, '0995973049'),
(128, '0803013928'),
(129, '0989979454'),
(130, '0947909747'),
(131, '0866262915'),
(132, '0896556012'),
(133, '0844828876'),
(134, '0843139050'),
(135, '0845767747'),
(136, '0816786907'),
(137, '0939836440'),
(138, '0982299458'),
(139, '0931782972'),
(140, '0874913763'),
(141, '0889775923'),
(142, '0835705648'),
(143, '0845670903'),
(144, '0983520910'),
(145, '0971428435'),
(146, '0821267811'),
(147, '0932864430'),
(148, '0893293971'),
(149, '0906402951'),
(150, '0945628578'),
(151, '0836958733'),
(152, '0968648660'),
(153, '0931056217'),
(154, '0874339958'),
(155, '0869545260'),
(156, '0801061456'),
(157, '0991661309'),
(158, '0906396167'),
(159, '0934035984'),
(160, '0953884586'),
(161, '0941121542'),
(162, '0959862538'),
(163, '0950719168'),
(164, '0974546461'),
(165, '0834300496'),
(166, '0881390640'),
(167, '0991965391'),
(168, '0811476174'),
(169, '0857475125'),
(170, '0826126549'),
(171, '0975862178'),
(172, '0840549423'),
(173, '0820141137'),
(174, '0833195585'),
(175, '0882246242'),
(176, '0841339656'),
(177, '0820601422'),
(178, '0960389240'),
(179, '0807845885'),
(180, '0804205968'),
(181, '0940260953'),
(182, '0848590612'),
(183, '0916245854'),
(184, '0898014231'),
(185, '0844817645'),
(186, '0847160916'),
(187, '0994816709'),
(188, '0893881380'),
(189, '0987785661'),
(190, '0895902135'),
(191, '0944581911'),
(192, '0819108967'),
(193, '0993836976'),
(194, '0923838794'),
(195, '0996644935'),
(196, '0928035879'),
(197, '0804135951'),
(198, '0807513925'),
(199, '0975890133'),
(200, '0834434836'),
(201, '0833157800'),
(202, '0888217986'),
(203, '0949634614'),
(204, '0878874868'),
(205, '0908969814'),
(206, '0985023606'),
(207, '0819838750'),
(208, '0815416813'),
(209, '0950309692'),
(210, '0995537260'),
(211, '0850177444'),
(212, '0852320233'),
(213, '0997742958'),
(214, '0943265793'),
(215, '0946701394'),
(216, '0994106806'),
(217, '0980937003'),
(218, '0855181642'),
(219, '0857485653'),
(220, '0895521412'),
(221, '0985096681'),
(222, '0979484585'),
(223, '0881763617'),
(224, '0984748253'),
(225, '0821516624'),
(226, '0946450888'),
(227, '0988162274'),
(228, '0817451504'),
(229, '0995493070'),
(230, '0912494692'),
(231, '0922092691'),
(232, '0845518703'),
(233, '0829402056'),
(234, '0967826240'),
(235, '0917676445'),
(236, '0954288608'),
(237, '0992012157'),
(238, '0950989864'),
(239, '0816618252'),
(240, '0960194475'),
(241, '0811029024'),
(242, '0930447458'),
(243, '0811896520'),
(244, '0912795219'),
(245, '0862897566'),
(246, '0988285660'),
(247, '0856639020'),
(248, '0958819943'),
(249, '0957632425'),
(250, '0908106297'),
(251, '0822318180'),
(252, '0900363635'),
(253, '0827902223'),
(254, '0962811634'),
(255, '0952156632'),
(256, '0856671410'),
(257, '0950827692'),
(258, '0905115000'),
(259, '0806778630'),
(260, '0886364595'),
(261, '0896522841'),
(262, '0989212438'),
(263, '0905019830'),
(264, '0925852301'),
(265, '0933590906'),
(266, '0958917370'),
(267, '0918693712'),
(268, '0996442088'),
(269, '0841486632'),
(270, '0804462694'),
(271, '0944568305'),
(272, '0957545567'),
(273, '0915910810'),
(274, '0803401870'),
(275, '0992616546'),
(276, '0936791262'),
(277, '0907941737'),
(278, '0986655204'),
(279, '0837603076'),
(280, '0826878854'),
(281, '0891410300'),
(282, '0972571088'),
(283, '0901384189'),
(284, '0894342302'),
(285, '0853718761'),
(286, '0958112428'),
(287, '0881124731'),
(288, '0940292492'),
(289, '0872353740'),
(290, '0817747648'),
(291, '0895197683'),
(292, '0862479616'),
(293, '0991546003'),
(294, '0861547383'),
(295, '0973509678'),
(296, '0832066755'),
(297, '0937801236'),
(298, '0835986915'),
(299, '0801082149'),
(300, '0886190318'),
(301, '0906449462'),
(302, '0826539319'),
(303, '0922912773'),
(304, '0856901701'),
(305, '0932852624'),
(306, '0848107537'),
(307, '0805550958'),
(308, '0825963817'),
(309, '0819469109'),
(310, '0856694057'),
(311, '0970615505'),
(312, '0998125402'),
(313, '0845520378'),
(314, '0933306229'),
(315, '0952709061'),
(316, '0963110211'),
(317, '0925138964'),
(318, '0922285888'),
(319, '0821077896'),
(320, '0984494115'),
(321, '0929035948'),
(322, '0801608973'),
(323, '0921099113'),
(324, '0889820007'),
(325, '0805451158'),
(326, '0865072696'),
(327, '0907684887'),
(328, '0868795849'),
(329, '0989918014'),
(330, '0885762401'),
(331, '0877749867'),
(332, '0999370721'),
(333, '0801650399'),
(334, '0812523241'),
(335, '0965470315'),
(336, '0815353263'),
(337, '0887261246'),
(338, '0966519792'),
(339, '0847903948'),
(340, '0962748354'),
(341, '0902216438'),
(342, '0921979831'),
(343, '0865693925'),
(344, '0927412825'),
(345, '0801612305'),
(346, '0857344164'),
(347, '0809890307'),
(348, '0940519507'),
(349, '0904256916'),
(350, '0817688765'),
(351, '0876501053'),
(352, '0981948412'),
(353, '0954296442'),
(354, '0813094321'),
(355, '0969094302'),
(356, '0802523532'),
(357, '0898195446'),
(358, '0881505965'),
(359, '0935603872'),
(360, '0943841430'),
(361, '0910485984'),
(362, '0833193050'),
(363, '0916610558'),
(364, '0979830465'),
(365, '0845666402'),
(366, '0915526358'),
(367, '0847836039'),
(368, '0971346640'),
(369, '0939975248'),
(370, '0893815831'),
(371, '0898916063'),
(372, '0962701263'),
(373, '0892402622'),
(374, '0971991647'),
(375, '0881918162'),
(376, '0983766960'),
(377, '0870010131'),
(378, '0854911138'),
(379, '0938772790'),
(380, '0870597619'),
(381, '0848730347'),
(382, '0949174561'),
(383, '0969715893'),
(384, '0822994446'),
(385, '0995876139'),
(386, '0954845365'),
(387, '0895926307'),
(388, '0990164583'),
(389, '0823457456'),
(390, '0933901463'),
(391, '0877708353'),
(392, '0935848468'),
(393, '0838422081'),
(394, '0909202084'),
(395, '0927658297'),
(396, '0954381125'),
(397, '0847049173'),
(398, '0825437169'),
(399, '0974435243'),
(400, '0907683422'),
(401, '0930900588'),
(402, '0833725339'),
(403, '0835083104'),
(404, '0988108057'),
(405, '0910272187'),
(406, '0829173114'),
(407, '0995611833'),
(408, '0968162941'),
(409, '0838661939'),
(410, '0828807891'),
(411, '0801682805'),
(412, '0833095172'),
(413, '0983085292'),
(414, '0817874276'),
(415, '0960601447'),
(416, '0821818797'),
(417, '0871903643'),
(418, '0917062592'),
(419, '0944046724'),
(420, '0978596594'),
(421, '0868875972'),
(422, '0831638478'),
(423, '0875464440'),
(424, '0942073917'),
(425, '0957260904'),
(426, '0820917259'),
(427, '0821691639'),
(428, '0863945968'),
(429, '0954710395'),
(430, '0959602029'),
(431, '0847078903'),
(432, '0884504698'),
(433, '0948816656'),
(434, '0903412353'),
(435, '0951669220'),
(436, '0930441442'),
(437, '0984486983'),
(438, '0903018134'),
(439, '0930250751'),
(440, '0997321626'),
(441, '0894694885'),
(442, '0853962376'),
(443, '0984050227'),
(444, '0966837622'),
(445, '0916628756'),
(446, '0812163455'),
(447, '0996374257'),
(448, '0917446072'),
(449, '0932910793'),
(450, '0832247803'),
(451, '0865176485'),
(452, '0941743134'),
(453, '0955390929'),
(454, '0902995826'),
(455, '0801035437'),
(456, '0820032219'),
(457, '0877438960'),
(458, '0820557632'),
(459, '0824957610'),
(460, '0805854702'),
(461, '0855411214'),
(462, '0837062614'),
(463, '0978823422'),
(464, '0903508498'),
(465, '0992947617'),
(466, '0987400829'),
(467, '0908501814'),
(468, '0847835504'),
(469, '0950814704'),
(470, '0958007754'),
(471, '0953060589'),
(472, '0822195389'),
(473, '0809592369'),
(474, '0860887314'),
(475, '0877224256'),
(476, '0877076228'),
(477, '0941970857'),
(478, '0839129817'),
(479, '0861432101'),
(480, '0819204640'),
(481, '0817438280'),
(482, '0946810697'),
(483, '0882695722'),
(484, '0804600769'),
(485, '0949331207'),
(486, '0895639597'),
(487, '0941748213'),
(488, '0914485406'),
(489, '0928009539'),
(490, '0814361199'),
(491, '0909625343'),
(492, '0900760453'),
(493, '0943728141'),
(494, '0911844799'),
(495, '0844392790'),
(496, '0870606986'),
(497, '0872258258'),
(498, '0929348864'),
(499, '0919999681'),
(500, '0889493004'),
(1000, '0843842796'),
(1001, '0964187665'),
(1002, '0854534324'),
(1003, '0994940257'),
(1004, '0932223411'),
(1005, '0906450495'),
(1006, '0869134412'),
(1007, '0998187627'),
(1008, '0978902976'),
(1009, '0910507883'),
(1010, '0882427393'),
(1011, '0945803217'),
(1012, '0979015224'),
(1013, '0851053730'),
(1014, '0933227971'),
(1015, '0920429130'),
(1016, '0989158396'),
(1017, '0932584556'),
(1018, '0830239177'),
(1019, '0950217103'),
(1020, '0913697131'),
(1021, '0992128788'),
(1022, '0820990881'),
(1023, '0838212932'),
(1024, '0861772415'),
(1025, '0818363737'),
(1026, '0876667035'),
(1027, '0932160199'),
(1028, '0847119553'),
(1029, '0800725367'),
(1030, '0857238518'),
(1031, '0943856236'),
(1032, '0999793963'),
(1033, '0882642135'),
(1034, '0928157894'),
(1035, '0854563453'),
(1036, '0930534307'),
(1037, '0846426848'),
(1038, '0959393727'),
(1039, '0926803394'),
(1040, '0953928809'),
(1041, '0920866117'),
(1042, '0953383840'),
(1043, '0970876475'),
(1044, '0868191782'),
(1045, '0953610385'),
(1046, '0968840364'),
(1047, '0875911794'),
(1048, '0877892382'),
(1049, '0989017248'),
(1050, '0889461697'),
(1051, '0873494050'),
(1052, '0879149838'),
(1053, '0959508801'),
(1054, '0806035222'),
(1055, '0823698966'),
(1056, '0966729655'),
(1057, '0868280971'),
(1058, '0838497778'),
(1059, '0943304475'),
(1060, '0881877938'),
(1061, '0858655766'),
(1062, '0869656758'),
(1063, '0902754050'),
(1064, '0912429014'),
(1065, '0974866941'),
(1066, '0912542978'),
(1067, '0887201504'),
(1068, '0845955997'),
(1069, '0935200162'),
(1070, '0859432155'),
(1071, '0930839724'),
(1072, '0934653762'),
(1073, '0944768714'),
(1074, '0997202922'),
(1075, '0856985476'),
(1076, '0827945865'),
(1077, '0969150403'),
(1078, '0820042174'),
(1079, '0912261143'),
(1080, '0948423199'),
(1081, '0947998006'),
(1082, '0990316658'),
(1083, '0902863576'),
(1084, '0818513769'),
(1085, '0885382946'),
(1086, '0820788121'),
(1087, '0983788659'),
(1088, '0874939430'),
(1089, '0850016949'),
(1090, '0968847501'),
(1091, '0835967048'),
(1092, '0999632755'),
(1093, '0876674350'),
(1094, '0959256478'),
(1095, '0982873719'),
(1096, '0851064353'),
(1097, '0902241520'),
(1098, '0887309951'),
(1099, '0874201461'),
(1100, '0836789561'),
(2000, '0830751104'),
(2001, '0841413426'),
(2002, '0893017337'),
(2003, '0866081333'),
(2004, '0844567980'),
(2005, '0876624150'),
(2006, '0841002520'),
(2007, '0805620636'),
(2008, '0883572735'),
(2009, '0853557359'),
(2010, '0975129457'),
(2011, '0991082982'),
(2012, '0936814356'),
(2013, '0976383671'),
(2014, '0960049068'),
(2015, '0861189307'),
(2016, '0959021908'),
(2017, '0940790236'),
(2018, '0823140366'),
(2019, '0987587894'),
(2020, '0885218254'),
(2021, '0855622472'),
(2022, '0864837063'),
(2023, '0816397292'),
(2024, '0893016533'),
(2025, '0894827446'),
(2026, '0832703007'),
(2027, '0845756556'),
(2028, '0839557786'),
(2029, '0830728298'),
(2030, '0858599502'),
(2031, '0977080906'),
(2032, '0808296604'),
(2033, '0925330083'),
(2034, '0888031412'),
(2035, '0877664945'),
(2036, '0943568257'),
(2037, '0949588706'),
(2038, '0871171797'),
(2039, '0938917352'),
(2040, '0956875121'),
(2041, '0884256458'),
(2042, '0897640005'),
(2043, '0908102902'),
(2044, '0943927088'),
(2045, '0891621510'),
(2046, '0986559806'),
(2047, '0978415895'),
(2048, '0929577834'),
(2049, '0829892979'),
(2050, '0999128404'),
(2051, '0985950014'),
(2052, '0916646061'),
(2053, '0911896222'),
(2054, '0971093871'),
(2055, '0949840331'),
(2056, '0846763141'),
(2057, '0883490055'),
(2058, '0952852474'),
(2059, '0918875747'),
(2060, '0918407037'),
(2061, '0911627068'),
(2062, '0918630634'),
(2063, '0925611570'),
(2064, '0915598817'),
(2065, '0932207964'),
(2066, '0849791368'),
(2067, '0940665768'),
(2068, '0837362622'),
(2069, '0865565202'),
(2070, '0907637641'),
(2071, '0859722943'),
(2072, '0970849251'),
(2073, '0925493930'),
(2074, '0977883265'),
(2075, '0803339081'),
(2076, '0944342358'),
(2077, '0918625774'),
(2078, '0977939442'),
(2079, '0836528437'),
(2080, '0877586484'),
(2081, '0835986840'),
(2082, '0810111566'),
(2083, '0898061228'),
(2084, '0968340895'),
(2085, '0832258526'),
(2086, '0801804547'),
(2087, '0975862110'),
(2088, '0801036694'),
(2089, '0978106262'),
(2090, '0827126683'),
(2091, '0804652846'),
(2092, '0903996468'),
(2093, '0981811075'),
(2094, '0889956350'),
(2095, '0884500590'),
(2096, '0943577079'),
(2097, '0864807236'),
(2098, '0936705152'),
(2099, '0967731778'),
(2100, '0993872211');

-- --------------------------------------------------------

--
-- Table structure for table `tham_gia`
--

CREATE TABLE `tham_gia` (
  `ma_hv` int(11) NOT NULL,
  `ma_kh` int(11) NOT NULL
) ENGINE=InnoDB DEFAULT CHARSET=utf8mb4;

--
-- Dumping data for table `tham_gia`
--

INSERT INTO `tham_gia` (`ma_hv`, `ma_kh`) VALUES
(1, 19),
(1, 36),
(1, 53),
(1, 57),
(1, 84),
(2, 26),
(2, 30),
(2, 41),
(2, 69),
(3, 9),
(3, 51),
(3, 75),
(3, 100),
(4, 1),
(4, 15),
(4, 19),
(4, 68),
(5, 27),
(5, 68),
(5, 107),
(6, 7),
(6, 37),
(6, 47),
(6, 63),
(6, 95),
(6, 98),
(7, 80),
(7, 102),
(8, 83),
(8, 106),
(9, 13),
(9, 20),
(9, 98),
(10, 8),
(10, 43),
(10, 51),
(10, 77),
(10, 85),
(11, 20),
(11, 32),
(11, 44),
(11, 48),
(11, 80),
(11, 85),
(11, 87),
(12, 45),
(12, 50),
(13, 2),
(13, 56),
(13, 99),
(14, 9),
(14, 22),
(14, 29),
(14, 62),
(14, 66),
(14, 86),
(14, 106),
(14, 107),
(15, 36),
(15, 75),
(15, 83),
(15, 106),
(16, 14),
(16, 44),
(16, 103),
(17, 27),
(17, 32),
(17, 46),
(17, 47),
(17, 52),
(18, 55),
(19, 60),
(19, 77),
(19, 100),
(20, 25),
(20, 40),
(20, 47),
(20, 61),
(20, 76),
(21, 66),
(21, 75),
(22, 4),
(22, 26),
(22, 38),
(22, 74),
(22, 96),
(23, 15),
(23, 17),
(23, 21),
(23, 34),
(23, 41),
(23, 61),
(23, 70),
(23, 74),
(23, 93),
(23, 96),
(23, 99),
(24, 17),
(24, 34),
(24, 37),
(24, 77),
(24, 104),
(24, 106),
(25, 10),
(25, 13),
(25, 17),
(25, 22),
(25, 25),
(26, 14),
(26, 30),
(26, 86),
(26, 91),
(27, 49),
(27, 50),
(28, 40),
(29, 15),
(29, 26),
(29, 29),
(29, 55),
(30, 3),
(30, 56),
(30, 60),
(30, 72),
(30, 86),
(30, 87),
(31, 2),
(31, 41),
(31, 70),
(32, 17),
(32, 23),
(32, 48),
(32, 96),
(33, 5),
(33, 39),
(33, 47),
(33, 65),
(34, 26),
(34, 45),
(34, 56),
(34, 65),
(34, 87),
(35, 51),
(35, 85),
(35, 86),
(36, 7),
(36, 61),
(36, 70),
(36, 73),
(36, 78),
(37, 54),
(37, 75),
(37, 84),
(37, 89),
(37, 105),
(37, 107),
(38, 32),
(39, 9),
(39, 17),
(40, 27),
(40, 31),
(40, 32),
(40, 64),
(40, 95),
(40, 98),
(40, 99),
(40, 107),
(41, 3),
(41, 4),
(41, 5),
(41, 86),
(41, 88),
(42, 83),
(43, 43),
(43, 53),
(44, 2),
(44, 5),
(44, 12),
(44, 52),
(44, 86),
(45, 1),
(45, 27),
(45, 40),
(45, 49),
(46, 18),
(46, 43),
(47, 18),
(47, 31),
(47, 34),
(47, 60),
(48, 22),
(49, 28),
(49, 35),
(49, 52),
(49, 57),
(49, 98),
(50, 4),
(50, 67),
(50, 81),
(51, 97),
(51, 107),
(52, 17),
(52, 36),
(52, 60),
(52, 93),
(52, 100),
(53, 21),
(53, 50),
(53, 53),
(54, 6),
(54, 13),
(54, 33),
(54, 47),
(54, 63),
(55, 1),
(55, 26),
(55, 29),
(55, 35),
(55, 40),
(55, 55),
(55, 90),
(55, 95),
(55, 98),
(55, 102),
(56, 29),
(56, 33),
(56, 50),
(56, 80),
(57, 20),
(57, 23),
(57, 34),
(57, 55),
(57, 65),
(57, 70),
(57, 75),
(57, 95),
(58, 53),
(59, 20),
(59, 28),
(59, 84),
(59, 89),
(59, 92),
(60, 3),
(60, 48),
(60, 59),
(60, 67),
(60, 71),
(61, 11),
(61, 74),
(61, 94),
(61, 102),
(62, 40),
(63, 20),
(63, 59),
(63, 64),
(63, 74),
(64, 46),
(64, 61),
(64, 69),
(65, 8),
(65, 27),
(65, 98),
(66, 14),
(66, 56),
(67, 37),
(67, 43),
(67, 90),
(68, 91),
(68, 107),
(69, 24),
(69, 98),
(70, 19),
(70, 60),
(71, 11),
(71, 22),
(71, 32),
(71, 58),
(71, 61),
(71, 64),
(71, 73),
(71, 77),
(71, 94),
(71, 106),
(72, 14),
(72, 26),
(72, 43),
(72, 57),
(72, 63),
(73, 4),
(73, 21),
(73, 66),
(73, 93),
(74, 9),
(74, 35),
(74, 68),
(74, 73),
(74, 74),
(75, 53),
(75, 80),
(75, 84),
(75, 99),
(76, 57),
(76, 61),
(76, 71),
(76, 74),
(76, 84),
(77, 14),
(78, 9),
(78, 30),
(78, 38),
(78, 41),
(78, 100),
(79, 22),
(79, 31),
(79, 35),
(79, 65),
(79, 70),
(79, 73),
(79, 84),
(80, 3),
(80, 48),
(80, 68),
(80, 77),
(81, 8),
(81, 21),
(81, 64),
(81, 66),
(81, 86),
(82, 2),
(82, 22),
(82, 29),
(82, 66),
(82, 74),
(82, 80),
(82, 83),
(83, 1),
(83, 7),
(83, 57),
(83, 91),
(83, 96),
(84, 14),
(84, 41),
(84, 52),
(85, 2),
(85, 29),
(85, 34),
(85, 67),
(85, 79),
(85, 82),
(86, 17),
(86, 38),
(86, 75),
(87, 7),
(87, 46),
(87, 50),
(87, 64),
(87, 68),
(88, 14),
(88, 48),
(88, 55),
(88, 70),
(88, 75),
(88, 95),
(89, 10),
(89, 20),
(89, 30),
(89, 56),
(89, 61),
(89, 64),
(89, 91),
(90, 15),
(90, 32),
(90, 47),
(90, 79),
(90, 84),
(92, 60),
(93, 1),
(93, 19),
(93, 22),
(93, 24),
(93, 64),
(93, 68),
(93, 76),
(94, 12),
(94, 27),
(94, 51),
(94, 55),
(95, 69),
(95, 79),
(95, 82),
(96, 24),
(96, 36),
(96, 42),
(97, 14),
(97, 21),
(98, 5),
(98, 59),
(98, 96),
(99, 42),
(99, 43),
(99, 68),
(99, 97),
(100, 12),
(100, 17),
(100, 107),
(101, 60),
(101, 74),
(101, 88),
(101, 99),
(102, 2),
(102, 22),
(102, 27),
(102, 71),
(102, 90),
(103, 12),
(103, 13),
(103, 51),
(103, 87),
(103, 92),
(104, 10),
(104, 48),
(104, 55),
(105, 36),
(105, 51),
(105, 53),
(105, 99),
(105, 100),
(106, 2),
(106, 10),
(106, 18),
(106, 22),
(106, 75),
(107, 11),
(107, 35),
(107, 63),
(108, 24),
(109, 7),
(109, 10),
(109, 25),
(109, 57),
(109, 64),
(109, 84),
(109, 89),
(109, 98),
(110, 26),
(110, 36),
(110, 60),
(110, 98),
(110, 103),
(111, 99),
(112, 5),
(112, 7),
(112, 64),
(112, 87),
(113, 79),
(113, 90),
(114, 19),
(114, 99),
(115, 22),
(115, 32),
(116, 10),
(116, 23),
(116, 46),
(116, 66),
(116, 84),
(116, 104),
(117, 6),
(117, 63),
(117, 67),
(117, 82),
(117, 106),
(118, 44),
(118, 61),
(119, 35),
(119, 71),
(119, 79),
(119, 91),
(119, 104),
(119, 107),
(120, 83),
(120, 93),
(120, 98),
(121, 37),
(121, 64),
(121, 97),
(121, 106),
(122, 8),
(122, 24),
(122, 49),
(122, 68),
(122, 94),
(123, 17),
(123, 38),
(124, 21),
(124, 22),
(124, 73),
(124, 77),
(124, 95),
(125, 6),
(125, 16),
(125, 19),
(125, 30),
(126, 9),
(126, 11),
(126, 21),
(126, 51),
(126, 57),
(126, 69),
(127, 12),
(127, 22),
(127, 48),
(127, 56),
(127, 104),
(128, 10),
(128, 15),
(128, 23),
(128, 33),
(128, 36),
(128, 75),
(128, 106),
(129, 27),
(129, 80),
(130, 7),
(130, 26),
(130, 47),
(131, 70),
(131, 72),
(131, 87),
(132, 18),
(132, 20),
(132, 83),
(132, 102),
(132, 107),
(133, 19),
(133, 62),
(134, 7),
(134, 12),
(134, 44),
(134, 99),
(134, 103),
(135, 60),
(135, 62),
(135, 66),
(135, 75),
(135, 81),
(135, 82),
(135, 94),
(136, 26),
(136, 61),
(136, 102),
(137, 1),
(137, 14),
(137, 71),
(137, 81),
(138, 50),
(138, 77),
(138, 91),
(139, 10),
(139, 47),
(140, 37),
(141, 16),
(141, 74),
(141, 107),
(142, 9),
(142, 38),
(142, 47),
(143, 15),
(143, 28),
(143, 72),
(143, 98),
(144, 20),
(144, 28),
(144, 32),
(144, 71),
(144, 78),
(145, 6),
(145, 13),
(145, 37),
(145, 66),
(146, 24),
(146, 30),
(146, 46),
(147, 3),
(147, 14),
(147, 38),
(147, 41),
(147, 106),
(148, 46),
(149, 49),
(149, 71),
(149, 82),
(149, 84),
(150, 18),
(150, 92),
(151, 37),
(151, 82),
(152, 49),
(152, 54),
(152, 79),
(152, 105),
(153, 2),
(154, 6),
(154, 14),
(154, 47),
(154, 52),
(154, 72),
(155, 9),
(155, 15),
(155, 44),
(155, 98),
(156, 58),
(156, 69),
(156, 83),
(156, 99),
(157, 7),
(157, 30),
(157, 57),
(158, 16),
(159, 14),
(159, 22),
(159, 31),
(159, 51),
(160, 19),
(160, 21),
(160, 52),
(160, 98),
(161, 18),
(161, 35),
(161, 47),
(161, 73),
(161, 107),
(162, 33),
(162, 62),
(162, 68),
(162, 89),
(163, 8),
(163, 15),
(163, 33),
(164, 16),
(164, 37),
(164, 65),
(164, 84),
(164, 89),
(165, 29),
(165, 75),
(165, 98),
(166, 20),
(166, 27),
(166, 72),
(167, 9),
(167, 77),
(167, 91),
(168, 6),
(168, 22),
(168, 61),
(168, 64),
(168, 85),
(168, 86),
(169, 16),
(169, 40),
(170, 17),
(170, 49),
(170, 51),
(170, 76),
(171, 2),
(171, 4),
(171, 21),
(171, 39),
(171, 51),
(171, 91),
(172, 9),
(172, 51),
(172, 99),
(173, 13),
(174, 27),
(174, 41),
(175, 96),
(176, 55),
(176, 107),
(177, 38),
(177, 74),
(178, 16),
(178, 69),
(178, 70),
(178, 74),
(178, 76),
(178, 102),
(179, 25),
(179, 39),
(179, 67),
(179, 89),
(179, 103),
(180, 17),
(180, 64),
(180, 72),
(180, 79),
(180, 85),
(181, 14),
(181, 30),
(181, 32),
(181, 94),
(182, 4),
(182, 13),
(182, 16),
(182, 26),
(182, 39),
(182, 76),
(183, 22),
(183, 43),
(183, 57),
(183, 88),
(183, 97),
(184, 30),
(184, 32),
(184, 44),
(184, 52),
(184, 82),
(184, 95),
(185, 38),
(185, 62),
(185, 67),
(185, 81),
(185, 83),
(185, 92),
(185, 107),
(186, 28),
(186, 41),
(186, 105),
(187, 7),
(187, 11),
(187, 25),
(187, 69),
(187, 90),
(188, 10),
(188, 31),
(189, 9),
(189, 14),
(189, 97),
(190, 16),
(190, 30),
(190, 44),
(190, 85),
(191, 2),
(191, 12),
(191, 83),
(191, 101),
(192, 25),
(192, 44),
(192, 48),
(193, 36),
(193, 42),
(193, 66),
(193, 106),
(194, 18),
(194, 19),
(194, 35),
(194, 60),
(194, 93),
(194, 95),
(195, 45),
(195, 53),
(195, 73),
(195, 92),
(196, 68),
(196, 71),
(196, 72),
(197, 37),
(197, 40),
(197, 94),
(197, 105),
(198, 12),
(198, 17),
(198, 25),
(198, 26),
(198, 71),
(198, 86),
(198, 98),
(199, 23),
(199, 61),
(199, 64),
(199, 71),
(199, 107),
(200, 21),
(200, 36),
(200, 71),
(200, 90),
(201, 64),
(202, 23),
(203, 56),
(203, 62),
(203, 65),
(203, 70),
(203, 103),
(204, 13),
(205, 44),
(205, 106),
(206, 39),
(206, 41),
(206, 50),
(206, 55),
(206, 103),
(207, 33),
(207, 45),
(207, 57),
(207, 69),
(207, 98),
(207, 105),
(208, 12),
(208, 19),
(208, 51),
(208, 55),
(209, 13),
(210, 14),
(210, 24),
(210, 33),
(210, 46),
(210, 61),
(210, 70),
(211, 36),
(211, 91),
(211, 94),
(212, 14),
(212, 23),
(212, 74),
(212, 83),
(213, 19),
(213, 22),
(213, 23),
(213, 36),
(213, 72),
(213, 77),
(214, 35),
(214, 72),
(214, 93),
(215, 86),
(216, 5),
(216, 22),
(216, 25),
(216, 65),
(216, 100),
(217, 3),
(217, 5),
(217, 45),
(217, 68),
(217, 78),
(217, 84),
(217, 87),
(217, 93),
(217, 103),
(218, 16),
(218, 25),
(218, 37),
(218, 44),
(219, 53),
(220, 6),
(220, 68),
(220, 84),
(221, 17),
(221, 35),
(221, 42),
(221, 45),
(221, 48),
(221, 67),
(222, 1),
(222, 11),
(222, 70),
(223, 18),
(223, 21),
(223, 24),
(224, 3),
(224, 81),
(225, 23),
(226, 3),
(226, 31),
(226, 43),
(226, 102),
(227, 98),
(228, 20),
(228, 23),
(228, 46),
(228, 74),
(228, 84),
(228, 89),
(229, 39),
(229, 92),
(230, 4),
(230, 15),
(230, 24),
(230, 43),
(230, 68),
(231, 16),
(231, 39),
(231, 47),
(231, 84),
(231, 102),
(232, 39),
(232, 51),
(232, 57),
(232, 63),
(232, 103),
(233, 22),
(233, 29),
(233, 33),
(233, 52),
(234, 6),
(234, 45),
(234, 48),
(234, 86),
(234, 91),
(235, 1),
(235, 24),
(235, 25),
(235, 94),
(236, 11),
(236, 36),
(236, 58),
(236, 64),
(236, 67),
(236, 99),
(237, 16),
(237, 27),
(237, 75),
(237, 103),
(238, 19),
(238, 57),
(239, 25),
(239, 54),
(239, 88),
(239, 91),
(240, 45),
(241, 20),
(241, 57),
(241, 79),
(241, 102),
(242, 6),
(242, 12),
(242, 46),
(242, 66),
(243, 7),
(243, 18),
(243, 49),
(244, 22),
(244, 28),
(244, 68),
(244, 74),
(244, 99),
(244, 104),
(244, 107),
(245, 13),
(245, 14),
(245, 29),
(245, 58),
(245, 65),
(245, 78),
(245, 90),
(246, 20),
(246, 78),
(247, 31),
(247, 36),
(247, 84),
(247, 103),
(248, 10),
(248, 21),
(248, 31),
(248, 41),
(248, 42),
(248, 46),
(248, 62),
(248, 97),
(249, 5),
(249, 7),
(249, 47),
(249, 70),
(249, 82),
(250, 13),
(250, 37),
(250, 45),
(250, 97),
(250, 101),
(251, 2),
(251, 20),
(251, 32),
(251, 62),
(251, 69),
(252, 11),
(252, 35),
(252, 67),
(252, 75),
(252, 86),
(252, 92),
(252, 103),
(253, 28),
(254, 21),
(254, 52),
(254, 65),
(255, 15),
(255, 46),
(255, 58),
(255, 82),
(256, 50),
(256, 58),
(256, 65),
(256, 76),
(256, 90),
(256, 105),
(257, 14),
(257, 20),
(257, 32),
(257, 74),
(257, 77),
(257, 97),
(258, 37),
(258, 46),
(258, 53),
(258, 74),
(258, 98),
(258, 101),
(259, 51),
(259, 86),
(260, 63),
(260, 76),
(261, 10),
(261, 14),
(261, 44),
(261, 85),
(261, 90),
(262, 30),
(262, 43),
(262, 68),
(262, 84),
(263, 2),
(263, 21),
(263, 95),
(263, 97),
(265, 26),
(265, 40),
(265, 51),
(265, 72),
(265, 85),
(265, 88),
(266, 18),
(266, 20),
(266, 49),
(266, 64),
(266, 86),
(266, 89),
(267, 105),
(268, 2),
(268, 50),
(268, 89),
(268, 99),
(269, 1),
(269, 5),
(269, 81),
(270, 9),
(270, 26),
(270, 41),
(270, 47),
(270, 78),
(271, 69),
(272, 10),
(272, 18),
(272, 26),
(272, 69),
(272, 70),
(273, 10),
(273, 14),
(273, 78),
(273, 88),
(273, 97),
(273, 102),
(274, 25),
(274, 35),
(274, 64),
(274, 73),
(274, 99),
(275, 12),
(275, 13),
(275, 49),
(275, 55),
(275, 86),
(276, 3),
(276, 66),
(276, 97),
(276, 98),
(277, 18),
(277, 19),
(277, 94),
(278, 12),
(278, 53),
(278, 92),
(278, 107),
(279, 15),
(279, 23),
(279, 26),
(279, 78),
(279, 84),
(280, 23),
(280, 64),
(281, 6),
(281, 56),
(281, 62),
(281, 66),
(281, 74),
(282, 67),
(282, 83),
(282, 103),
(282, 105),
(283, 30),
(283, 53),
(283, 104),
(284, 63),
(285, 4),
(285, 26),
(285, 66),
(285, 80),
(285, 90),
(285, 93),
(285, 101),
(286, 58),
(286, 75),
(287, 63),
(287, 106),
(288, 20),
(288, 21),
(288, 22),
(288, 37),
(288, 55),
(288, 70),
(288, 85),
(288, 101),
(289, 69),
(289, 82),
(290, 10),
(290, 73),
(290, 87),
(291, 95),
(292, 36),
(292, 41),
(292, 53),
(292, 60),
(292, 64),
(292, 65),
(292, 72),
(292, 89),
(293, 8),
(293, 43),
(293, 71),
(293, 84),
(293, 87),
(293, 105),
(294, 23),
(294, 27),
(294, 28),
(294, 35),
(294, 66),
(294, 103),
(295, 7),
(295, 21),
(295, 23),
(295, 40),
(295, 49),
(295, 76),
(296, 10),
(296, 11),
(296, 84),
(296, 106),
(297, 10),
(297, 38),
(297, 64),
(297, 94),
(297, 107),
(298, 19),
(298, 56),
(298, 85),
(298, 90),
(300, 52),
(300, 61),
(300, 73),
(300, 83),
(300, 92),
(301, 21),
(301, 99),
(302, 22),
(303, 21),
(303, 22),
(303, 49),
(303, 84),
(303, 85),
(303, 94),
(304, 23),
(304, 55),
(304, 56),
(304, 63),
(305, 20),
(305, 41),
(305, 47),
(305, 52),
(306, 51),
(306, 54),
(307, 27),
(307, 45),
(308, 8),
(308, 83),
(309, 20),
(309, 45),
(310, 14),
(310, 19),
(310, 106),
(311, 2),
(311, 25),
(311, 26),
(311, 88),
(312, 64),
(312, 100),
(313, 44),
(313, 45),
(313, 47),
(313, 71),
(313, 83),
(314, 1),
(314, 58),
(314, 60),
(314, 105),
(315, 4),
(315, 53),
(315, 74),
(315, 92),
(316, 12),
(317, 18),
(317, 35),
(317, 47),
(317, 74),
(317, 100),
(317, 105),
(318, 22),
(318, 41),
(318, 54),
(318, 72),
(318, 93),
(319, 25),
(319, 26),
(319, 45),
(320, 7),
(321, 11),
(321, 84),
(322, 4),
(322, 62),
(322, 78),
(322, 88),
(322, 95),
(323, 20),
(323, 40),
(324, 5),
(324, 36),
(324, 42),
(324, 103),
(325, 28),
(325, 37),
(325, 61),
(326, 3),
(326, 9),
(326, 42),
(326, 47),
(326, 51),
(327, 71),
(327, 86),
(328, 49),
(328, 96),
(329, 3),
(329, 5),
(329, 21),
(329, 42),
(329, 55),
(330, 20),
(330, 58),
(330, 85),
(331, 44),
(331, 64),
(331, 73),
(332, 21),
(332, 24),
(332, 28),
(332, 104),
(333, 27),
(333, 29),
(333, 37),
(333, 46),
(333, 61),
(333, 89),
(334, 2),
(334, 3),
(334, 13),
(334, 49),
(334, 63),
(334, 99),
(335, 36),
(336, 1),
(336, 57),
(336, 66),
(336, 68),
(336, 74),
(336, 94),
(337, 63),
(337, 84),
(337, 95),
(338, 2),
(338, 67),
(339, 75),
(339, 104),
(340, 17),
(340, 21),
(340, 22),
(340, 40),
(340, 48),
(340, 82),
(340, 105),
(341, 21),
(341, 37),
(341, 40),
(341, 60),
(341, 92),
(341, 96),
(342, 27),
(342, 73),
(342, 92),
(343, 61),
(343, 80),
(343, 82),
(343, 86),
(343, 96),
(344, 54),
(344, 59),
(344, 78),
(344, 95),
(344, 100),
(345, 24),
(345, 47),
(345, 77),
(345, 104),
(346, 1),
(346, 4),
(346, 5),
(346, 8),
(346, 79),
(347, 83),
(348, 22),
(348, 25),
(348, 73),
(348, 76),
(348, 89),
(349, 19),
(349, 31),
(349, 39),
(349, 46),
(349, 48),
(350, 26),
(350, 44),
(350, 81),
(350, 82),
(350, 93),
(351, 29),
(351, 34),
(351, 53),
(351, 58),
(351, 103),
(352, 61),
(352, 64),
(352, 98),
(352, 103),
(353, 39),
(353, 46),
(353, 86),
(353, 97),
(353, 99),
(354, 26),
(354, 104),
(355, 1),
(355, 15),
(355, 40),
(355, 45),
(355, 46),
(355, 92),
(356, 1),
(356, 38),
(356, 63),
(356, 81),
(356, 93),
(356, 105),
(358, 45),
(358, 49),
(358, 105),
(358, 107),
(359, 40),
(359, 106),
(360, 42),
(360, 79),
(361, 12),
(361, 57),
(362, 15),
(362, 22),
(362, 26),
(362, 98),
(363, 10),
(363, 55),
(363, 85),
(363, 102),
(364, 5),
(364, 44),
(364, 69),
(364, 74),
(364, 103),
(365, 44),
(365, 51),
(365, 74),
(366, 20),
(366, 30),
(366, 38),
(366, 41),
(366, 84),
(366, 100),
(367, 31),
(367, 38),
(367, 80),
(368, 26),
(369, 4),
(369, 53),
(369, 107),
(370, 4),
(370, 17),
(370, 23),
(370, 56),
(370, 57),
(371, 7),
(371, 23),
(371, 27),
(371, 62),
(371, 71),
(371, 84),
(371, 96),
(372, 7),
(372, 10),
(372, 49),
(372, 76),
(372, 77),
(372, 89),
(373, 78),
(373, 87),
(373, 91),
(373, 100),
(374, 1),
(374, 16),
(374, 79),
(374, 89),
(375, 72),
(375, 84),
(376, 36),
(376, 53),
(376, 56),
(376, 68),
(376, 98),
(377, 38),
(377, 49),
(378, 38),
(378, 46),
(378, 55),
(378, 87),
(379, 6),
(379, 76),
(379, 92),
(379, 97),
(380, 17),
(380, 22),
(380, 31),
(380, 44),
(380, 75),
(380, 104),
(381, 51),
(381, 56),
(381, 59),
(381, 93),
(382, 10),
(382, 14),
(382, 26),
(382, 59),
(382, 71),
(382, 74),
(382, 88),
(382, 95),
(382, 101),
(383, 58),
(383, 107),
(384, 10),
(384, 17),
(384, 20),
(384, 46),
(384, 103),
(385, 14),
(385, 33),
(385, 51),
(385, 56),
(385, 104),
(386, 36),
(387, 52),
(387, 94),
(387, 107),
(388, 44),
(389, 5),
(389, 31),
(389, 38),
(389, 41),
(389, 58),
(390, 1),
(390, 20),
(390, 40),
(390, 50),
(390, 92),
(390, 102),
(391, 8),
(391, 15),
(391, 33),
(391, 80),
(392, 39),
(392, 57),
(393, 17),
(393, 71),
(393, 91),
(393, 99),
(394, 20),
(394, 26),
(394, 54),
(394, 65),
(394, 70),
(394, 75),
(394, 76),
(394, 95),
(395, 1),
(395, 9),
(395, 72),
(396, 29),
(396, 56),
(396, 57),
(397, 40),
(397, 61),
(397, 67),
(397, 68),
(397, 69),
(397, 73),
(397, 81),
(397, 102),
(398, 8),
(398, 39),
(398, 40),
(398, 55),
(398, 58),
(398, 64),
(398, 68),
(399, 66),
(399, 71),
(399, 84),
(400, 37),
(401, 2),
(401, 13),
(401, 78),
(401, 86),
(401, 92),
(402, 1),
(402, 39),
(402, 53),
(402, 90),
(403, 37),
(403, 41),
(403, 89),
(404, 25),
(404, 29),
(404, 31),
(404, 40),
(405, 55),
(405, 62),
(405, 84),
(405, 99),
(406, 47),
(406, 48),
(406, 71),
(407, 79),
(407, 82),
(408, 12),
(408, 26),
(408, 49),
(408, 54),
(408, 69),
(409, 38),
(409, 41),
(409, 70),
(409, 85),
(410, 64),
(411, 3),
(411, 13),
(411, 23),
(411, 59),
(411, 80),
(412, 15),
(412, 20),
(412, 28),
(412, 60),
(412, 63),
(413, 30),
(413, 34),
(413, 59),
(414, 1),
(414, 68),
(414, 77),
(414, 86),
(415, 4),
(415, 51),
(415, 58),
(415, 72),
(415, 83),
(416, 10),
(416, 60),
(416, 93),
(417, 25),
(418, 5),
(418, 54),
(418, 67),
(418, 71),
(418, 83),
(418, 89),
(419, 14),
(419, 42),
(419, 43),
(419, 57),
(419, 90),
(420, 22),
(420, 56),
(420, 83),
(421, 6),
(421, 21),
(421, 37),
(421, 39),
(421, 83),
(421, 85),
(422, 17),
(422, 50),
(422, 70),
(422, 83),
(423, 25),
(423, 37),
(423, 47),
(424, 37),
(424, 57),
(424, 77),
(425, 42),
(425, 65),
(425, 90),
(426, 13),
(426, 15),
(426, 25),
(426, 72),
(427, 18),
(427, 27),
(428, 1),
(428, 14),
(428, 19),
(428, 26),
(428, 36),
(428, 60),
(428, 63),
(428, 84),
(428, 102),
(429, 76),
(430, 2),
(430, 25),
(430, 54),
(430, 62),
(430, 68),
(430, 77),
(430, 79),
(430, 80),
(431, 22),
(431, 61),
(431, 76),
(431, 90),
(432, 1),
(432, 8),
(432, 22),
(432, 31),
(432, 71),
(432, 75),
(432, 88),
(432, 94),
(433, 22),
(433, 23),
(433, 39),
(433, 74),
(433, 83),
(433, 89),
(434, 1),
(434, 69),
(434, 70),
(434, 105),
(435, 3),
(435, 12),
(435, 14),
(435, 19),
(435, 33),
(435, 45),
(435, 55),
(435, 59),
(435, 78),
(435, 89),
(435, 105),
(436, 50),
(436, 59),
(436, 99),
(437, 11),
(437, 16),
(437, 63),
(437, 70),
(437, 77),
(437, 78),
(437, 85),
(437, 100),
(437, 104),
(438, 25),
(438, 26),
(438, 30),
(438, 67),
(438, 80),
(439, 14),
(439, 23),
(439, 71),
(439, 77),
(439, 106),
(440, 68),
(441, 4),
(441, 19),
(441, 28),
(441, 90),
(442, 33),
(442, 67),
(442, 94),
(443, 6),
(443, 9),
(443, 15),
(443, 31),
(443, 62),
(444, 7),
(444, 24),
(444, 37),
(444, 57),
(444, 76),
(444, 94),
(445, 5),
(445, 46),
(446, 15),
(446, 63),
(446, 91),
(446, 99),
(446, 102),
(447, 3),
(447, 27),
(447, 98),
(448, 8),
(448, 14),
(448, 53),
(448, 60),
(448, 68),
(449, 96),
(449, 106),
(450, 35),
(450, 63),
(451, 76),
(451, 80),
(451, 89),
(452, 4),
(452, 9),
(452, 58),
(452, 59),
(453, 37),
(453, 58),
(453, 86),
(453, 90),
(454, 19),
(454, 40),
(455, 3),
(455, 15),
(455, 54),
(455, 55),
(455, 66),
(455, 71),
(455, 75),
(455, 104),
(456, 51),
(456, 72),
(456, 75),
(456, 92),
(456, 95),
(457, 49),
(457, 90),
(457, 97),
(458, 9),
(458, 42),
(458, 83),
(459, 4),
(459, 27),
(459, 34),
(459, 41),
(459, 64),
(459, 106),
(460, 26),
(461, 25),
(461, 81),
(462, 16),
(462, 39),
(462, 43),
(462, 48),
(462, 103),
(463, 41),
(463, 81),
(463, 89),
(463, 101),
(464, 3),
(464, 7),
(464, 25),
(464, 59),
(464, 105),
(465, 70),
(465, 90),
(466, 2),
(466, 15),
(466, 37),
(466, 62),
(466, 69),
(466, 78),
(466, 90),
(466, 91),
(467, 17),
(467, 71),
(468, 61),
(468, 69),
(468, 93),
(468, 103),
(468, 105),
(469, 29),
(470, 13),
(470, 42),
(470, 44),
(470, 57),
(470, 71),
(470, 93),
(470, 94),
(471, 17),
(471, 26),
(471, 31),
(471, 67),
(471, 89),
(473, 38),
(473, 45),
(473, 70),
(473, 101),
(474, 15),
(474, 74),
(475, 6),
(475, 103),
(475, 106),
(476, 12),
(476, 27),
(476, 104),
(476, 106),
(477, 9),
(477, 34),
(477, 58),
(477, 95),
(478, 15),
(478, 69),
(478, 90),
(478, 95),
(478, 100),
(479, 1),
(479, 13),
(479, 52),
(480, 24),
(480, 35),
(480, 54),
(480, 71),
(480, 76),
(480, 78),
(480, 89),
(480, 91),
(481, 55),
(482, 36),
(483, 22),
(483, 52),
(483, 61),
(483, 86),
(484, 7),
(484, 22),
(484, 52),
(484, 59),
(484, 76),
(484, 99),
(485, 53),
(486, 17),
(486, 33),
(486, 42),
(486, 91),
(486, 102),
(488, 9),
(488, 26),
(488, 28),
(488, 49),
(488, 61),
(488, 94),
(489, 18),
(489, 51),
(489, 55),
(489, 68),
(489, 70),
(489, 74),
(489, 79),
(491, 9),
(491, 13),
(491, 46),
(491, 85),
(491, 101),
(492, 43),
(492, 78),
(492, 91),
(493, 5),
(494, 87),
(495, 2),
(495, 20),
(495, 51),
(496, 15),
(496, 56),
(496, 107),
(497, 3),
(497, 13),
(497, 24),
(497, 31),
(497, 34),
(497, 53),
(497, 58),
(497, 64),
(498, 29),
(498, 41),
(498, 44),
(498, 61),
(498, 74),
(498, 95),
(498, 104),
(499, 8),
(499, 23),
(499, 25),
(499, 51),
(499, 56),
(499, 75),
(499, 100),
(500, 22),
(500, 37),
(500, 51),
(500, 103);

-- --------------------------------------------------------

--
-- Table structure for table `thanh_toan`
--

CREATE TABLE `thanh_toan` (
  `ma_hv` int(11) NOT NULL,
  `so_bienlai` varchar(32) NOT NULL,
  `ma_kh` int(11) NOT NULL
) ENGINE=InnoDB DEFAULT CHARSET=utf8mb4;

--
-- Dumping data for table `thanh_toan`
--

INSERT INTO `thanh_toan` (`ma_hv`, `so_bienlai`, `ma_kh`) VALUES
(1, '1000', 19),
(1, '1001', 36),
(1, '1002', 53),
(1, '1003', 57),
(1, '1004', 84),
(2, '1005', 26),
(2, '1006', 30),
(2, '1007', 41),
(2, '1008', 69),
(3, '1009', 100),
(3, '1010', 51),
(3, '1011', 75),
(3, '1012', 9),
(4, '1013', 1),
(4, '1014', 15),
(4, '1015', 19),
(4, '1016', 68),
(5, '1017', 107),
(5, '1018', 27),
(5, '1019', 68),
(6, '1020', 37),
(6, '1021', 47),
(6, '1022', 63),
(6, '1023', 7),
(6, '1024', 95),
(6, '1025', 98),
(7, '1026', 102),
(7, '1027', 80),
(8, '1028', 106),
(8, '1029', 83),
(9, '1030', 13),
(9, '1031', 20),
(9, '1032', 98),
(10, '1033', 43),
(10, '1034', 51),
(10, '1035', 77),
(10, '1036', 8),
(10, '1037', 85),
(11, '1038', 20),
(11, '1039', 32),
(11, '1040', 44),
(11, '1041', 48),
(11, '1042', 80),
(11, '1043', 85),
(11, '1044', 87),
(12, '1045', 45),
(12, '1046', 50),
(13, '1047', 2),
(13, '1048', 56),
(13, '1049', 99),
(14, '1050', 106),
(14, '1051', 107),
(14, '1052', 22),
(14, '1053', 29),
(14, '1054', 62),
(14, '1055', 66),
(14, '1056', 86),
(14, '1057', 9),
(15, '1058', 106),
(15, '1059', 36),
(15, '1060', 75),
(15, '1061', 83),
(16, '1062', 103),
(16, '1063', 14),
(16, '1064', 44),
(17, '1065', 27),
(17, '1066', 32),
(17, '1067', 46),
(17, '1068', 47),
(17, '1069', 52),
(18, '1070', 55),
(19, '1071', 100),
(19, '1072', 60),
(19, '1073', 77),
(20, '1074', 25),
(20, '1075', 40),
(20, '1076', 47),
(20, '1077', 61),
(20, '1078', 76),
(21, '1079', 66),
(21, '1080', 75),
(22, '1081', 26),
(22, '1082', 38),
(22, '1083', 4),
(22, '1084', 74),
(22, '1085', 96),
(23, '1086', 15),
(23, '1087', 17),
(23, '1088', 21),
(23, '1089', 34),
(23, '1090', 41),
(23, '1091', 61),
(23, '1092', 70),
(23, '1093', 74),
(23, '1094', 93),
(23, '1095', 96),
(23, '1096', 99),
(24, '1097', 104),
(24, '1098', 106),
(24, '1099', 17),
(24, '1100', 34),
(24, '1101', 37),
(24, '1102', 77),
(25, '1103', 10),
(25, '1104', 13),
(25, '1105', 17),
(25, '1106', 22),
(25, '1107', 25),
(26, '1108', 14),
(26, '1109', 30),
(26, '1110', 86),
(26, '1111', 91),
(27, '1112', 49),
(27, '1113', 50),
(28, '1114', 40),
(29, '1115', 15),
(29, '1116', 26),
(29, '1117', 29),
(29, '1118', 55),
(30, '1119', 3),
(30, '1120', 56),
(30, '1121', 60),
(30, '1122', 72),
(30, '1123', 86),
(30, '1124', 87),
(31, '1125', 2),
(31, '1126', 41),
(31, '1127', 70),
(32, '1128', 17),
(32, '1129', 23),
(32, '1130', 48),
(32, '1131', 96),
(33, '1132', 39),
(33, '1133', 47),
(33, '1134', 5),
(33, '1135', 65),
(34, '1136', 26),
(34, '1137', 45),
(34, '1138', 56),
(34, '1139', 65),
(34, '1140', 87),
(35, '1141', 51),
(35, '1142', 85),
(35, '1143', 86),
(36, '1144', 61),
(36, '1145', 7),
(36, '1146', 70),
(36, '1147', 73),
(36, '1148', 78),
(37, '1149', 105),
(37, '1150', 107),
(37, '1151', 54),
(37, '1152', 75),
(37, '1153', 84),
(37, '1154', 89),
(38, '1155', 32),
(39, '1156', 17),
(39, '1157', 9),
(40, '1158', 107),
(40, '1159', 27),
(40, '1160', 31),
(40, '1161', 32),
(40, '1162', 64),
(40, '1163', 95),
(40, '1164', 98),
(40, '1165', 99),
(41, '1166', 3),
(41, '1167', 4),
(41, '1168', 5),
(41, '1169', 86),
(41, '1170', 88),
(42, '1171', 83),
(43, '1172', 43),
(43, '1173', 53),
(44, '1174', 12),
(44, '1175', 2),
(44, '1176', 5),
(44, '1177', 52),
(44, '1178', 86),
(45, '1179', 1),
(45, '1180', 27),
(45, '1181', 40),
(45, '1182', 49),
(46, '1183', 18),
(46, '1184', 43),
(47, '1185', 18),
(47, '1186', 31),
(47, '1187', 34),
(47, '1188', 60),
(48, '1189', 22),
(49, '1190', 28),
(49, '1191', 35),
(49, '1192', 52),
(49, '1193', 57),
(49, '1194', 98),
(50, '1195', 4),
(50, '1196', 67),
(50, '1197', 81),
(51, '1198', 107),
(51, '1199', 97),
(52, '1200', 100),
(52, '1201', 17),
(52, '1202', 36),
(52, '1203', 60),
(52, '1204', 93),
(53, '1205', 21),
(53, '1206', 50),
(53, '1207', 53),
(54, '1208', 13),
(54, '1209', 33),
(54, '1210', 47),
(54, '1211', 6),
(54, '1212', 63),
(55, '1213', 1),
(55, '1214', 102),
(55, '1215', 26),
(55, '1216', 29),
(55, '1217', 35),
(55, '1218', 40),
(55, '1219', 55),
(55, '1220', 90),
(55, '1221', 95),
(55, '1222', 98),
(56, '1223', 29),
(56, '1224', 33),
(56, '1225', 50),
(56, '1226', 80),
(57, '1227', 20),
(57, '1228', 23),
(57, '1229', 34),
(57, '1230', 55),
(57, '1231', 65),
(57, '1232', 70),
(57, '1233', 75),
(57, '1234', 95),
(58, '1235', 53),
(59, '1236', 20),
(59, '1237', 28),
(59, '1238', 84),
(59, '1239', 89),
(59, '1240', 92),
(60, '1241', 3),
(60, '1242', 48),
(60, '1243', 59),
(60, '1244', 67),
(60, '1245', 71),
(61, '1246', 102),
(61, '1247', 11),
(61, '1248', 74),
(61, '1249', 94),
(62, '1250', 40),
(63, '1251', 20),
(63, '1252', 59),
(63, '1253', 64),
(63, '1254', 74),
(64, '1255', 46),
(64, '1256', 61),
(64, '1257', 69),
(65, '1258', 27),
(65, '1259', 8),
(65, '1260', 98),
(66, '1261', 14),
(66, '1262', 56),
(67, '1263', 37),
(67, '1264', 43),
(67, '1265', 90),
(68, '1266', 107),
(68, '1267', 91),
(69, '1268', 24),
(69, '1269', 98),
(70, '1270', 19),
(70, '1271', 60),
(71, '1272', 106),
(71, '1273', 11),
(71, '1274', 22),
(71, '1275', 32),
(71, '1276', 58),
(71, '1277', 61),
(71, '1278', 64),
(71, '1279', 73),
(71, '1280', 77),
(71, '1281', 94),
(72, '1282', 14),
(72, '1283', 26),
(72, '1284', 43),
(72, '1285', 57),
(72, '1286', 63),
(73, '1287', 21),
(73, '1288', 4),
(73, '1289', 66),
(73, '1290', 93),
(74, '1291', 35),
(74, '1292', 68),
(74, '1293', 73),
(74, '1294', 74),
(74, '1295', 9),
(75, '1296', 53),
(75, '1297', 80),
(75, '1298', 84),
(75, '1299', 99),
(76, '1300', 57),
(76, '1301', 61),
(76, '1302', 71),
(76, '1303', 74),
(76, '1304', 84),
(77, '1305', 14),
(78, '1306', 100),
(78, '1307', 30),
(78, '1308', 38),
(78, '1309', 41),
(78, '1310', 9),
(79, '1311', 22),
(79, '1312', 31),
(79, '1313', 35),
(79, '1314', 65),
(79, '1315', 70),
(79, '1316', 73),
(79, '1317', 84),
(80, '1318', 3),
(80, '1319', 48),
(80, '1320', 68),
(80, '1321', 77),
(81, '1322', 21),
(81, '1323', 64),
(81, '1324', 66),
(81, '1325', 8),
(81, '1326', 86),
(82, '1327', 2),
(82, '1328', 22),
(82, '1329', 29),
(82, '1330', 66),
(82, '1331', 74),
(82, '1332', 80),
(82, '1333', 83),
(83, '1334', 1),
(83, '1335', 57),
(83, '1336', 7),
(83, '1337', 91),
(83, '1338', 96),
(84, '1339', 14),
(84, '1340', 41),
(84, '1341', 52),
(85, '1342', 2),
(85, '1343', 29),
(85, '1344', 34),
(85, '1345', 67),
(85, '1346', 79),
(85, '1347', 82),
(86, '1348', 17),
(86, '1349', 38),
(86, '1350', 75),
(87, '1351', 46),
(87, '1352', 50),
(87, '1353', 64),
(87, '1354', 68),
(87, '1355', 7),
(88, '1356', 14),
(88, '1357', 48),
(88, '1358', 55),
(88, '1359', 70),
(88, '1360', 75),
(88, '1361', 95),
(89, '1362', 10),
(89, '1363', 20),
(89, '1364', 30),
(89, '1365', 56),
(89, '1366', 61),
(89, '1367', 64),
(89, '1368', 91),
(90, '1369', 15),
(90, '1370', 32),
(90, '1371', 47),
(90, '1372', 79),
(90, '1373', 84),
(92, '1374', 60),
(93, '1375', 1),
(93, '1376', 19),
(93, '1377', 22),
(93, '1378', 24),
(93, '1379', 64),
(93, '1380', 68),
(93, '1381', 76),
(94, '1382', 12),
(94, '1383', 27),
(94, '1384', 51),
(94, '1385', 55),
(95, '1386', 69),
(95, '1387', 79),
(95, '1388', 82),
(96, '1389', 24),
(96, '1390', 36),
(96, '1391', 42),
(97, '1392', 14),
(97, '1393', 21),
(98, '1394', 5),
(98, '1395', 59),
(98, '1396', 96),
(99, '1397', 42),
(99, '1398', 43),
(99, '1399', 68),
(99, '1400', 97),
(100, '1401', 107),
(100, '1402', 12),
(100, '1403', 17),
(101, '1404', 60),
(101, '1405', 74),
(101, '1406', 88),
(101, '1407', 99),
(102, '1408', 2),
(102, '1409', 22),
(102, '1410', 27),
(102, '1411', 71),
(102, '1412', 90),
(103, '1413', 12),
(103, '1414', 13),
(103, '1415', 51),
(103, '1416', 87),
(103, '1417', 92),
(104, '1418', 10),
(104, '1419', 48),
(104, '1420', 55),
(105, '1421', 100),
(105, '1422', 36),
(105, '1423', 51),
(105, '1424', 53),
(105, '1425', 99),
(106, '1426', 10),
(106, '1427', 18),
(106, '1428', 2),
(106, '1429', 22),
(106, '1430', 75),
(107, '1431', 11),
(107, '1432', 35),
(107, '1433', 63),
(108, '1434', 24),
(109, '1435', 10),
(109, '1436', 25),
(109, '1437', 57),
(109, '1438', 64),
(109, '1439', 7),
(109, '1440', 84),
(109, '1441', 89),
(109, '1442', 98),
(110, '1443', 103),
(110, '1444', 26),
(110, '1445', 36),
(110, '1446', 60),
(110, '1447', 98),
(111, '1448', 99),
(112, '1449', 5),
(112, '1450', 64),
(112, '1451', 7),
(112, '1452', 87),
(113, '1453', 79),
(113, '1454', 90),
(114, '1455', 19),
(114, '1456', 99),
(115, '1457', 22),
(115, '1458', 32),
(116, '1459', 10),
(116, '1460', 104),
(116, '1461', 23),
(116, '1462', 46),
(116, '1463', 66),
(116, '1464', 84),
(117, '1465', 106),
(117, '1466', 6),
(117, '1467', 63),
(117, '1468', 67),
(117, '1469', 82),
(118, '1470', 44),
(118, '1471', 61),
(119, '1472', 104),
(119, '1473', 107),
(119, '1474', 35),
(119, '1475', 71),
(119, '1476', 79),
(119, '1477', 91),
(120, '1478', 83),
(120, '1479', 93),
(120, '1480', 98),
(121, '1481', 106),
(121, '1482', 37),
(121, '1483', 64),
(121, '1484', 97),
(122, '1485', 24),
(122, '1486', 49),
(122, '1487', 68),
(122, '1488', 8),
(122, '1489', 94),
(123, '1490', 17),
(123, '1491', 38),
(124, '1492', 21),
(124, '1493', 22),
(124, '1494', 73),
(124, '1495', 77),
(124, '1496', 95),
(125, '1497', 16),
(125, '1498', 19),
(125, '1499', 30),
(125, '1500', 6),
(126, '1501', 11),
(126, '1502', 21),
(126, '1503', 51),
(126, '1504', 57),
(126, '1505', 69),
(126, '1506', 9),
(127, '1507', 104),
(127, '1508', 12),
(127, '1509', 22),
(127, '1510', 48),
(127, '1511', 56),
(128, '1512', 10),
(128, '1513', 106),
(128, '1514', 15),
(128, '1515', 23),
(128, '1516', 33),
(128, '1517', 36),
(128, '1518', 75),
(129, '1519', 27),
(129, '1520', 80),
(130, '1521', 26),
(130, '1522', 47),
(130, '1523', 7),
(131, '1524', 70),
(131, '1525', 72),
(131, '1526', 87),
(132, '1527', 102),
(132, '1528', 107),
(132, '1529', 18),
(132, '1530', 20),
(132, '1531', 83),
(133, '1532', 19),
(133, '1533', 62),
(134, '1534', 103),
(134, '1535', 12),
(134, '1536', 44),
(134, '1537', 7),
(134, '1538', 99),
(135, '1539', 60),
(135, '1540', 62),
(135, '1541', 66),
(135, '1542', 75),
(135, '1543', 81),
(135, '1544', 82),
(135, '1545', 94),
(136, '1546', 102),
(136, '1547', 26),
(136, '1548', 61),
(137, '1549', 1),
(137, '1550', 14),
(137, '1551', 71),
(137, '1552', 81),
(138, '1553', 50),
(138, '1554', 77),
(138, '1555', 91),
(139, '1556', 10),
(139, '1557', 47),
(140, '1558', 37),
(141, '1559', 107),
(141, '1560', 16),
(141, '1561', 74),
(142, '1562', 38),
(142, '1563', 47),
(142, '1564', 9),
(143, '1565', 15),
(143, '1566', 28),
(143, '1567', 72),
(143, '1568', 98),
(144, '1569', 20),
(144, '1570', 28),
(144, '1571', 32),
(144, '1572', 71),
(144, '1573', 78),
(145, '1574', 13),
(145, '1575', 37),
(145, '1576', 6),
(145, '1577', 66),
(146, '1578', 24),
(146, '1579', 30),
(146, '1580', 46),
(147, '1581', 106),
(147, '1582', 14),
(147, '1583', 3),
(147, '1584', 38),
(147, '1585', 41),
(148, '1586', 46),
(149, '1587', 49),
(149, '1588', 71),
(149, '1589', 82),
(149, '1590', 84),
(150, '1591', 18),
(150, '1592', 92),
(151, '1593', 37),
(151, '1594', 82),
(152, '1595', 105),
(152, '1596', 49),
(152, '1597', 54),
(152, '1598', 79),
(153, '1599', 2),
(154, '1600', 14),
(154, '1601', 47),
(154, '1602', 52),
(154, '1603', 6),
(154, '1604', 72),
(155, '1605', 15),
(155, '1606', 44),
(155, '1607', 9),
(155, '1608', 98),
(156, '1609', 58),
(156, '1610', 69),
(156, '1611', 83),
(156, '1612', 99),
(157, '1613', 30),
(157, '1614', 57),
(157, '1615', 7),
(158, '1616', 16),
(159, '1617', 14),
(159, '1618', 22),
(159, '1619', 31),
(159, '1620', 51),
(160, '1621', 19),
(160, '1622', 21),
(160, '1623', 52),
(160, '1624', 98),
(161, '1625', 107),
(161, '1626', 18),
(161, '1627', 35),
(161, '1628', 47),
(161, '1629', 73),
(162, '1630', 33),
(162, '1631', 62),
(162, '1632', 68),
(162, '1633', 89),
(163, '1634', 15),
(163, '1635', 33),
(163, '1636', 8),
(164, '1637', 16),
(164, '1638', 37),
(164, '1639', 65),
(164, '1640', 84),
(164, '1641', 89),
(165, '1642', 29),
(165, '1643', 75),
(165, '1644', 98),
(166, '1645', 20),
(166, '1646', 27),
(166, '1647', 72),
(167, '1648', 77),
(167, '1649', 9),
(167, '1650', 91),
(168, '1651', 22),
(168, '1652', 6),
(168, '1653', 61),
(168, '1654', 64),
(168, '1655', 85),
(168, '1656', 86),
(169, '1657', 16),
(169, '1658', 40),
(170, '1659', 17),
(170, '1660', 49),
(170, '1661', 51),
(170, '1662', 76),
(171, '1663', 2),
(171, '1664', 21),
(171, '1665', 39),
(171, '1666', 4),
(171, '1667', 51),
(171, '1668', 91),
(172, '1669', 51),
(172, '1670', 9),
(172, '1671', 99),
(173, '1672', 13),
(174, '1673', 27),
(174, '1674', 41),
(175, '1675', 96),
(176, '1676', 107),
(176, '1677', 55),
(177, '1678', 38),
(177, '1679', 74),
(178, '1680', 102),
(178, '1681', 16),
(178, '1682', 69),
(178, '1683', 70),
(178, '1684', 74),
(178, '1685', 76),
(179, '1686', 103),
(179, '1687', 25),
(179, '1688', 39),
(179, '1689', 67),
(179, '1690', 89),
(180, '1691', 17),
(180, '1692', 64),
(180, '1693', 72),
(180, '1694', 79),
(180, '1695', 85),
(181, '1696', 14),
(181, '1697', 30),
(181, '1698', 32),
(181, '1699', 94),
(182, '1700', 13),
(182, '1701', 16),
(182, '1702', 26),
(182, '1703', 39),
(182, '1704', 4),
(182, '1705', 76),
(183, '1706', 22),
(183, '1707', 43),
(183, '1708', 57),
(183, '1709', 88),
(183, '1710', 97),
(184, '1711', 30),
(184, '1712', 32),
(184, '1713', 44),
(184, '1714', 52),
(184, '1715', 82),
(184, '1716', 95),
(185, '1717', 107),
(185, '1718', 38),
(185, '1719', 62),
(185, '1720', 67),
(185, '1721', 81),
(185, '1722', 83),
(185, '1723', 92),
(186, '1724', 105),
(186, '1725', 28),
(186, '1726', 41),
(187, '1727', 11),
(187, '1728', 25),
(187, '1729', 69),
(187, '1730', 7),
(187, '1731', 90),
(188, '1732', 10),
(188, '1733', 31),
(189, '1734', 14),
(189, '1735', 9),
(189, '1736', 97),
(190, '1737', 16),
(190, '1738', 30),
(190, '1739', 44),
(190, '1740', 85),
(191, '1741', 101),
(191, '1742', 12),
(191, '1743', 2),
(191, '1744', 83),
(192, '1745', 25),
(192, '1746', 44),
(192, '1747', 48),
(193, '1748', 106),
(193, '1749', 36),
(193, '1750', 42),
(193, '1751', 66),
(194, '1752', 18),
(194, '1753', 19),
(194, '1754', 35),
(194, '1755', 60),
(194, '1756', 93),
(194, '1757', 95),
(195, '1758', 45),
(195, '1759', 53),
(195, '1760', 73),
(195, '1761', 92),
(196, '1762', 68),
(196, '1763', 71),
(196, '1764', 72),
(197, '1765', 105),
(197, '1766', 37),
(197, '1767', 40),
(197, '1768', 94),
(198, '1769', 12),
(198, '1770', 17),
(198, '1771', 25),
(198, '1772', 26),
(198, '1773', 71),
(198, '1774', 86),
(198, '1775', 98),
(199, '1776', 107),
(199, '1777', 23),
(199, '1778', 61),
(199, '1779', 64),
(199, '1780', 71),
(200, '1781', 21),
(200, '1782', 36),
(200, '1783', 71),
(200, '1784', 90),
(201, '1785', 64),
(202, '1786', 23),
(203, '1787', 103),
(203, '1788', 56),
(203, '1789', 62),
(203, '1790', 65),
(203, '1791', 70),
(204, '1792', 13),
(205, '1793', 106),
(205, '1794', 44),
(206, '1795', 103),
(206, '1796', 39),
(206, '1797', 41),
(206, '1798', 50),
(206, '1799', 55),
(207, '1800', 105),
(207, '1801', 33),
(207, '1802', 45),
(207, '1803', 57),
(207, '1804', 69),
(207, '1805', 98),
(208, '1806', 12),
(208, '1807', 19),
(208, '1808', 51),
(208, '1809', 55),
(209, '1810', 13),
(210, '1811', 14),
(210, '1812', 24),
(210, '1813', 33),
(210, '1814', 46),
(210, '1815', 61),
(210, '1816', 70),
(211, '1817', 36),
(211, '1818', 91),
(211, '1819', 94),
(212, '1820', 14),
(212, '1821', 23),
(212, '1822', 74),
(212, '1823', 83),
(213, '1824', 19),
(213, '1825', 22),
(213, '1826', 23),
(213, '1827', 36),
(213, '1828', 72),
(213, '1829', 77),
(214, '1830', 35),
(214, '1831', 72),
(214, '1832', 93),
(215, '1833', 86),
(216, '1834', 100),
(216, '1835', 22),
(216, '1836', 25),
(216, '1837', 5),
(216, '1838', 65),
(217, '1839', 103),
(217, '1840', 3),
(217, '1841', 45),
(217, '1842', 5),
(217, '1843', 68),
(217, '1844', 78),
(217, '1845', 84),
(217, '1846', 87),
(217, '1847', 93),
(218, '1848', 16),
(218, '1849', 25),
(218, '1850', 37),
(218, '1851', 44),
(219, '1852', 53),
(220, '1853', 6),
(220, '1854', 68),
(220, '1855', 84),
(221, '1856', 17),
(221, '1857', 35),
(221, '1858', 42),
(221, '1859', 45),
(221, '1860', 48),
(221, '1861', 67),
(222, '1862', 1),
(222, '1863', 11),
(222, '1864', 70),
(223, '1865', 18),
(223, '1866', 21),
(223, '1867', 24),
(224, '1868', 3),
(224, '1869', 81),
(225, '1870', 23),
(226, '1871', 102),
(226, '1872', 3),
(226, '1873', 31),
(226, '1874', 43),
(227, '1875', 98),
(228, '1876', 20),
(228, '1877', 23),
(228, '1878', 46),
(228, '1879', 74),
(228, '1880', 84),
(228, '1881', 89),
(229, '1882', 39),
(229, '1883', 92),
(230, '1884', 15),
(230, '1885', 24),
(230, '1886', 4),
(230, '1887', 43),
(230, '1888', 68),
(231, '1889', 102),
(231, '1890', 16),
(231, '1891', 39),
(231, '1892', 47),
(231, '1893', 84),
(232, '1894', 103),
(232, '1895', 39),
(232, '1896', 51),
(232, '1897', 57),
(232, '1898', 63),
(233, '1899', 22),
(233, '1900', 29),
(233, '1901', 33),
(233, '1902', 52),
(234, '1903', 45),
(234, '1904', 48),
(234, '1905', 6),
(234, '1906', 86),
(234, '1907', 91),
(235, '1908', 1),
(235, '1909', 24),
(235, '1910', 25),
(235, '1911', 94),
(236, '1912', 11),
(236, '1913', 36),
(236, '1914', 58),
(236, '1915', 64),
(236, '1916', 67),
(236, '1917', 99),
(237, '1918', 103),
(237, '1919', 16),
(237, '1920', 27),
(237, '1921', 75),
(238, '1922', 19),
(238, '1923', 57),
(239, '1924', 25),
(239, '1925', 54),
(239, '1926', 88),
(239, '1927', 91),
(240, '1928', 45),
(241, '1929', 102),
(241, '1930', 20),
(241, '1931', 57),
(241, '1932', 79),
(242, '1933', 12),
(242, '1934', 46),
(242, '1935', 6),
(242, '1936', 66),
(243, '1937', 18),
(243, '1938', 49),
(243, '1939', 7),
(244, '1940', 104),
(244, '1941', 107),
(244, '1942', 22),
(244, '1943', 28),
(244, '1944', 68),
(244, '1945', 74),
(244, '1946', 99),
(245, '1947', 13),
(245, '1948', 14),
(245, '1949', 29),
(245, '1950', 58),
(245, '1951', 65),
(245, '1952', 78),
(245, '1953', 90),
(246, '1954', 20),
(246, '1955', 78),
(247, '1956', 103),
(247, '1957', 31),
(247, '1958', 36),
(247, '1959', 84),
(248, '1960', 10),
(248, '1961', 21),
(248, '1962', 31),
(248, '1963', 41),
(248, '1964', 42),
(248, '1965', 46),
(248, '1966', 62),
(248, '1967', 97),
(249, '1968', 47),
(249, '1969', 5),
(249, '1970', 7),
(249, '1971', 70),
(249, '1972', 82),
(250, '1973', 101),
(250, '1974', 13),
(250, '1975', 37),
(250, '1976', 45),
(250, '1977', 97),
(251, '1978', 2),
(251, '1979', 20),
(251, '1980', 32),
(251, '1981', 62),
(251, '1982', 69),
(252, '1983', 103),
(252, '1984', 11),
(252, '1985', 35),
(252, '1986', 67),
(252, '1987', 75),
(252, '1988', 86),
(252, '1989', 92),
(253, '1990', 28),
(254, '1991', 21),
(254, '1992', 52),
(254, '1993', 65),
(255, '1994', 15),
(255, '1995', 46),
(255, '1996', 58),
(255, '1997', 82),
(256, '1998', 105),
(256, '1999', 50),
(256, '2000', 58),
(256, '2001', 65),
(256, '2002', 76),
(256, '2003', 90),
(257, '2004', 14),
(257, '2005', 20),
(257, '2006', 32),
(257, '2007', 74),
(257, '2008', 77),
(257, '2009', 97),
(258, '2010', 101),
(258, '2011', 37),
(258, '2012', 46),
(258, '2013', 53),
(258, '2014', 74),
(258, '2015', 98),
(259, '2016', 51),
(259, '2017', 86),
(260, '2018', 63),
(260, '2019', 76),
(261, '2020', 10),
(261, '2021', 14),
(261, '2022', 44),
(261, '2023', 85),
(261, '2024', 90),
(262, '2025', 30),
(262, '2026', 43),
(262, '2027', 68),
(262, '2028', 84),
(263, '2029', 2),
(263, '2030', 21),
(263, '2031', 95),
(263, '2032', 97),
(265, '2033', 26),
(265, '2034', 40),
(265, '2035', 51),
(265, '2036', 72),
(265, '2037', 85),
(265, '2038', 88),
(266, '2039', 18),
(266, '2040', 20),
(266, '2041', 49),
(266, '2042', 64),
(266, '2043', 86),
(266, '2044', 89),
(267, '2045', 105),
(268, '2046', 2),
(268, '2047', 50),
(268, '2048', 89),
(268, '2049', 99),
(269, '2050', 1),
(269, '2051', 5),
(269, '2052', 81),
(270, '2053', 26),
(270, '2054', 41),
(270, '2055', 47),
(270, '2056', 78),
(270, '2057', 9),
(271, '2058', 69),
(272, '2059', 10),
(272, '2060', 18),
(272, '2061', 26),
(272, '2062', 69),
(272, '2063', 70),
(273, '2064', 10),
(273, '2065', 102),
(273, '2066', 14),
(273, '2067', 78),
(273, '2068', 88),
(273, '2069', 97),
(274, '2070', 25),
(274, '2071', 35),
(274, '2072', 64),
(274, '2073', 73),
(274, '2074', 99),
(275, '2075', 12),
(275, '2076', 13),
(275, '2077', 49),
(275, '2078', 55),
(275, '2079', 86),
(276, '2080', 3),
(276, '2081', 66),
(276, '2082', 97),
(276, '2083', 98),
(277, '2084', 18),
(277, '2085', 19),
(277, '2086', 94),
(278, '2087', 107),
(278, '2088', 12),
(278, '2089', 53),
(278, '2090', 92),
(279, '2091', 15),
(279, '2092', 23),
(279, '2093', 26),
(279, '2094', 78),
(279, '2095', 84),
(280, '2096', 23),
(280, '2097', 64),
(281, '2098', 56),
(281, '2099', 6),
(281, '2100', 62),
(281, '2101', 66),
(281, '2102', 74),
(282, '2103', 103),
(282, '2104', 105),
(282, '2105', 67),
(282, '2106', 83),
(283, '2107', 104),
(283, '2108', 30),
(283, '2109', 53),
(284, '2110', 63),
(285, '2111', 101),
(285, '2112', 26),
(285, '2113', 4),
(285, '2114', 66),
(285, '2115', 80),
(285, '2116', 90),
(285, '2117', 93),
(286, '2118', 58),
(286, '2119', 75),
(287, '2120', 106),
(287, '2121', 63),
(288, '2122', 101),
(288, '2123', 20),
(288, '2124', 21),
(288, '2125', 22),
(288, '2126', 37),
(288, '2127', 55),
(288, '2128', 70),
(288, '2129', 85),
(289, '2130', 69),
(289, '2131', 82),
(290, '2132', 10),
(290, '2133', 73),
(290, '2134', 87),
(291, '2135', 95),
(292, '2136', 36),
(292, '2137', 41),
(292, '2138', 53),
(292, '2139', 60),
(292, '2140', 64),
(292, '2141', 65),
(292, '2142', 72),
(292, '2143', 89),
(293, '2144', 105),
(293, '2145', 43),
(293, '2146', 71),
(293, '2147', 8),
(293, '2148', 84),
(293, '2149', 87),
(294, '2150', 103),
(294, '2151', 23),
(294, '2152', 27),
(294, '2153', 28),
(294, '2154', 35),
(294, '2155', 66),
(295, '2156', 21),
(295, '2157', 23),
(295, '2158', 40),
(295, '2159', 49),
(295, '2160', 7),
(295, '2161', 76),
(296, '2162', 10),
(296, '2163', 106),
(296, '2164', 11),
(296, '2165', 84),
(297, '2166', 10),
(297, '2167', 107),
(297, '2168', 38),
(297, '2169', 64),
(297, '2170', 94),
(298, '2171', 19),
(298, '2172', 56),
(298, '2173', 85),
(298, '2174', 90),
(300, '2175', 52),
(300, '2176', 61),
(300, '2177', 73),
(300, '2178', 83),
(300, '2179', 92),
(301, '2180', 21),
(301, '2181', 99),
(302, '2182', 22),
(303, '2183', 21),
(303, '2184', 22),
(303, '2185', 49),
(303, '2186', 84),
(303, '2187', 85),
(303, '2188', 94),
(304, '2189', 23),
(304, '2190', 55),
(304, '2191', 56),
(304, '2192', 63),
(305, '2193', 20),
(305, '2194', 41),
(305, '2195', 47),
(305, '2196', 52),
(306, '2197', 51),
(306, '2198', 54),
(307, '2199', 27),
(307, '2200', 45),
(308, '2201', 8),
(308, '2202', 83),
(309, '2203', 20),
(309, '2204', 45),
(310, '2205', 106),
(310, '2206', 14),
(310, '2207', 19),
(311, '2208', 2),
(311, '2209', 25),
(311, '2210', 26),
(311, '2211', 88),
(312, '2212', 100),
(312, '2213', 64),
(313, '2214', 44),
(313, '2215', 45),
(313, '2216', 47),
(313, '2217', 71),
(313, '2218', 83),
(314, '2219', 1),
(314, '2220', 105),
(314, '2221', 58),
(314, '2222', 60),
(315, '2223', 4),
(315, '2224', 53),
(315, '2225', 74),
(315, '2226', 92),
(316, '2227', 12),
(317, '2228', 100),
(317, '2229', 105),
(317, '2230', 18),
(317, '2231', 35),
(317, '2232', 47),
(317, '2233', 74),
(318, '2234', 22),
(318, '2235', 41),
(318, '2236', 54),
(318, '2237', 72),
(318, '2238', 93),
(319, '2239', 25),
(319, '2240', 26),
(319, '2241', 45),
(320, '2242', 7),
(321, '2243', 11),
(321, '2244', 84),
(322, '2245', 4),
(322, '2246', 62),
(322, '2247', 78),
(322, '2248', 88),
(322, '2249', 95),
(323, '2250', 20),
(323, '2251', 40),
(324, '2252', 103),
(324, '2253', 36),
(324, '2254', 42),
(324, '2255', 5),
(325, '2256', 28),
(325, '2257', 37),
(325, '2258', 61),
(326, '2259', 3),
(326, '2260', 42),
(326, '2261', 47),
(326, '2262', 51),
(326, '2263', 9),
(327, '2264', 71),
(327, '2265', 86),
(328, '2266', 49),
(328, '2267', 96),
(329, '2268', 21),
(329, '2269', 3),
(329, '2270', 42),
(329, '2271', 5),
(329, '2272', 55),
(330, '2273', 20),
(330, '2274', 58),
(330, '2275', 85),
(331, '2276', 44),
(331, '2277', 64),
(331, '2278', 73),
(332, '2279', 104),
(332, '2280', 21),
(332, '2281', 24),
(332, '2282', 28),
(333, '2283', 27),
(333, '2284', 29),
(333, '2285', 37),
(333, '2286', 46),
(333, '2287', 61),
(333, '2288', 89),
(334, '2289', 13),
(334, '2290', 2),
(334, '2291', 3),
(334, '2292', 49),
(334, '2293', 63),
(334, '2294', 99),
(335, '2295', 36),
(336, '2296', 1),
(336, '2297', 57),
(336, '2298', 66),
(336, '2299', 68),
(336, '2300', 74),
(336, '2301', 94),
(337, '2302', 63),
(337, '2303', 84),
(337, '2304', 95),
(338, '2305', 2),
(338, '2306', 67),
(339, '2307', 104),
(339, '2308', 75),
(340, '2309', 105),
(340, '2310', 17),
(340, '2311', 21),
(340, '2312', 22),
(340, '2313', 40),
(340, '2314', 48),
(340, '2315', 82),
(341, '2316', 21),
(341, '2317', 37),
(341, '2318', 40),
(341, '2319', 60),
(341, '2320', 92),
(341, '2321', 96),
(342, '2322', 27),
(342, '2323', 73),
(342, '2324', 92),
(343, '2325', 61),
(343, '2326', 80),
(343, '2327', 82),
(343, '2328', 86),
(343, '2329', 96),
(344, '2330', 100),
(344, '2331', 54),
(344, '2332', 59),
(344, '2333', 78),
(344, '2334', 95),
(345, '2335', 104),
(345, '2336', 24),
(345, '2337', 47),
(345, '2338', 77),
(346, '2339', 1),
(346, '2340', 4),
(346, '2341', 5),
(346, '2342', 79),
(346, '2343', 8),
(347, '2344', 83),
(348, '2345', 22),
(348, '2346', 25),
(348, '2347', 73),
(348, '2348', 76),
(348, '2349', 89),
(349, '2350', 19),
(349, '2351', 31),
(349, '2352', 39),
(349, '2353', 46),
(349, '2354', 48),
(350, '2355', 26),
(350, '2356', 44),
(350, '2357', 81),
(350, '2358', 82),
(350, '2359', 93),
(351, '2360', 103),
(351, '2361', 29),
(351, '2362', 34),
(351, '2363', 53),
(351, '2364', 58),
(352, '2365', 103),
(352, '2366', 61),
(352, '2367', 64),
(352, '2368', 98),
(353, '2369', 39),
(353, '2370', 46),
(353, '2371', 86),
(353, '2372', 97),
(353, '2373', 99),
(354, '2374', 104),
(354, '2375', 26),
(355, '2376', 1),
(355, '2377', 15),
(355, '2378', 40),
(355, '2379', 45),
(355, '2380', 46),
(355, '2381', 92),
(356, '2382', 1),
(356, '2383', 105),
(356, '2384', 38),
(356, '2385', 63),
(356, '2386', 81),
(356, '2387', 93),
(358, '2388', 105),
(358, '2389', 107),
(358, '2390', 45),
(358, '2391', 49),
(359, '2392', 106),
(359, '2393', 40),
(360, '2394', 42),
(360, '2395', 79),
(361, '2396', 12),
(361, '2397', 57),
(362, '2398', 15),
(362, '2399', 22),
(362, '2400', 26),
(362, '2401', 98),
(363, '2402', 10),
(363, '2403', 102),
(363, '2404', 55),
(363, '2405', 85),
(364, '2406', 103),
(364, '2407', 44),
(364, '2408', 5),
(364, '2409', 69),
(364, '2410', 74),
(365, '2411', 44),
(365, '2412', 51),
(365, '2413', 74),
(366, '2414', 100),
(366, '2415', 20),
(366, '2416', 30),
(366, '2417', 38),
(366, '2418', 41),
(366, '2419', 84),
(367, '2420', 31),
(367, '2421', 38),
(367, '2422', 80),
(368, '2423', 26),
(369, '2424', 107),
(369, '2425', 4),
(369, '2426', 53),
(370, '2427', 17),
(370, '2428', 23),
(370, '2429', 4),
(370, '2430', 56),
(370, '2431', 57),
(371, '2432', 23),
(371, '2433', 27),
(371, '2434', 62),
(371, '2435', 7),
(371, '2436', 71),
(371, '2437', 84),
(371, '2438', 96),
(372, '2439', 10),
(372, '2440', 49),
(372, '2441', 7),
(372, '2442', 76),
(372, '2443', 77),
(372, '2444', 89),
(373, '2445', 100),
(373, '2446', 78),
(373, '2447', 87),
(373, '2448', 91),
(374, '2449', 1),
(374, '2450', 16),
(374, '2451', 79),
(374, '2452', 89),
(375, '2453', 72),
(375, '2454', 84),
(376, '2455', 36),
(376, '2456', 53),
(376, '2457', 56),
(376, '2458', 68),
(376, '2459', 98),
(377, '2460', 38),
(377, '2461', 49),
(378, '2462', 38),
(378, '2463', 46),
(378, '2464', 55),
(378, '2465', 87),
(379, '2466', 6),
(379, '2467', 76),
(379, '2468', 92),
(379, '2469', 97),
(380, '2470', 104),
(380, '2471', 17),
(380, '2472', 22),
(380, '2473', 31),
(380, '2474', 44),
(380, '2475', 75),
(381, '2476', 51),
(381, '2477', 56),
(381, '2478', 59),
(381, '2479', 93),
(382, '2480', 10),
(382, '2481', 101),
(382, '2482', 14),
(382, '2483', 26),
(382, '2484', 59),
(382, '2485', 71),
(382, '2486', 74),
(382, '2487', 88),
(382, '2488', 95),
(383, '2489', 107),
(383, '2490', 58),
(384, '2491', 10),
(384, '2492', 103),
(384, '2493', 17),
(384, '2494', 20),
(384, '2495', 46),
(385, '2496', 104),
(385, '2497', 14),
(385, '2498', 33),
(385, '2499', 51),
(385, '2500', 56),
(386, '2501', 36),
(387, '2502', 107),
(387, '2503', 52),
(387, '2504', 94),
(388, '2505', 44),
(389, '2506', 31),
(389, '2507', 38),
(389, '2508', 41),
(389, '2509', 5),
(389, '2510', 58),
(390, '2511', 1),
(390, '2512', 102),
(390, '2513', 20),
(390, '2514', 40),
(390, '2515', 50),
(390, '2516', 92),
(391, '2517', 15),
(391, '2518', 33),
(391, '2519', 8),
(391, '2520', 80),
(392, '2521', 39),
(392, '2522', 57),
(393, '2523', 17),
(393, '2524', 71),
(393, '2525', 91),
(393, '2526', 99),
(394, '2527', 20),
(394, '2528', 26),
(394, '2529', 54),
(394, '2530', 65),
(394, '2531', 70),
(394, '2532', 75),
(394, '2533', 76),
(394, '2534', 95),
(395, '2535', 1),
(395, '2536', 72),
(395, '2537', 9),
(396, '2538', 29),
(396, '2539', 56),
(396, '2540', 57),
(397, '2541', 102),
(397, '2542', 40),
(397, '2543', 61),
(397, '2544', 67),
(397, '2545', 68),
(397, '2546', 69),
(397, '2547', 73),
(397, '2548', 81),
(398, '2549', 39),
(398, '2550', 40),
(398, '2551', 55),
(398, '2552', 58),
(398, '2553', 64),
(398, '2554', 68),
(398, '2555', 8),
(399, '2556', 66),
(399, '2557', 71),
(399, '2558', 84),
(400, '2559', 37),
(401, '2560', 13),
(401, '2561', 2),
(401, '2562', 78),
(401, '2563', 86),
(401, '2564', 92),
(402, '2565', 1),
(402, '2566', 39),
(402, '2567', 53),
(402, '2568', 90),
(403, '2569', 37),
(403, '2570', 41),
(403, '2571', 89),
(404, '2572', 25),
(404, '2573', 29),
(404, '2574', 31),
(404, '2575', 40),
(405, '2576', 55),
(405, '2577', 62),
(405, '2578', 84),
(405, '2579', 99),
(406, '2580', 47),
(406, '2581', 48),
(406, '2582', 71),
(407, '2583', 79),
(407, '2584', 82),
(408, '2585', 12),
(408, '2586', 26),
(408, '2587', 49),
(408, '2588', 54),
(408, '2589', 69),
(409, '2590', 38),
(409, '2591', 41),
(409, '2592', 70),
(409, '2593', 85),
(410, '2594', 64),
(411, '2595', 13),
(411, '2596', 23),
(411, '2597', 3),
(411, '2598', 59),
(411, '2599', 80),
(412, '2600', 15),
(412, '2601', 20),
(412, '2602', 28),
(412, '2603', 60),
(412, '2604', 63),
(413, '2605', 30),
(413, '2606', 34),
(413, '2607', 59),
(414, '2608', 1),
(414, '2609', 68),
(414, '2610', 77),
(414, '2611', 86),
(415, '2612', 4),
(415, '2613', 51),
(415, '2614', 58),
(415, '2615', 72),
(415, '2616', 83),
(416, '2617', 10),
(416, '2618', 60),
(416, '2619', 93),
(417, '2620', 25),
(418, '2621', 5),
(418, '2622', 54),
(418, '2623', 67),
(418, '2624', 71),
(418, '2625', 83),
(418, '2626', 89),
(419, '2627', 14),
(419, '2628', 42),
(419, '2629', 43),
(419, '2630', 57),
(419, '2631', 90),
(420, '2632', 22),
(420, '2633', 56),
(420, '2634', 83),
(421, '2635', 21),
(421, '2636', 37),
(421, '2637', 39),
(421, '2638', 6),
(421, '2639', 83),
(421, '2640', 85),
(422, '2641', 17),
(422, '2642', 50),
(422, '2643', 70),
(422, '2644', 83),
(423, '2645', 25),
(423, '2646', 37),
(423, '2647', 47),
(424, '2648', 37),
(424, '2649', 57),
(424, '2650', 77),
(425, '2651', 42),
(425, '2652', 65),
(425, '2653', 90),
(426, '2654', 13),
(426, '2655', 15),
(426, '2656', 25),
(426, '2657', 72),
(427, '2658', 18),
(427, '2659', 27),
(428, '2660', 1),
(428, '2661', 102),
(428, '2662', 14),
(428, '2663', 19),
(428, '2664', 26),
(428, '2665', 36),
(428, '2666', 60),
(428, '2667', 63),
(428, '2668', 84),
(429, '2669', 76),
(430, '2670', 2),
(430, '2671', 25),
(430, '2672', 54),
(430, '2673', 62),
(430, '2674', 68),
(430, '2675', 77),
(430, '2676', 79),
(430, '2677', 80),
(431, '2678', 22),
(431, '2679', 61),
(431, '2680', 76),
(431, '2681', 90),
(432, '2682', 1),
(432, '2683', 22),
(432, '2684', 31),
(432, '2685', 71),
(432, '2686', 75),
(432, '2687', 8),
(432, '2688', 88),
(432, '2689', 94),
(433, '2690', 22),
(433, '2691', 23),
(433, '2692', 39),
(433, '2693', 74),
(433, '2694', 83),
(433, '2695', 89),
(434, '2696', 1),
(434, '2697', 105),
(434, '2698', 69),
(434, '2699', 70),
(435, '2700', 105),
(435, '2701', 12),
(435, '2702', 14),
(435, '2703', 19),
(435, '2704', 3),
(435, '2705', 33),
(435, '2706', 45),
(435, '2707', 55),
(435, '2708', 59),
(435, '2709', 78),
(435, '2710', 89),
(436, '2711', 50),
(436, '2712', 59),
(436, '2713', 99),
(437, '2714', 100),
(437, '2715', 104),
(437, '2716', 11),
(437, '2717', 16),
(437, '2718', 63),
(437, '2719', 70),
(437, '2720', 77),
(437, '2721', 78),
(437, '2722', 85),
(438, '2723', 25),
(438, '2724', 26),
(438, '2725', 30),
(438, '2726', 67),
(438, '2727', 80),
(439, '2728', 106),
(439, '2729', 14),
(439, '2730', 23),
(439, '2731', 71),
(439, '2732', 77),
(440, '2733', 68),
(441, '2734', 19),
(441, '2735', 28),
(441, '2736', 4),
(441, '2737', 90),
(442, '2738', 33),
(442, '2739', 67),
(442, '2740', 94),
(443, '2741', 15),
(443, '2742', 31),
(443, '2743', 6),
(443, '2744', 62),
(443, '2745', 9),
(444, '2746', 24),
(444, '2747', 37),
(444, '2748', 57),
(444, '2749', 7),
(444, '2750', 76),
(444, '2751', 94),
(445, '2752', 46),
(445, '2753', 5),
(446, '2754', 102),
(446, '2755', 15),
(446, '2756', 63),
(446, '2757', 91),
(446, '2758', 99),
(447, '2759', 27),
(447, '2760', 3),
(447, '2761', 98),
(448, '2762', 14),
(448, '2763', 53),
(448, '2764', 60),
(448, '2765', 68),
(448, '2766', 8),
(449, '2767', 106),
(449, '2768', 96),
(450, '2769', 35),
(450, '2770', 63),
(451, '2771', 76),
(451, '2772', 80),
(451, '2773', 89),
(452, '2774', 4),
(452, '2775', 58),
(452, '2776', 59),
(452, '2777', 9),
(453, '2778', 37),
(453, '2779', 58),
(453, '2780', 86),
(453, '2781', 90),
(454, '2782', 19),
(454, '2783', 40),
(455, '2784', 104),
(455, '2785', 15),
(455, '2786', 3),
(455, '2787', 54),
(455, '2788', 55),
(455, '2789', 66),
(455, '2790', 71),
(455, '2791', 75),
(456, '2792', 51),
(456, '2793', 72),
(456, '2794', 75),
(456, '2795', 92),
(456, '2796', 95),
(457, '2797', 49),
(457, '2798', 90),
(457, '2799', 97),
(458, '2800', 42),
(458, '2801', 83),
(458, '2802', 9),
(459, '2803', 106),
(459, '2804', 27),
(459, '2805', 34),
(459, '2806', 4),
(459, '2807', 41),
(459, '2808', 64),
(460, '2809', 26),
(461, '2810', 25),
(461, '2811', 81),
(462, '2812', 103),
(462, '2813', 16),
(462, '2814', 39),
(462, '2815', 43),
(462, '2816', 48),
(463, '2817', 101),
(463, '2818', 41),
(463, '2819', 81),
(463, '2820', 89),
(464, '2821', 105),
(464, '2822', 25),
(464, '2823', 3),
(464, '2824', 59),
(464, '2825', 7),
(465, '2826', 70),
(465, '2827', 90),
(466, '2828', 15),
(466, '2829', 2),
(466, '2830', 37),
(466, '2831', 62),
(466, '2832', 69),
(466, '2833', 78),
(466, '2834', 90),
(466, '2835', 91),
(467, '2836', 17),
(467, '2837', 71),
(468, '2838', 103),
(468, '2839', 105),
(468, '2840', 61),
(468, '2841', 69),
(468, '2842', 93),
(469, '2843', 29),
(470, '2844', 13),
(470, '2845', 42),
(470, '2846', 44),
(470, '2847', 57),
(470, '2848', 71),
(470, '2849', 93),
(470, '2850', 94),
(471, '2851', 17),
(471, '2852', 26),
(471, '2853', 31),
(471, '2854', 67),
(471, '2855', 89),
(473, '2856', 101),
(473, '2857', 38),
(473, '2858', 45),
(473, '2859', 70),
(474, '2860', 15),
(474, '2861', 74),
(475, '2862', 103),
(475, '2863', 106),
(475, '2864', 6),
(476, '2865', 104),
(476, '2866', 106),
(476, '2867', 12),
(476, '2868', 27),
(477, '2869', 34),
(477, '2870', 58),
(477, '2871', 9),
(477, '2872', 95),
(478, '2873', 100),
(478, '2874', 15),
(478, '2875', 69),
(478, '2876', 90),
(478, '2877', 95),
(479, '2878', 1),
(479, '2879', 13),
(479, '2880', 52),
(480, '2881', 24),
(480, '2882', 35),
(480, '2883', 54),
(480, '2884', 71),
(480, '2885', 76),
(480, '2886', 78),
(480, '2887', 89),
(480, '2888', 91),
(481, '2889', 55),
(482, '2890', 36),
(483, '2891', 22),
(483, '2892', 52),
(483, '2893', 61),
(483, '2894', 86),
(484, '2895', 22),
(484, '2896', 52),
(484, '2897', 59),
(484, '2898', 7),
(484, '2899', 76),
(484, '2900', 99),
(485, '2901', 53),
(486, '2902', 102),
(486, '2903', 17),
(486, '2904', 33),
(486, '2905', 42),
(486, '2906', 91),
(488, '2907', 26),
(488, '2908', 28),
(488, '2909', 49),
(488, '2910', 61),
(488, '2911', 9),
(488, '2912', 94),
(489, '2913', 18),
(489, '2914', 51),
(489, '2915', 55),
(489, '2916', 68),
(489, '2917', 70),
(489, '2918', 74),
(489, '2919', 79),
(491, '2920', 101),
(491, '2921', 13),
(491, '2922', 46),
(491, '2923', 85),
(491, '2924', 9),
(492, '2925', 43),
(492, '2926', 78),
(492, '2927', 91),
(493, '2928', 5),
(494, '2929', 87),
(495, '2930', 2),
(495, '2931', 20),
(495, '2932', 51),
(496, '2933', 107),
(496, '2934', 15),
(496, '2935', 56),
(497, '2936', 13),
(497, '2937', 24),
(497, '2938', 3),
(497, '2939', 31),
(497, '2940', 34),
(497, '2941', 53),
(497, '2942', 58),
(497, '2943', 64),
(498, '2944', 104),
(498, '2945', 29),
(498, '2946', 41),
(498, '2947', 44),
(498, '2948', 61),
(498, '2949', 74),
(498, '2950', 95),
(499, '2951', 100),
(499, '2952', 23),
(499, '2953', 25),
(499, '2954', 51),
(499, '2955', 56),
(499, '2956', 75),
(499, '2957', 8),
(500, '2958', 103),
(500, '2959', 22),
(500, '2960', 37),
(500, '2961', 51);

-- --------------------------------------------------------

--
-- Table structure for table `theo_doi`
--

CREATE TABLE `theo_doi` (
  `ma_hv` int(11) NOT NULL,
  `ma_gv` int(11) NOT NULL
) ENGINE=InnoDB DEFAULT CHARSET=utf8mb4;

--
-- Dumping data for table `theo_doi`
--

INSERT INTO `theo_doi` (`ma_hv`, `ma_gv`) VALUES
(1, 2022),
(2, 2077),
(3, 2032),
(4, 2052),
(5, 2087),
(6, 2038),
(7, 2035),
(8, 2016),
(9, 2012),
(10, 2074),
(11, 2029),
(12, 2086),
(13, 2034),
(14, 2003),
(15, 2021),
(16, 2050),
(17, 2003),
(18, 2079),
(19, 2040),
(20, 2025),
(21, 2017),
(22, 2008),
(23, 2033),
(24, 2046),
(25, 2088),
(26, 2071),
(27, 2051),
(28, 2037),
(29, 2078),
(30, 2091),
(31, 2006),
(32, 2020),
(33, 2065),
(34, 2040),
(35, 2035),
(36, 2028),
(37, 2012),
(38, 2091),
(39, 2015),
(40, 2057),
(41, 2095),
(42, 2054),
(43, 2007),
(44, 2077),
(45, 2065),
(46, 2003),
(47, 2095),
(48, 2058),
(49, 2068),
(50, 2067),
(51, 2047),
(52, 2074),
(53, 2063),
(54, 2085),
(55, 2014),
(56, 2057),
(57, 2009),
(58, 2064),
(59, 2054),
(60, 2045),
(61, 2055),
(62, 2055),
(63, 2044),
(64, 2055),
(65, 2014),
(66, 2068),
(67, 2004),
(68, 2048),
(69, 2062),
(70, 2059),
(71, 2067),
(72, 2035),
(73, 2077),
(74, 2100),
(75, 2048),
(76, 2075),
(77, 2055),
(78, 2039),
(79, 2081),
(80, 2069),
(81, 2090),
(82, 2091),
(83, 2058),
(84, 2021),
(85, 2049),
(86, 2037),
(87, 2008),
(88, 2032),
(89, 2037),
(90, 2071),
(91, 2013),
(92, 2091),
(93, 2067),
(94, 2064),
(95, 2086),
(96, 2052),
(97, 2064),
(98, 2063),
(99, 2059),
(100, 2084),
(101, 2009),
(102, 2028),
(103, 2007),
(104, 2082),
(105, 2035),
(106, 2038),
(107, 2031),
(108, 2027),
(109, 2035),
(110, 2063),
(111, 2033),
(112, 2030),
(113, 2090),
(114, 2000),
(115, 2053),
(116, 2050),
(117, 2025),
(118, 2086),
(119, 2058),
(120, 2072),
(121, 2015),
(122, 2010),
(123, 2037),
(124, 2062),
(125, 2031),
(126, 2013),
(127, 2014),
(128, 2049),
(129, 2069),
(130, 2019),
(131, 2092),
(132, 2075),
(133, 2061),
(134, 2058),
(135, 2077),
(136, 2089),
(137, 2006),
(138, 2047),
(139, 2092),
(140, 2067),
(141, 2081),
(142, 2079),
(143, 2093),
(144, 2024),
(145, 2013),
(146, 2014),
(147, 2075),
(148, 2065),
(149, 2091),
(150, 2063),
(151, 2053),
(152, 2087),
(153, 2051),
(154, 2010),
(155, 2027),
(156, 2026),
(157, 2024),
(158, 2080),
(159, 2005),
(160, 2030),
(161, 2032),
(162, 2006),
(163, 2047),
(164, 2066),
(165, 2014),
(166, 2046),
(167, 2022),
(168, 2002),
(169, 2006),
(170, 2036),
(171, 2011),
(172, 2016),
(173, 2015),
(174, 2027),
(175, 2064),
(176, 2046),
(177, 2055),
(178, 2087),
(179, 2099),
(180, 2053),
(181, 2011),
(182, 2066),
(183, 2010),
(184, 2034),
(185, 2094),
(186, 2059),
(187, 2051),
(188, 2009),
(189, 2025),
(190, 2100),
(191, 2004),
(192, 2086),
(193, 2053),
(194, 2071),
(195, 2086),
(196, 2061),
(197, 2094),
(198, 2022),
(199, 2075),
(200, 2095),
(201, 2075),
(202, 2011),
(203, 2079),
(204, 2078),
(205, 2025),
(206, 2067),
(207, 2044),
(208, 2005),
(209, 2036),
(210, 2093),
(211, 2065),
(212, 2038),
(213, 2015),
(214, 2047),
(215, 2058),
(216, 2029),
(217, 2029),
(218, 2094),
(219, 2059),
(220, 2056),
(221, 2093),
(222, 2086),
(223, 2024),
(224, 2011),
(225, 2048),
(226, 2002),
(227, 2074),
(228, 2002),
(229, 2011),
(230, 2032),
(231, 2058),
(232, 2086),
(233, 2091),
(234, 2032),
(235, 2033),
(236, 2091),
(237, 2077),
(238, 2020),
(239, 2084),
(240, 2096),
(241, 2080),
(242, 2049),
(243, 2051),
(244, 2084),
(245, 2078),
(246, 2001),
(247, 2025),
(248, 2044),
(249, 2073),
(250, 2004),
(251, 2078),
(252, 2040),
(253, 2033),
(254, 2081),
(255, 2077),
(256, 2053),
(257, 2016),
(258, 2032),
(259, 2017),
(260, 2044),
(261, 2097),
(262, 2007),
(263, 2086),
(264, 2006),
(265, 2054),
(266, 2067),
(267, 2063),
(268, 2039),
(269, 2029),
(270, 2011),
(271, 2060),
(272, 2093),
(273, 2058),
(274, 2053),
(275, 2091),
(276, 2092),
(277, 2033),
(278, 2041),
(279, 2100),
(280, 2040),
(281, 2063),
(282, 2055),
(283, 2081),
(284, 2030),
(285, 2083),
(286, 2018),
(287, 2047),
(288, 2078),
(289, 2067),
(290, 2052),
(291, 2008),
(292, 2042),
(293, 2058),
(294, 2088),
(295, 2066),
(296, 2067),
(297, 2060),
(298, 2099),
(299, 2087),
(300, 2041),
(301, 2016),
(302, 2061),
(303, 2058),
(304, 2080),
(305, 2085),
(306, 2035),
(307, 2039),
(308, 2100),
(309, 2043),
(310, 2044),
(311, 2032),
(312, 2059),
(313, 2006),
(314, 2098),
(315, 2096),
(316, 2045),
(317, 2021),
(318, 2098),
(319, 2031),
(320, 2009),
(321, 2075),
(322, 2092),
(323, 2074),
(324, 2051),
(325, 2061),
(326, 2082),
(327, 2034),
(328, 2082),
(329, 2097),
(330, 2074),
(331, 2047),
(332, 2017),
(333, 2009),
(334, 2100),
(335, 2044),
(336, 2072),
(337, 2069),
(338, 2047),
(339, 2096),
(340, 2005),
(341, 2043),
(342, 2015),
(343, 2072),
(344, 2006),
(345, 2013),
(346, 2078),
(347, 2063),
(348, 2007),
(349, 2000),
(350, 2053),
(351, 2081),
(352, 2061),
(353, 2025),
(354, 2054),
(355, 2007),
(356, 2019),
(357, 2099),
(358, 2074),
(359, 2054),
(360, 2079),
(361, 2070),
(362, 2004),
(363, 2086),
(364, 2019),
(365, 2016),
(366, 2061),
(367, 2025),
(368, 2031),
(369, 2014),
(370, 2081),
(371, 2079),
(372, 2071),
(373, 2007),
(374, 2052),
(375, 2057),
(376, 2028),
(377, 2039),
(378, 2029),
(379, 2050),
(380, 2018),
(381, 2075),
(382, 2042),
(383, 2099),
(384, 2020),
(385, 2046),
(386, 2025),
(387, 2080),
(388, 2022),
(389, 2085),
(390, 2040),
(391, 2038),
(392, 2019),
(393, 2041),
(394, 2021),
(395, 2057),
(396, 2059),
(397, 2060),
(398, 2070),
(399, 2040),
(400, 2091),
(401, 2087),
(402, 2077),
(403, 2089),
(404, 2017),
(405, 2006),
(406, 2024),
(407, 2077),
(408, 2028),
(409, 2082),
(410, 2046),
(411, 2036),
(412, 2033),
(413, 2048),
(414, 2076),
(415, 2071),
(416, 2037),
(417, 2033),
(418, 2015),
(419, 2035),
(420, 2097),
(421, 2078),
(422, 2049),
(423, 2089),
(424, 2028),
(425, 2021),
(426, 2071),
(427, 2078),
(428, 2063),
(429, 2089),
(430, 2003),
(431, 2059),
(432, 2053),
(433, 2018),
(434, 2054),
(435, 2096),
(436, 2055),
(437, 2005),
(438, 2002),
(439, 2053),
(440, 2086),
(441, 2008),
(442, 2073),
(443, 2002),
(444, 2035),
(445, 2081),
(446, 2098),
(447, 2029),
(448, 2030),
(449, 2081),
(450, 2006),
(451, 2038),
(452, 2035),
(453, 2083),
(454, 2033),
(455, 2096),
(456, 2099),
(457, 2003),
(458, 2076),
(459, 2085),
(460, 2067),
(461, 2073),
(462, 2097),
(463, 2031),
(464, 2077),
(465, 2053),
(466, 2004),
(467, 2001),
(468, 2075),
(469, 2037),
(470, 2038),
(471, 2054),
(472, 2047),
(473, 2016),
(474, 2083),
(475, 2006),
(476, 2089),
(477, 2094),
(478, 2020),
(479, 2054),
(480, 2096),
(481, 2014),
(482, 2067),
(483, 2036),
(484, 2003),
(485, 2044),
(486, 2039),
(487, 2002),
(488, 2030),
(489, 2068),
(490, 2086),
(491, 2004),
(492, 2050),
(493, 2087),
(494, 2050),
(495, 2096),
(496, 2025),
(497, 2080),
(498, 2003),
(499, 2038),
(500, 2095);

-- --------------------------------------------------------

--
-- Table structure for table `trinh_do`
--

CREATE TABLE `trinh_do` (
  `ma_trinh_do` int(11) NOT NULL,
  `ten` varchar(64) DEFAULT NULL,
  `loai_trinh_do` varchar(32) NOT NULL
) ENGINE=InnoDB DEFAULT CHARSET=utf8mb4;

--
-- Dumping data for table `trinh_do`
--

INSERT INTO `trinh_do` (`ma_trinh_do`, `ten`, `loai_trinh_do`) VALUES
(0, 'null', 'null'),
(1, 'Lớp 6', 'HOCTOT'),
(2, 'Lớp 6', 'MASTER'),
(3, 'Lớp 6', 'BOTRO'),
(4, 'Lớp 6', 'MASTERZ'),
(5, 'Lớp 7', 'HOCTOT'),
(6, 'Lớp 7', 'MASTER'),
(7, 'Lớp 7', 'MASTERZ'),
(8, 'Lớp 7', 'BOTRO'),
(9, 'Lớp 8', 'HOCTOT'),
(10, 'Lớp 8', 'MASTER'),
(11, 'Lớp 8', 'MASTERZ'),
(12, 'Lớp 8', 'BOTRO'),
(13, 'Lớp 9', 'HOCTOT'),
(14, 'Lớp 9', 'MASTER'),
(15, 'Lớp 9', 'MASTERZ'),
(16, 'Lớp 9', 'BOTRO'),
(17, 'Lớp 10', 'HOCTOT'),
(18, 'Lớp 10', 'MASTER'),
(19, 'Lớp 10', 'BOTRO'),
(20, 'Lớp 11', 'HOCTOT'),
(21, 'Lớp 11', 'MASTER'),
(22, 'Lớp 11', 'BOTRO'),
(23, 'Lớp 12', 'PENALL'),
(24, 'Lớp 12', 'PEN-C'),
(25, 'Lớp 12', 'PEN-I'),
(26, 'Lớp 12', 'PEN-M'),
(27, 'Lớp 12', 'MasterX-TL'),
(28, 'Lớp 12', 'MasterX-TT'),
(29, 'Lớp 12', 'MasterX-GĐ');

-- --------------------------------------------------------

--
-- Table structure for table `trinh_do_day_hoc`
--

CREATE TABLE `trinh_do_day_hoc` (
  `ma_trinh_do` int(11) NOT NULL,
  `ma_gv` int(11) NOT NULL
) ENGINE=InnoDB DEFAULT CHARSET=utf8mb4;

--
-- Dumping data for table `trinh_do_day_hoc`
--

INSERT INTO `trinh_do_day_hoc` (`ma_trinh_do`, `ma_gv`) VALUES
(1, 2027),
(1, 2056),
(1, 2085),
(2, 2028),
(2, 2057),
(2, 2086),
(3, 2000),
(3, 2029),
(3, 2058),
(3, 2087),
(4, 2001),
(4, 2030),
(4, 2059),
(4, 2088),
(5, 2002),
(5, 2031),
(5, 2060),
(5, 2089),
(6, 2003),
(6, 2032),
(6, 2061),
(6, 2090),
(7, 2004),
(7, 2033),
(7, 2062),
(7, 2091),
(8, 2005),
(8, 2034),
(8, 2063),
(8, 2092),
(9, 2006),
(9, 2035),
(9, 2064),
(9, 2093),
(10, 2007),
(10, 2036),
(10, 2065),
(10, 2094),
(11, 2008),
(11, 2037),
(11, 2066),
(11, 2095),
(12, 2009),
(12, 2038),
(12, 2067),
(12, 2096),
(13, 2010),
(13, 2039),
(13, 2068),
(13, 2097),
(14, 2011),
(14, 2040),
(14, 2069),
(14, 2098),
(15, 2012),
(15, 2041),
(15, 2070),
(15, 2099),
(16, 2013),
(16, 2042),
(16, 2071),
(16, 2100),
(17, 2014),
(17, 2043),
(17, 2072),
(18, 2015),
(18, 2044),
(18, 2073),
(19, 2016),
(19, 2045),
(19, 2074),
(20, 2017),
(20, 2046),
(20, 2075),
(21, 2018),
(21, 2047),
(21, 2076),
(22, 2019),
(22, 2048),
(22, 2077),
(23, 2020),
(23, 2049),
(23, 2078),
(24, 2021),
(24, 2050),
(24, 2079),
(25, 2022),
(25, 2051),
(25, 2080),
(26, 2023),
(26, 2052),
(26, 2081),
(27, 2024),
(27, 2053),
(27, 2082),
(28, 2025),
(28, 2054),
(28, 2083),
(29, 2026),
(29, 2055),
(29, 2084);

-- --------------------------------------------------------

--
-- Table structure for table `tro_giang`
--

CREATE TABLE `tro_giang` (
  `id` int(11) NOT NULL
) ENGINE=InnoDB DEFAULT CHARSET=utf8mb4;

--
-- Dumping data for table `tro_giang`
--

INSERT INTO `tro_giang` (`id`) VALUES
(1000),
(1001),
(1002),
(1003),
(1004),
(1005),
(1006),
(1007),
(1008),
(1009),
(1010),
(1011),
(1012),
(1013),
(1014),
(1015),
(1016),
(1017),
(1018),
(1019),
(1020),
(1021),
(1022),
(1023),
(1024),
(1025),
(1026),
(1027),
(1028),
(1029),
(1030),
(1031),
(1032),
(1033),
(1034),
(1035),
(1036),
(1037),
(1038),
(1039),
(1040),
(1041),
(1042),
(1043),
(1044),
(1045),
(1046),
(1047),
(1048),
(1049),
(1050),
(1051),
(1052),
(1053),
(1054),
(1055),
(1056),
(1057),
(1058),
(1059),
(1060),
(1061),
(1062),
(1063),
(1064),
(1065),
(1066),
(1067),
(1068),
(1069),
(1070),
(1071),
(1072),
(1073),
(1074),
(1075),
(1076),
(1077),
(1078),
(1079),
(1080),
(1081),
(1082),
(1083),
(1084),
(1085),
(1086),
(1087),
(1088),
(1089),
(1090),
(1091),
(1092),
(1093),
(1094),
(1095),
(1096),
(1097),
(1098),
(1099),
(1100);

-- --------------------------------------------------------

--
-- Table structure for table `xem_bai_giang`
--

CREATE TABLE `xem_bai_giang` (
  `ma_hv` int(11) NOT NULL,
  `ma_kh` int(20) NOT NULL,
  `ma_gv` int(11) NOT NULL
) ENGINE=InnoDB DEFAULT CHARSET=utf8mb4;

--
-- Dumping data for table `xem_bai_giang`
--

INSERT INTO `xem_bai_giang` (`ma_hv`, `ma_kh`, `ma_gv`) VALUES
(1, 19, 2060),
(1, 36, 2006),
(1, 53, 2014),
(1, 53, 2072),
(1, 57, 2014),
(1, 57, 2072),
(1, 84, 2052),
(1, 84, 2081),
(2, 26, 2003),
(2, 26, 2061),
(2, 30, 2007),
(2, 30, 2065),
(2, 41, 2010),
(2, 41, 2068),
(2, 69, 2017),
(3, 9, 2000),
(3, 9, 2058),
(3, 51, 2010),
(3, 51, 2097),
(3, 75, 2020),
(3, 100, 2021),
(4, 1, 2031),
(4, 1, 2060),
(4, 15, 2029),
(4, 19, 2060),
(4, 68, 2017),
(4, 68, 2046),
(5, 27, 2089),
(5, 68, 2017),
(5, 68, 2046),
(5, 107, 2025),
(6, 7, 2086),
(6, 37, 2067),
(6, 47, 2068),
(6, 63, 2077),
(6, 95, 2021),
(6, 98, 2023),
(6, 98, 2081),
(7, 80, 2021),
(7, 102, 2051),
(7, 102, 2080),
(8, 83, 2081),
(8, 106, 2023),
(8, 106, 2052),
(9, 13, 2057),
(9, 20, 2003),
(9, 20, 2090),
(9, 98, 2023),
(9, 98, 2081),
(10, 8, 2028),
(10, 8, 2057),
(10, 43, 2069),
(10, 43, 2098),
(10, 51, 2010),
(10, 51, 2097),
(10, 77, 2079),
(10, 85, 2050),
(10, 85, 2079),
(11, 20, 2003),
(11, 20, 2090),
(11, 32, 2006),
(11, 44, 2013),
(11, 44, 2071),
(11, 48, 2010),
(11, 48, 2039),
(11, 80, 2021),
(11, 85, 2050),
(11, 85, 2079),
(11, 87, 2080),
(12, 45, 2068),
(12, 50, 2010),
(12, 50, 2097),
(13, 2, 2027),
(13, 2, 2056),
(13, 56, 2045),
(13, 99, 2052),
(13, 99, 2081),
(14, 9, 2000),
(14, 9, 2058),
(14, 22, 2034),
(14, 29, 2006),
(14, 29, 2093),
(14, 62, 2017),
(14, 62, 2075),
(14, 66, 2046),
(14, 66, 2075),
(14, 86, 2021),
(14, 106, 2023),
(14, 106, 2052),
(14, 107, 2025),
(15, 36, 2006),
(15, 75, 2020),
(15, 83, 2081),
(15, 106, 2023),
(15, 106, 2052),
(16, 14, 2001),
(16, 44, 2013),
(16, 44, 2071),
(16, 103, 2023),
(16, 103, 2081),
(17, 27, 2089),
(17, 32, 2006),
(17, 46, 2011),
(17, 47, 2068),
(17, 52, 2043),
(17, 52, 2072),
(18, 55, 2014),
(18, 55, 2072),
(19, 60, 2043),
(19, 77, 2079),
(19, 100, 2021),
(20, 25, 2061),
(20, 40, 2006),
(20, 40, 2035),
(20, 47, 2068),
(20, 61, 2017),
(20, 76, 2020),
(20, 76, 2049),
(21, 66, 2046),
(21, 66, 2075),
(21, 75, 2020),
(22, 4, 2085),
(22, 26, 2003),
(22, 26, 2061),
(22, 38, 2064),
(22, 74, 2049),
(22, 96, 2050),
(23, 15, 2029),
(23, 17, 2058),
(23, 17, 2087),
(23, 21, 2033),
(23, 21, 2062),
(23, 34, 2038),
(23, 41, 2010),
(23, 41, 2068),
(23, 61, 2017),
(23, 70, 2049),
(23, 70, 2078),
(23, 74, 2049),
(23, 93, 2023),
(23, 96, 2050),
(23, 99, 2052),
(23, 99, 2081),
(24, 17, 2058),
(24, 17, 2087),
(24, 34, 2038),
(24, 37, 2067),
(24, 77, 2079),
(24, 104, 2052),
(24, 106, 2023),
(24, 106, 2052),
(25, 10, 2029),
(25, 10, 2058),
(25, 13, 2057),
(25, 17, 2058),
(25, 17, 2087),
(25, 22, 2034),
(25, 25, 2061),
(26, 14, 2001),
(26, 30, 2007),
(26, 30, 2065),
(26, 86, 2021),
(26, 91, 2021),
(26, 91, 2050),
(27, 49, 2010),
(27, 50, 2010),
(27, 50, 2097),
(28, 40, 2006),
(28, 40, 2035),
(29, 15, 2029),
(29, 26, 2003),
(29, 26, 2061),
(29, 29, 2006),
(29, 29, 2093),
(29, 55, 2014),
(29, 55, 2072),
(30, 3, 2056),
(30, 3, 2085),
(30, 56, 2045),
(30, 60, 2043),
(30, 72, 2020),
(30, 72, 2049),
(30, 86, 2021),
(30, 87, 2080),
(31, 2, 2027),
(31, 2, 2056),
(31, 41, 2010),
(31, 41, 2068),
(31, 70, 2049),
(31, 70, 2078),
(32, 17, 2058),
(32, 17, 2087),
(32, 23, 2060),
(32, 23, 2089),
(32, 48, 2010),
(32, 48, 2039),
(32, 96, 2050),
(33, 5, 2085),
(33, 39, 2035),
(33, 47, 2068),
(33, 65, 2019),
(33, 65, 2048),
(34, 26, 2003),
(34, 26, 2061),
(34, 45, 2068),
(34, 56, 2045),
(34, 65, 2019),
(34, 65, 2048),
(34, 87, 2080),
(35, 51, 2010),
(35, 51, 2097),
(35, 85, 2050),
(35, 85, 2079),
(35, 86, 2021),
(36, 7, 2086),
(36, 61, 2017),
(36, 70, 2049),
(36, 70, 2078),
(36, 73, 2020),
(36, 73, 2049),
(36, 78, 2021),
(36, 78, 2050),
(37, 54, 2045),
(37, 54, 2074),
(37, 75, 2020),
(37, 84, 2052),
(37, 84, 2081),
(37, 89, 2052),
(37, 105, 2023),
(37, 107, 2025),
(38, 32, 2006),
(39, 9, 2000),
(39, 9, 2058),
(39, 17, 2058),
(39, 17, 2087),
(40, 27, 2089),
(40, 31, 2096),
(40, 32, 2006),
(40, 64, 2046),
(40, 64, 2075),
(40, 95, 2021),
(40, 98, 2023),
(40, 98, 2081),
(40, 99, 2052),
(40, 99, 2081),
(40, 107, 2025),
(41, 3, 2056),
(41, 3, 2085),
(41, 4, 2085),
(41, 5, 2085),
(41, 86, 2021),
(41, 88, 2023),
(41, 88, 2052),
(42, 83, 2081),
(43, 43, 2069),
(43, 43, 2098),
(43, 53, 2014),
(43, 53, 2072),
(44, 2, 2027),
(44, 2, 2056),
(44, 5, 2085),
(44, 12, 2056),
(44, 52, 2043),
(44, 52, 2072),
(44, 86, 2021),
(45, 1, 2031),
(45, 1, 2060),
(45, 27, 2089),
(45, 40, 2006),
(45, 40, 2035),
(45, 49, 2010),
(46, 18, 2027),
(46, 18, 2085),
(46, 43, 2069),
(46, 43, 2098),
(47, 18, 2027),
(47, 18, 2085),
(47, 31, 2096),
(47, 34, 2038),
(47, 60, 2043),
(48, 22, 2034),
(49, 28, 2035),
(49, 35, 2035),
(49, 35, 2093),
(49, 52, 2043),
(49, 52, 2072),
(49, 57, 2014),
(49, 57, 2072),
(49, 98, 2023),
(49, 98, 2081),
(50, 4, 2085),
(50, 67, 2017),
(50, 67, 2046),
(50, 81, 2021),
(50, 81, 2079),
(51, 97, 2022),
(51, 107, 2025),
(52, 17, 2058),
(52, 17, 2087),
(52, 36, 2006),
(52, 60, 2043),
(52, 93, 2023),
(52, 100, 2021),
(53, 21, 2033),
(53, 21, 2062),
(53, 50, 2010),
(53, 50, 2097),
(53, 53, 2014),
(53, 53, 2072),
(54, 6, 2086),
(54, 13, 2057),
(54, 33, 2007),
(54, 47, 2068),
(54, 63, 2077),
(55, 1, 2031),
(55, 1, 2060),
(55, 26, 2003),
(55, 26, 2061),
(55, 29, 2006),
(55, 29, 2093),
(55, 35, 2035),
(55, 35, 2093),
(55, 40, 2006),
(55, 40, 2035),
(55, 55, 2014),
(55, 55, 2072),
(55, 90, 2021),
(55, 90, 2079),
(55, 95, 2021),
(55, 98, 2023),
(55, 98, 2081),
(55, 102, 2051),
(55, 102, 2080),
(56, 29, 2006),
(56, 29, 2093),
(56, 33, 2007),
(56, 50, 2010),
(56, 50, 2097),
(56, 80, 2021),
(57, 20, 2003),
(57, 20, 2090),
(57, 23, 2060),
(57, 23, 2089),
(57, 34, 2038),
(57, 55, 2014),
(57, 55, 2072),
(57, 65, 2019),
(57, 65, 2048),
(57, 70, 2049),
(57, 70, 2078),
(57, 75, 2020),
(57, 95, 2021),
(58, 53, 2014),
(58, 53, 2072),
(59, 20, 2003),
(59, 20, 2090),
(59, 28, 2035),
(59, 84, 2052),
(59, 84, 2081),
(59, 89, 2052),
(59, 92, 2022),
(59, 92, 2051),
(60, 3, 2056),
(60, 3, 2085),
(60, 48, 2010),
(60, 48, 2039),
(60, 59, 2072),
(60, 67, 2017),
(60, 67, 2046),
(60, 71, 2049),
(61, 11, 2087),
(61, 74, 2049),
(61, 94, 2023),
(61, 94, 2052),
(61, 102, 2051),
(61, 102, 2080),
(62, 40, 2006),
(62, 40, 2035),
(63, 20, 2003),
(63, 20, 2090),
(63, 59, 2072),
(63, 64, 2046),
(63, 64, 2075),
(63, 74, 2049),
(64, 46, 2011),
(64, 61, 2017),
(64, 69, 2017),
(65, 8, 2028),
(65, 8, 2057),
(65, 27, 2089),
(65, 98, 2023),
(65, 98, 2081),
(66, 14, 2001),
(66, 56, 2045),
(67, 37, 2067),
(67, 43, 2069),
(67, 43, 2098),
(67, 90, 2021),
(67, 90, 2079),
(68, 91, 2021),
(68, 91, 2050),
(68, 107, 2025),
(69, 24, 2031),
(69, 98, 2023),
(69, 98, 2081),
(70, 19, 2060),
(70, 60, 2043),
(71, 11, 2087),
(71, 22, 2034),
(71, 32, 2006),
(71, 58, 2014),
(71, 61, 2017),
(71, 64, 2046),
(71, 64, 2075),
(71, 73, 2020),
(71, 73, 2049),
(71, 77, 2079),
(71, 94, 2023),
(71, 94, 2052),
(71, 106, 2023),
(71, 106, 2052),
(72, 14, 2001),
(72, 26, 2003),
(72, 26, 2061),
(72, 43, 2069),
(72, 43, 2098),
(72, 57, 2014),
(72, 57, 2072),
(72, 63, 2077),
(73, 4, 2085),
(73, 21, 2033),
(73, 21, 2062),
(73, 66, 2046),
(73, 66, 2075),
(73, 93, 2023),
(74, 9, 2000),
(74, 9, 2058),
(74, 35, 2035),
(74, 35, 2093),
(74, 68, 2017),
(74, 68, 2046),
(74, 73, 2020),
(74, 73, 2049),
(74, 74, 2049),
(75, 53, 2014),
(75, 53, 2072),
(75, 80, 2021),
(75, 84, 2052),
(75, 84, 2081),
(75, 99, 2052),
(75, 99, 2081),
(76, 57, 2014),
(76, 57, 2072),
(76, 61, 2017),
(76, 71, 2049),
(76, 74, 2049),
(76, 84, 2052),
(76, 84, 2081),
(77, 14, 2001),
(78, 9, 2000),
(78, 9, 2058),
(78, 30, 2007),
(78, 30, 2065),
(78, 38, 2064),
(78, 41, 2010),
(78, 41, 2068),
(78, 100, 2021),
(79, 22, 2034),
(79, 31, 2096),
(79, 35, 2035),
(79, 35, 2093),
(79, 65, 2019),
(79, 65, 2048),
(79, 70, 2049),
(79, 70, 2078),
(79, 73, 2020),
(79, 73, 2049),
(79, 84, 2052),
(79, 84, 2081),
(80, 3, 2056),
(80, 3, 2085),
(80, 48, 2010),
(80, 48, 2039),
(80, 68, 2017),
(80, 68, 2046),
(80, 77, 2079),
(81, 8, 2028),
(81, 8, 2057),
(81, 21, 2033),
(81, 21, 2062),
(81, 64, 2046),
(81, 64, 2075),
(81, 66, 2046),
(81, 66, 2075),
(81, 86, 2021),
(82, 2, 2027),
(82, 2, 2056),
(82, 22, 2034),
(82, 29, 2006),
(82, 29, 2093),
(82, 66, 2046),
(82, 66, 2075),
(82, 74, 2049),
(82, 80, 2021),
(82, 83, 2081),
(83, 1, 2031),
(83, 1, 2060),
(83, 7, 2086),
(83, 57, 2014),
(83, 57, 2072),
(83, 91, 2021),
(83, 91, 2050),
(83, 96, 2050),
(84, 14, 2001),
(84, 41, 2010),
(84, 41, 2068),
(84, 52, 2043),
(84, 52, 2072),
(85, 2, 2027),
(85, 2, 2056),
(85, 29, 2006),
(85, 29, 2093),
(85, 34, 2038),
(85, 67, 2017),
(85, 67, 2046),
(85, 79, 2051),
(85, 79, 2080),
(85, 82, 2051),
(86, 17, 2058),
(86, 17, 2087),
(86, 38, 2064),
(86, 75, 2020),
(87, 7, 2086),
(87, 46, 2011),
(87, 50, 2010),
(87, 50, 2097),
(87, 64, 2046),
(87, 64, 2075),
(87, 68, 2017),
(87, 68, 2046),
(88, 14, 2001),
(88, 48, 2010),
(88, 48, 2039),
(88, 55, 2014),
(88, 55, 2072),
(88, 70, 2049),
(88, 70, 2078),
(88, 75, 2020),
(88, 95, 2021),
(89, 10, 2029),
(89, 10, 2058),
(89, 20, 2003),
(89, 20, 2090),
(89, 30, 2007),
(89, 30, 2065),
(89, 56, 2045),
(89, 61, 2017),
(89, 64, 2046),
(89, 64, 2075),
(89, 91, 2021),
(89, 91, 2050),
(90, 15, 2029),
(90, 32, 2006),
(90, 47, 2068),
(90, 79, 2051),
(90, 79, 2080),
(90, 84, 2052),
(90, 84, 2081),
(92, 60, 2043),
(93, 1, 2031),
(93, 1, 2060),
(93, 19, 2060),
(93, 22, 2034),
(93, 24, 2031),
(93, 64, 2046),
(93, 64, 2075),
(93, 68, 2017),
(93, 68, 2046),
(93, 76, 2020),
(93, 76, 2049),
(94, 12, 2056),
(94, 27, 2089),
(94, 51, 2010),
(94, 51, 2097),
(94, 55, 2014),
(94, 55, 2072),
(95, 69, 2017),
(95, 79, 2051),
(95, 79, 2080),
(95, 82, 2051),
(96, 24, 2031),
(96, 36, 2006),
(96, 42, 2039),
(97, 14, 2001),
(97, 21, 2033),
(97, 21, 2062),
(98, 5, 2085),
(98, 59, 2072),
(98, 96, 2050),
(99, 42, 2039),
(99, 43, 2069),
(99, 43, 2098),
(99, 68, 2017),
(99, 68, 2046),
(99, 97, 2022),
(100, 12, 2056),
(100, 17, 2058),
(100, 17, 2087),
(100, 107, 2025),
(101, 60, 2043),
(101, 74, 2049),
(101, 88, 2023),
(101, 88, 2052),
(101, 99, 2052),
(101, 99, 2081),
(102, 2, 2027),
(102, 2, 2056),
(102, 22, 2034),
(102, 27, 2089),
(102, 71, 2049),
(102, 90, 2021),
(102, 90, 2079),
(103, 12, 2056),
(103, 13, 2057),
(103, 51, 2010),
(103, 51, 2097),
(103, 87, 2080),
(103, 92, 2022),
(103, 92, 2051),
(104, 10, 2029),
(104, 10, 2058),
(104, 48, 2010),
(104, 48, 2039),
(104, 55, 2014),
(104, 55, 2072),
(105, 36, 2006),
(105, 51, 2010),
(105, 51, 2097),
(105, 53, 2014),
(105, 53, 2072),
(105, 99, 2052),
(105, 99, 2081),
(105, 100, 2021),
(106, 2, 2027),
(106, 2, 2056),
(106, 10, 2029),
(106, 10, 2058),
(106, 18, 2027),
(106, 18, 2085),
(106, 22, 2034),
(106, 75, 2020),
(107, 11, 2087),
(107, 35, 2035),
(107, 35, 2093),
(107, 63, 2077),
(108, 24, 2031),
(109, 7, 2086),
(109, 10, 2029),
(109, 10, 2058),
(109, 25, 2061),
(109, 57, 2014),
(109, 57, 2072),
(109, 64, 2046),
(109, 64, 2075),
(109, 84, 2052),
(109, 84, 2081),
(109, 89, 2052),
(109, 98, 2023),
(109, 98, 2081),
(110, 26, 2003),
(110, 26, 2061),
(110, 36, 2006),
(110, 60, 2043),
(110, 98, 2023),
(110, 98, 2081),
(110, 103, 2023),
(110, 103, 2081),
(111, 99, 2052),
(111, 99, 2081),
(112, 5, 2085),
(112, 7, 2086),
(112, 64, 2046),
(112, 64, 2075),
(112, 87, 2080),
(113, 79, 2051),
(113, 79, 2080),
(113, 90, 2021),
(113, 90, 2079),
(114, 19, 2060),
(114, 99, 2052),
(114, 99, 2081),
(115, 22, 2034),
(115, 32, 2006),
(116, 10, 2029),
(116, 10, 2058),
(116, 23, 2060),
(116, 23, 2089),
(116, 46, 2011),
(116, 66, 2046),
(116, 66, 2075),
(116, 84, 2052),
(116, 84, 2081),
(116, 104, 2052),
(117, 6, 2086),
(117, 63, 2077),
(117, 67, 2017),
(117, 67, 2046),
(117, 82, 2051),
(117, 106, 2023),
(117, 106, 2052),
(118, 44, 2013),
(118, 44, 2071),
(118, 61, 2017),
(119, 35, 2035),
(119, 35, 2093),
(119, 71, 2049),
(119, 79, 2051),
(119, 79, 2080),
(119, 91, 2021),
(119, 91, 2050),
(119, 104, 2052),
(119, 107, 2025),
(120, 83, 2081),
(120, 93, 2023),
(120, 98, 2023),
(120, 98, 2081),
(121, 37, 2067),
(121, 64, 2046),
(121, 64, 2075),
(121, 97, 2022),
(121, 106, 2023),
(121, 106, 2052),
(122, 8, 2028),
(122, 8, 2057),
(122, 24, 2031),
(122, 49, 2010),
(122, 68, 2017),
(122, 68, 2046),
(122, 94, 2023),
(122, 94, 2052),
(123, 17, 2058),
(123, 17, 2087),
(123, 38, 2064),
(124, 21, 2033),
(124, 21, 2062),
(124, 22, 2034),
(124, 73, 2020),
(124, 73, 2049),
(124, 77, 2079),
(124, 95, 2021),
(125, 6, 2086),
(125, 16, 2085),
(125, 19, 2060),
(125, 30, 2007),
(125, 30, 2065),
(126, 9, 2000),
(126, 9, 2058),
(126, 11, 2087),
(126, 21, 2033),
(126, 21, 2062),
(126, 51, 2010),
(126, 51, 2097),
(126, 57, 2014),
(126, 57, 2072),
(126, 69, 2017),
(127, 12, 2056),
(127, 22, 2034),
(127, 48, 2010),
(127, 48, 2039),
(127, 56, 2045),
(127, 104, 2052),
(128, 10, 2029),
(128, 10, 2058),
(128, 15, 2029),
(128, 23, 2060),
(128, 23, 2089),
(128, 33, 2007),
(128, 36, 2006),
(128, 75, 2020),
(128, 106, 2023),
(128, 106, 2052),
(129, 27, 2089),
(129, 80, 2021),
(130, 7, 2086),
(130, 26, 2003),
(130, 26, 2061),
(130, 47, 2068),
(131, 70, 2049),
(131, 70, 2078),
(131, 72, 2020),
(131, 72, 2049),
(131, 87, 2080),
(132, 18, 2027),
(132, 18, 2085),
(132, 20, 2003),
(132, 20, 2090),
(132, 83, 2081),
(132, 102, 2051),
(132, 102, 2080),
(132, 107, 2025),
(133, 19, 2060),
(133, 62, 2017),
(133, 62, 2075),
(134, 7, 2086),
(134, 12, 2056),
(134, 44, 2013),
(134, 44, 2071),
(134, 99, 2052),
(134, 99, 2081),
(134, 103, 2023),
(134, 103, 2081),
(135, 60, 2043),
(135, 62, 2017),
(135, 62, 2075),
(135, 66, 2046),
(135, 66, 2075),
(135, 75, 2020),
(135, 81, 2021),
(135, 81, 2079),
(135, 82, 2051),
(135, 94, 2023),
(135, 94, 2052),
(136, 26, 2003),
(136, 26, 2061),
(136, 61, 2017),
(136, 102, 2051),
(136, 102, 2080),
(137, 1, 2031),
(137, 1, 2060),
(137, 14, 2001),
(137, 71, 2049),
(137, 81, 2021),
(137, 81, 2079),
(138, 50, 2010),
(138, 50, 2097),
(138, 77, 2079),
(138, 91, 2021),
(138, 91, 2050),
(139, 10, 2029),
(139, 10, 2058),
(139, 47, 2068),
(140, 37, 2067),
(141, 16, 2085),
(141, 74, 2049),
(141, 107, 2025),
(142, 9, 2000),
(142, 9, 2058),
(142, 38, 2064),
(142, 47, 2068),
(143, 15, 2029),
(143, 28, 2035),
(143, 72, 2020),
(143, 72, 2049),
(143, 98, 2023),
(143, 98, 2081),
(144, 20, 2003),
(144, 20, 2090),
(144, 28, 2035),
(144, 32, 2006),
(144, 71, 2049),
(144, 78, 2021),
(144, 78, 2050),
(145, 6, 2086),
(145, 13, 2057),
(145, 37, 2067),
(145, 66, 2046),
(145, 66, 2075),
(146, 24, 2031),
(146, 30, 2007),
(146, 30, 2065),
(146, 46, 2011),
(147, 3, 2056),
(147, 3, 2085),
(147, 14, 2001),
(147, 38, 2064),
(147, 41, 2010),
(147, 41, 2068),
(147, 106, 2023),
(147, 106, 2052),
(148, 46, 2011),
(149, 49, 2010),
(149, 71, 2049),
(149, 82, 2051),
(149, 84, 2052),
(149, 84, 2081),
(150, 18, 2027),
(150, 18, 2085),
(150, 92, 2022),
(150, 92, 2051),
(151, 37, 2067),
(151, 82, 2051),
(152, 49, 2010),
(152, 54, 2045),
(152, 54, 2074),
(152, 79, 2051),
(152, 79, 2080),
(152, 105, 2023),
(153, 2, 2027),
(153, 2, 2056),
(154, 6, 2086),
(154, 14, 2001),
(154, 47, 2068),
(154, 52, 2043),
(154, 52, 2072),
(154, 72, 2020),
(154, 72, 2049),
(155, 9, 2000),
(155, 9, 2058),
(155, 15, 2029),
(155, 44, 2013),
(155, 44, 2071),
(155, 98, 2023),
(155, 98, 2081),
(156, 58, 2014),
(156, 69, 2017),
(156, 83, 2081),
(156, 99, 2052),
(156, 99, 2081),
(157, 7, 2086),
(157, 30, 2007),
(157, 30, 2065),
(157, 57, 2014),
(157, 57, 2072),
(158, 16, 2085),
(159, 14, 2001),
(159, 22, 2034),
(159, 31, 2096),
(159, 51, 2010),
(159, 51, 2097),
(160, 19, 2060),
(160, 21, 2033),
(160, 21, 2062),
(160, 52, 2043),
(160, 52, 2072),
(160, 98, 2023),
(160, 98, 2081),
(161, 18, 2027),
(161, 18, 2085),
(161, 35, 2035),
(161, 35, 2093),
(161, 47, 2068),
(161, 73, 2020),
(161, 73, 2049),
(161, 107, 2025),
(162, 33, 2007),
(162, 62, 2017),
(162, 62, 2075),
(162, 68, 2017),
(162, 68, 2046),
(162, 89, 2052),
(163, 8, 2028),
(163, 8, 2057),
(163, 15, 2029),
(163, 33, 2007),
(164, 16, 2085),
(164, 37, 2067),
(164, 65, 2019),
(164, 65, 2048),
(164, 84, 2052),
(164, 84, 2081),
(164, 89, 2052),
(165, 29, 2006),
(165, 29, 2093),
(165, 75, 2020),
(165, 98, 2023),
(165, 98, 2081),
(166, 20, 2003),
(166, 20, 2090),
(166, 27, 2089),
(166, 72, 2020),
(166, 72, 2049),
(167, 9, 2000),
(167, 9, 2058),
(167, 77, 2079),
(167, 91, 2021),
(167, 91, 2050),
(168, 6, 2086),
(168, 22, 2034),
(168, 61, 2017),
(168, 64, 2046),
(168, 64, 2075),
(168, 85, 2050),
(168, 85, 2079),
(168, 86, 2021),
(169, 16, 2085),
(169, 40, 2006),
(169, 40, 2035),
(170, 17, 2058),
(170, 17, 2087),
(170, 49, 2010),
(170, 51, 2010),
(170, 51, 2097),
(170, 76, 2020),
(170, 76, 2049),
(171, 2, 2027),
(171, 2, 2056),
(171, 4, 2085),
(171, 21, 2033),
(171, 21, 2062),
(171, 39, 2035),
(171, 51, 2010),
(171, 51, 2097),
(171, 91, 2021),
(171, 91, 2050),
(172, 9, 2000),
(172, 9, 2058),
(172, 51, 2010),
(172, 51, 2097),
(172, 99, 2052),
(172, 99, 2081),
(173, 13, 2057),
(174, 27, 2089),
(174, 41, 2010),
(174, 41, 2068),
(175, 96, 2050),
(176, 55, 2014),
(176, 55, 2072),
(176, 107, 2025),
(177, 38, 2064),
(177, 74, 2049),
(178, 16, 2085),
(178, 69, 2017),
(178, 70, 2049),
(178, 70, 2078),
(178, 74, 2049),
(178, 76, 2020),
(178, 76, 2049),
(178, 102, 2051),
(178, 102, 2080),
(179, 25, 2061),
(179, 39, 2035),
(179, 67, 2017),
(179, 67, 2046),
(179, 89, 2052),
(179, 103, 2023),
(179, 103, 2081),
(180, 17, 2058),
(180, 17, 2087),
(180, 64, 2046),
(180, 64, 2075),
(180, 72, 2020),
(180, 72, 2049),
(180, 79, 2051),
(180, 79, 2080),
(180, 85, 2050),
(180, 85, 2079),
(181, 14, 2001),
(181, 30, 2007),
(181, 30, 2065),
(181, 32, 2006),
(181, 94, 2023),
(181, 94, 2052),
(182, 4, 2085),
(182, 13, 2057),
(182, 16, 2085),
(182, 26, 2003),
(182, 26, 2061),
(182, 39, 2035),
(182, 76, 2020),
(182, 76, 2049),
(183, 22, 2034),
(183, 43, 2069),
(183, 43, 2098),
(183, 57, 2014),
(183, 57, 2072),
(183, 88, 2023),
(183, 88, 2052),
(183, 97, 2022),
(184, 30, 2007),
(184, 30, 2065),
(184, 32, 2006),
(184, 44, 2013),
(184, 44, 2071),
(184, 52, 2043),
(184, 52, 2072),
(184, 82, 2051),
(184, 95, 2021),
(185, 38, 2064),
(185, 62, 2017),
(185, 62, 2075),
(185, 67, 2017),
(185, 67, 2046),
(185, 81, 2021),
(185, 81, 2079),
(185, 83, 2081),
(185, 92, 2022),
(185, 92, 2051),
(185, 107, 2025),
(186, 28, 2035),
(186, 41, 2010),
(186, 41, 2068),
(186, 105, 2023),
(187, 7, 2086),
(187, 11, 2087),
(187, 25, 2061),
(187, 69, 2017),
(187, 90, 2021),
(187, 90, 2079),
(188, 10, 2029),
(188, 10, 2058),
(188, 31, 2096),
(189, 9, 2000),
(189, 9, 2058),
(189, 14, 2001),
(189, 97, 2022),
(190, 16, 2085),
(190, 30, 2007),
(190, 30, 2065),
(190, 44, 2013),
(190, 44, 2071),
(190, 85, 2050),
(190, 85, 2079),
(191, 2, 2027),
(191, 2, 2056),
(191, 12, 2056),
(191, 83, 2081),
(191, 101, 2021),
(192, 25, 2061),
(192, 44, 2013),
(192, 44, 2071),
(192, 48, 2010),
(192, 48, 2039),
(193, 36, 2006),
(193, 42, 2039),
(193, 66, 2046),
(193, 66, 2075),
(193, 106, 2023),
(193, 106, 2052),
(194, 18, 2027),
(194, 18, 2085),
(194, 19, 2060),
(194, 35, 2035),
(194, 35, 2093),
(194, 60, 2043),
(194, 93, 2023),
(194, 95, 2021),
(195, 45, 2068),
(195, 53, 2014),
(195, 53, 2072),
(195, 73, 2020),
(195, 73, 2049),
(195, 92, 2022),
(195, 92, 2051),
(196, 68, 2017),
(196, 68, 2046),
(196, 71, 2049),
(196, 72, 2020),
(196, 72, 2049),
(197, 37, 2067),
(197, 40, 2006),
(197, 40, 2035),
(197, 94, 2023),
(197, 94, 2052),
(197, 105, 2023),
(198, 12, 2056),
(198, 17, 2058),
(198, 17, 2087),
(198, 25, 2061),
(198, 26, 2003),
(198, 26, 2061),
(198, 71, 2049),
(198, 86, 2021),
(198, 98, 2023),
(198, 98, 2081),
(199, 23, 2060),
(199, 23, 2089),
(199, 61, 2017),
(199, 64, 2046),
(199, 64, 2075),
(199, 71, 2049),
(199, 107, 2025),
(200, 21, 2033),
(200, 21, 2062),
(200, 36, 2006),
(200, 71, 2049),
(200, 90, 2021),
(200, 90, 2079),
(201, 64, 2046),
(201, 64, 2075),
(202, 23, 2060),
(202, 23, 2089),
(203, 56, 2045),
(203, 62, 2017),
(203, 62, 2075),
(203, 65, 2019),
(203, 65, 2048),
(203, 70, 2049),
(203, 70, 2078),
(203, 103, 2023),
(203, 103, 2081),
(204, 13, 2057),
(205, 44, 2013),
(205, 44, 2071),
(205, 106, 2023),
(205, 106, 2052),
(206, 39, 2035),
(206, 41, 2010),
(206, 41, 2068),
(206, 50, 2010),
(206, 50, 2097),
(206, 55, 2014),
(206, 55, 2072),
(206, 103, 2023),
(206, 103, 2081),
(207, 33, 2007),
(207, 45, 2068),
(207, 57, 2014),
(207, 57, 2072),
(207, 69, 2017),
(207, 98, 2023),
(207, 98, 2081),
(207, 105, 2023),
(208, 12, 2056),
(208, 19, 2060),
(208, 51, 2010),
(208, 51, 2097),
(208, 55, 2014),
(208, 55, 2072),
(209, 13, 2057),
(210, 14, 2001),
(210, 24, 2031),
(210, 33, 2007),
(210, 46, 2011),
(210, 61, 2017),
(210, 70, 2049),
(210, 70, 2078),
(211, 36, 2006),
(211, 91, 2021),
(211, 91, 2050),
(211, 94, 2023),
(211, 94, 2052),
(212, 14, 2001),
(212, 23, 2060),
(212, 23, 2089),
(212, 74, 2049),
(212, 83, 2081),
(213, 19, 2060),
(213, 22, 2034),
(213, 23, 2060),
(213, 23, 2089),
(213, 36, 2006),
(213, 72, 2020),
(213, 72, 2049),
(213, 77, 2079),
(214, 35, 2035),
(214, 35, 2093),
(214, 72, 2020),
(214, 72, 2049),
(214, 93, 2023),
(215, 86, 2021),
(216, 5, 2085),
(216, 22, 2034),
(216, 25, 2061),
(216, 65, 2019),
(216, 65, 2048),
(216, 100, 2021),
(217, 3, 2056),
(217, 3, 2085),
(217, 5, 2085),
(217, 45, 2068),
(217, 68, 2017),
(217, 68, 2046),
(217, 78, 2021),
(217, 78, 2050),
(217, 84, 2052),
(217, 84, 2081),
(217, 87, 2080),
(217, 93, 2023),
(217, 103, 2023),
(217, 103, 2081),
(218, 16, 2085),
(218, 25, 2061),
(218, 37, 2067),
(218, 44, 2013),
(218, 44, 2071),
(219, 53, 2014),
(219, 53, 2072),
(220, 6, 2086),
(220, 68, 2017),
(220, 68, 2046),
(220, 84, 2052),
(220, 84, 2081),
(221, 17, 2058),
(221, 17, 2087),
(221, 35, 2035),
(221, 35, 2093),
(221, 42, 2039),
(221, 45, 2068),
(221, 48, 2010),
(221, 48, 2039),
(221, 67, 2017),
(221, 67, 2046),
(222, 1, 2031),
(222, 1, 2060),
(222, 11, 2087),
(222, 70, 2049),
(222, 70, 2078),
(223, 18, 2027),
(223, 18, 2085),
(223, 21, 2033),
(223, 21, 2062),
(223, 24, 2031),
(224, 3, 2056),
(224, 3, 2085),
(224, 81, 2021),
(224, 81, 2079),
(225, 23, 2060),
(225, 23, 2089),
(226, 3, 2056),
(226, 3, 2085),
(226, 31, 2096),
(226, 43, 2069),
(226, 43, 2098),
(226, 102, 2051),
(226, 102, 2080),
(227, 98, 2023),
(227, 98, 2081),
(228, 20, 2003),
(228, 20, 2090),
(228, 23, 2060),
(228, 23, 2089),
(228, 46, 2011),
(228, 74, 2049),
(228, 84, 2052),
(228, 84, 2081),
(228, 89, 2052),
(229, 39, 2035),
(229, 92, 2022),
(229, 92, 2051),
(230, 4, 2085),
(230, 15, 2029),
(230, 24, 2031),
(230, 43, 2069),
(230, 43, 2098),
(230, 68, 2017),
(230, 68, 2046),
(231, 16, 2085),
(231, 39, 2035),
(231, 47, 2068),
(231, 84, 2052),
(231, 84, 2081),
(231, 102, 2051),
(231, 102, 2080),
(232, 39, 2035),
(232, 51, 2010),
(232, 51, 2097),
(232, 57, 2014),
(232, 57, 2072),
(232, 63, 2077),
(232, 103, 2023),
(232, 103, 2081),
(233, 22, 2034),
(233, 29, 2006),
(233, 29, 2093),
(233, 33, 2007),
(233, 52, 2043),
(233, 52, 2072),
(234, 6, 2086),
(234, 45, 2068),
(234, 48, 2010),
(234, 48, 2039),
(234, 86, 2021),
(234, 91, 2021),
(234, 91, 2050),
(235, 1, 2031),
(235, 1, 2060),
(235, 24, 2031),
(235, 25, 2061),
(235, 94, 2023),
(235, 94, 2052),
(236, 11, 2087),
(236, 36, 2006),
(236, 58, 2014),
(236, 64, 2046),
(236, 64, 2075),
(236, 67, 2017),
(236, 67, 2046),
(236, 99, 2052),
(236, 99, 2081),
(237, 16, 2085),
(237, 27, 2089),
(237, 75, 2020),
(237, 103, 2023),
(237, 103, 2081),
(238, 19, 2060),
(238, 57, 2014),
(238, 57, 2072),
(239, 25, 2061),
(239, 54, 2045),
(239, 54, 2074),
(239, 88, 2023),
(239, 88, 2052),
(239, 91, 2021),
(239, 91, 2050),
(240, 45, 2068),
(241, 20, 2003),
(241, 20, 2090),
(241, 57, 2014),
(241, 57, 2072),
(241, 79, 2051),
(241, 79, 2080),
(241, 102, 2051),
(241, 102, 2080),
(242, 6, 2086),
(242, 12, 2056),
(242, 46, 2011),
(242, 66, 2046),
(242, 66, 2075),
(243, 7, 2086),
(243, 18, 2027),
(243, 18, 2085),
(243, 49, 2010),
(244, 22, 2034),
(244, 28, 2035),
(244, 68, 2017),
(244, 68, 2046),
(244, 74, 2049),
(244, 99, 2052),
(244, 99, 2081),
(244, 104, 2052),
(244, 107, 2025),
(245, 13, 2057),
(245, 14, 2001),
(245, 29, 2006),
(245, 29, 2093),
(245, 58, 2014),
(245, 65, 2019),
(245, 65, 2048),
(245, 78, 2021),
(245, 78, 2050),
(245, 90, 2021),
(245, 90, 2079),
(246, 20, 2003),
(246, 20, 2090),
(246, 78, 2021),
(246, 78, 2050),
(247, 31, 2096),
(247, 36, 2006),
(247, 84, 2052),
(247, 84, 2081),
(247, 103, 2023),
(247, 103, 2081),
(248, 10, 2029),
(248, 10, 2058),
(248, 21, 2033),
(248, 21, 2062),
(248, 31, 2096),
(248, 41, 2010),
(248, 41, 2068),
(248, 42, 2039),
(248, 46, 2011),
(248, 62, 2017),
(248, 62, 2075),
(248, 97, 2022),
(249, 5, 2085),
(249, 7, 2086),
(249, 47, 2068),
(249, 70, 2049),
(249, 70, 2078),
(249, 82, 2051),
(250, 13, 2057),
(250, 37, 2067),
(250, 45, 2068),
(250, 97, 2022),
(250, 101, 2021),
(251, 2, 2027),
(251, 2, 2056),
(251, 20, 2003),
(251, 20, 2090),
(251, 32, 2006),
(251, 62, 2017),
(251, 62, 2075),
(251, 69, 2017),
(252, 11, 2087),
(252, 35, 2035),
(252, 35, 2093),
(252, 67, 2017),
(252, 67, 2046),
(252, 75, 2020),
(252, 86, 2021),
(252, 92, 2022),
(252, 92, 2051),
(252, 103, 2023),
(252, 103, 2081),
(253, 28, 2035),
(254, 21, 2033),
(254, 21, 2062),
(254, 52, 2043),
(254, 52, 2072),
(254, 65, 2019),
(254, 65, 2048),
(255, 15, 2029),
(255, 46, 2011),
(255, 58, 2014),
(255, 82, 2051),
(256, 50, 2010),
(256, 50, 2097),
(256, 58, 2014),
(256, 65, 2019),
(256, 65, 2048),
(256, 76, 2020),
(256, 76, 2049),
(256, 90, 2021),
(256, 90, 2079),
(256, 105, 2023),
(257, 14, 2001),
(257, 20, 2003),
(257, 20, 2090),
(257, 32, 2006),
(257, 74, 2049),
(257, 77, 2079),
(257, 97, 2022),
(258, 37, 2067),
(258, 46, 2011),
(258, 53, 2014),
(258, 53, 2072),
(258, 74, 2049),
(258, 98, 2023),
(258, 98, 2081),
(258, 101, 2021),
(259, 51, 2010),
(259, 51, 2097),
(259, 86, 2021),
(260, 63, 2077),
(260, 76, 2020),
(260, 76, 2049),
(261, 10, 2029),
(261, 10, 2058),
(261, 14, 2001),
(261, 44, 2013),
(261, 44, 2071),
(261, 85, 2050),
(261, 85, 2079),
(261, 90, 2021),
(261, 90, 2079),
(262, 30, 2007),
(262, 30, 2065),
(262, 43, 2069),
(262, 43, 2098),
(262, 68, 2017),
(262, 68, 2046),
(262, 84, 2052),
(262, 84, 2081),
(263, 2, 2027),
(263, 2, 2056),
(263, 21, 2033),
(263, 21, 2062),
(263, 95, 2021),
(263, 97, 2022),
(265, 26, 2003),
(265, 26, 2061),
(265, 40, 2006),
(265, 40, 2035),
(265, 51, 2010),
(265, 51, 2097),
(265, 72, 2020),
(265, 72, 2049),
(265, 85, 2050),
(265, 85, 2079),
(265, 88, 2023),
(265, 88, 2052),
(266, 18, 2027),
(266, 18, 2085),
(266, 20, 2003),
(266, 20, 2090),
(266, 49, 2010),
(266, 64, 2046),
(266, 64, 2075),
(266, 86, 2021),
(266, 89, 2052),
(267, 105, 2023),
(268, 2, 2027),
(268, 2, 2056),
(268, 50, 2010),
(268, 50, 2097),
(268, 89, 2052),
(268, 99, 2052),
(268, 99, 2081),
(269, 1, 2031),
(269, 1, 2060),
(269, 5, 2085),
(269, 81, 2021),
(269, 81, 2079),
(270, 9, 2000),
(270, 9, 2058),
(270, 26, 2003),
(270, 26, 2061),
(270, 41, 2010),
(270, 41, 2068),
(270, 47, 2068),
(270, 78, 2021),
(270, 78, 2050),
(271, 69, 2017),
(272, 10, 2029),
(272, 10, 2058),
(272, 18, 2027),
(272, 18, 2085),
(272, 26, 2003),
(272, 26, 2061),
(272, 69, 2017),
(272, 70, 2049),
(272, 70, 2078),
(273, 10, 2029),
(273, 10, 2058),
(273, 14, 2001),
(273, 78, 2021),
(273, 78, 2050),
(273, 88, 2023),
(273, 88, 2052),
(273, 97, 2022),
(273, 102, 2051),
(273, 102, 2080),
(274, 25, 2061),
(274, 35, 2035),
(274, 35, 2093),
(274, 64, 2046),
(274, 64, 2075),
(274, 73, 2020),
(274, 73, 2049),
(274, 99, 2052),
(274, 99, 2081),
(275, 12, 2056),
(275, 13, 2057),
(275, 49, 2010),
(275, 55, 2014),
(275, 55, 2072),
(275, 86, 2021),
(276, 3, 2056),
(276, 3, 2085),
(276, 66, 2046),
(276, 66, 2075),
(276, 97, 2022),
(276, 98, 2023),
(276, 98, 2081),
(277, 18, 2027),
(277, 18, 2085),
(277, 19, 2060),
(277, 94, 2023),
(277, 94, 2052),
(278, 12, 2056),
(278, 53, 2014),
(278, 53, 2072),
(278, 92, 2022),
(278, 92, 2051),
(278, 107, 2025),
(279, 15, 2029),
(279, 23, 2060),
(279, 23, 2089),
(279, 26, 2003),
(279, 26, 2061),
(279, 78, 2021),
(279, 78, 2050),
(279, 84, 2052),
(279, 84, 2081),
(280, 23, 2060),
(280, 23, 2089),
(280, 64, 2046),
(280, 64, 2075),
(281, 6, 2086),
(281, 56, 2045),
(281, 62, 2017),
(281, 62, 2075),
(281, 66, 2046),
(281, 66, 2075),
(281, 74, 2049),
(282, 67, 2017),
(282, 67, 2046),
(282, 83, 2081),
(282, 103, 2023),
(282, 103, 2081),
(282, 105, 2023),
(283, 30, 2007),
(283, 30, 2065),
(283, 53, 2014),
(283, 53, 2072),
(283, 104, 2052),
(284, 63, 2077),
(285, 4, 2085),
(285, 26, 2003),
(285, 26, 2061),
(285, 66, 2046),
(285, 66, 2075),
(285, 80, 2021),
(285, 90, 2021),
(285, 90, 2079),
(285, 93, 2023),
(285, 101, 2021),
(286, 58, 2014),
(286, 75, 2020),
(287, 63, 2077),
(287, 106, 2023),
(287, 106, 2052),
(288, 20, 2003),
(288, 20, 2090),
(288, 21, 2033),
(288, 21, 2062),
(288, 22, 2034),
(288, 37, 2067),
(288, 55, 2014),
(288, 55, 2072),
(288, 70, 2049),
(288, 70, 2078),
(288, 85, 2050),
(288, 85, 2079),
(288, 101, 2021),
(289, 69, 2017),
(289, 82, 2051),
(290, 10, 2029),
(290, 10, 2058),
(290, 73, 2020),
(290, 73, 2049),
(290, 87, 2080),
(291, 95, 2021),
(292, 36, 2006),
(292, 41, 2010),
(292, 41, 2068),
(292, 53, 2014),
(292, 53, 2072),
(292, 60, 2043),
(292, 64, 2046),
(292, 64, 2075),
(292, 65, 2019),
(292, 65, 2048),
(292, 72, 2020),
(292, 72, 2049),
(292, 89, 2052),
(293, 8, 2028),
(293, 8, 2057),
(293, 43, 2069),
(293, 43, 2098),
(293, 71, 2049),
(293, 84, 2052),
(293, 84, 2081),
(293, 87, 2080),
(293, 105, 2023),
(294, 23, 2060),
(294, 23, 2089),
(294, 27, 2089),
(294, 28, 2035),
(294, 35, 2035),
(294, 35, 2093),
(294, 66, 2046),
(294, 66, 2075),
(294, 103, 2023),
(294, 103, 2081),
(295, 7, 2086),
(295, 21, 2033),
(295, 21, 2062),
(295, 23, 2060),
(295, 23, 2089),
(295, 40, 2006),
(295, 40, 2035),
(295, 49, 2010),
(295, 76, 2020),
(295, 76, 2049),
(296, 10, 2029),
(296, 10, 2058),
(296, 11, 2087),
(296, 84, 2052),
(296, 84, 2081),
(296, 106, 2023),
(296, 106, 2052),
(297, 10, 2029),
(297, 10, 2058),
(297, 38, 2064),
(297, 64, 2046),
(297, 64, 2075),
(297, 94, 2023),
(297, 94, 2052),
(297, 107, 2025),
(298, 19, 2060),
(298, 56, 2045),
(298, 85, 2050),
(298, 85, 2079),
(298, 90, 2021),
(298, 90, 2079),
(300, 52, 2043),
(300, 52, 2072),
(300, 61, 2017),
(300, 73, 2020),
(300, 73, 2049),
(300, 83, 2081),
(300, 92, 2022),
(300, 92, 2051),
(301, 21, 2033),
(301, 21, 2062),
(301, 99, 2052),
(301, 99, 2081),
(302, 22, 2034),
(303, 21, 2033),
(303, 21, 2062),
(303, 22, 2034),
(303, 49, 2010),
(303, 84, 2052),
(303, 84, 2081),
(303, 85, 2050),
(303, 85, 2079),
(303, 94, 2023),
(303, 94, 2052),
(304, 23, 2060),
(304, 23, 2089),
(304, 55, 2014),
(304, 55, 2072),
(304, 56, 2045),
(304, 63, 2077),
(305, 20, 2003),
(305, 20, 2090),
(305, 41, 2010),
(305, 41, 2068),
(305, 47, 2068),
(305, 52, 2043),
(305, 52, 2072),
(306, 51, 2010),
(306, 51, 2097),
(306, 54, 2045),
(306, 54, 2074),
(307, 27, 2089),
(307, 45, 2068),
(308, 8, 2028),
(308, 8, 2057),
(308, 83, 2081),
(309, 20, 2003),
(309, 20, 2090),
(309, 45, 2068),
(310, 14, 2001),
(310, 19, 2060),
(310, 106, 2023),
(310, 106, 2052),
(311, 2, 2027),
(311, 2, 2056),
(311, 25, 2061),
(311, 26, 2003),
(311, 26, 2061),
(311, 88, 2023),
(311, 88, 2052),
(312, 64, 2046),
(312, 64, 2075),
(312, 100, 2021),
(313, 44, 2013),
(313, 44, 2071),
(313, 45, 2068),
(313, 47, 2068),
(313, 71, 2049),
(313, 83, 2081),
(314, 1, 2031),
(314, 1, 2060),
(314, 58, 2014),
(314, 60, 2043),
(314, 105, 2023),
(315, 4, 2085),
(315, 53, 2014),
(315, 53, 2072),
(315, 74, 2049),
(315, 92, 2022),
(315, 92, 2051),
(316, 12, 2056),
(317, 18, 2027),
(317, 18, 2085),
(317, 35, 2035),
(317, 35, 2093),
(317, 47, 2068),
(317, 74, 2049),
(317, 100, 2021),
(317, 105, 2023),
(318, 22, 2034),
(318, 41, 2010),
(318, 41, 2068),
(318, 54, 2045),
(318, 54, 2074),
(318, 72, 2020),
(318, 72, 2049),
(318, 93, 2023),
(319, 25, 2061),
(319, 26, 2003),
(319, 26, 2061),
(319, 45, 2068),
(320, 7, 2086),
(321, 11, 2087),
(321, 84, 2052),
(321, 84, 2081),
(322, 4, 2085),
(322, 62, 2017),
(322, 62, 2075),
(322, 78, 2021),
(322, 78, 2050),
(322, 88, 2023),
(322, 88, 2052),
(322, 95, 2021),
(323, 20, 2003),
(323, 20, 2090),
(323, 40, 2006),
(323, 40, 2035),
(324, 5, 2085),
(324, 36, 2006),
(324, 42, 2039),
(324, 103, 2023),
(324, 103, 2081),
(325, 28, 2035),
(325, 37, 2067),
(325, 61, 2017),
(326, 3, 2056),
(326, 3, 2085),
(326, 9, 2000),
(326, 9, 2058),
(326, 42, 2039),
(326, 47, 2068),
(326, 51, 2010),
(326, 51, 2097),
(327, 71, 2049),
(327, 86, 2021),
(328, 49, 2010),
(328, 96, 2050),
(329, 3, 2056),
(329, 3, 2085),
(329, 5, 2085),
(329, 21, 2033),
(329, 21, 2062),
(329, 42, 2039),
(329, 55, 2014),
(329, 55, 2072),
(330, 20, 2003),
(330, 20, 2090),
(330, 58, 2014),
(330, 85, 2050),
(330, 85, 2079),
(331, 44, 2013),
(331, 44, 2071),
(331, 64, 2046),
(331, 64, 2075),
(331, 73, 2020),
(331, 73, 2049),
(332, 21, 2033),
(332, 21, 2062),
(332, 24, 2031),
(332, 28, 2035),
(332, 104, 2052),
(333, 27, 2089),
(333, 29, 2006),
(333, 29, 2093),
(333, 37, 2067),
(333, 46, 2011),
(333, 61, 2017),
(333, 89, 2052),
(334, 2, 2027),
(334, 2, 2056),
(334, 3, 2056),
(334, 3, 2085),
(334, 13, 2057),
(334, 49, 2010),
(334, 63, 2077),
(334, 99, 2052),
(334, 99, 2081),
(335, 36, 2006),
(336, 1, 2031),
(336, 1, 2060),
(336, 57, 2014),
(336, 57, 2072),
(336, 66, 2046),
(336, 66, 2075),
(336, 68, 2017),
(336, 68, 2046),
(336, 74, 2049),
(336, 94, 2023),
(336, 94, 2052),
(337, 63, 2077),
(337, 84, 2052),
(337, 84, 2081),
(337, 95, 2021),
(338, 2, 2027),
(338, 2, 2056),
(338, 67, 2017),
(338, 67, 2046),
(339, 75, 2020),
(339, 104, 2052),
(340, 17, 2058),
(340, 17, 2087),
(340, 21, 2033),
(340, 21, 2062),
(340, 22, 2034),
(340, 40, 2006),
(340, 40, 2035),
(340, 48, 2010),
(340, 48, 2039),
(340, 82, 2051),
(340, 105, 2023),
(341, 21, 2033),
(341, 21, 2062),
(341, 37, 2067),
(341, 40, 2006),
(341, 40, 2035),
(341, 60, 2043),
(341, 92, 2022),
(341, 92, 2051),
(341, 96, 2050),
(342, 27, 2089),
(342, 73, 2020),
(342, 73, 2049),
(342, 92, 2022),
(342, 92, 2051),
(343, 61, 2017),
(343, 80, 2021),
(343, 82, 2051),
(343, 86, 2021),
(343, 96, 2050),
(344, 54, 2045),
(344, 54, 2074),
(344, 59, 2072),
(344, 78, 2021),
(344, 78, 2050),
(344, 95, 2021),
(344, 100, 2021),
(345, 24, 2031),
(345, 47, 2068),
(345, 77, 2079),
(345, 104, 2052),
(346, 1, 2031),
(346, 1, 2060),
(346, 4, 2085),
(346, 5, 2085),
(346, 8, 2028),
(346, 8, 2057),
(346, 79, 2051),
(346, 79, 2080),
(347, 83, 2081),
(348, 22, 2034),
(348, 25, 2061),
(348, 73, 2020),
(348, 73, 2049),
(348, 76, 2020),
(348, 76, 2049),
(348, 89, 2052),
(349, 19, 2060),
(349, 31, 2096),
(349, 39, 2035),
(349, 46, 2011),
(349, 48, 2010),
(349, 48, 2039),
(350, 26, 2003),
(350, 26, 2061),
(350, 44, 2013),
(350, 44, 2071),
(350, 81, 2021),
(350, 81, 2079),
(350, 82, 2051),
(350, 93, 2023),
(351, 29, 2006),
(351, 29, 2093),
(351, 34, 2038),
(351, 53, 2014),
(351, 53, 2072),
(351, 58, 2014),
(351, 103, 2023),
(351, 103, 2081),
(352, 61, 2017),
(352, 64, 2046),
(352, 64, 2075),
(352, 98, 2023),
(352, 98, 2081),
(352, 103, 2023),
(352, 103, 2081),
(353, 39, 2035),
(353, 46, 2011),
(353, 86, 2021),
(353, 97, 2022),
(353, 99, 2052),
(353, 99, 2081),
(354, 26, 2003),
(354, 26, 2061),
(354, 104, 2052),
(355, 1, 2031),
(355, 1, 2060),
(355, 15, 2029),
(355, 40, 2006),
(355, 40, 2035),
(355, 45, 2068),
(355, 46, 2011),
(355, 92, 2022),
(355, 92, 2051),
(356, 1, 2031),
(356, 1, 2060),
(356, 38, 2064),
(356, 63, 2077),
(356, 81, 2021),
(356, 81, 2079),
(356, 93, 2023),
(356, 105, 2023),
(358, 45, 2068),
(358, 49, 2010),
(358, 105, 2023),
(358, 107, 2025),
(359, 40, 2006),
(359, 40, 2035),
(359, 106, 2023),
(359, 106, 2052),
(360, 42, 2039),
(360, 79, 2051),
(360, 79, 2080),
(361, 12, 2056),
(361, 57, 2014),
(361, 57, 2072),
(362, 15, 2029),
(362, 22, 2034),
(362, 26, 2003),
(362, 26, 2061),
(362, 98, 2023),
(362, 98, 2081),
(363, 10, 2029),
(363, 10, 2058),
(363, 55, 2014),
(363, 55, 2072),
(363, 85, 2050),
(363, 85, 2079),
(363, 102, 2051),
(363, 102, 2080),
(364, 5, 2085),
(364, 44, 2013),
(364, 44, 2071),
(364, 69, 2017),
(364, 74, 2049),
(364, 103, 2023),
(364, 103, 2081),
(365, 44, 2013),
(365, 44, 2071),
(365, 51, 2010),
(365, 51, 2097),
(365, 74, 2049),
(366, 20, 2003),
(366, 20, 2090),
(366, 30, 2007),
(366, 30, 2065),
(366, 38, 2064),
(366, 41, 2010),
(366, 41, 2068),
(366, 84, 2052),
(366, 84, 2081),
(366, 100, 2021),
(367, 31, 2096),
(367, 38, 2064),
(367, 80, 2021),
(368, 26, 2003),
(368, 26, 2061),
(369, 4, 2085),
(369, 53, 2014),
(369, 53, 2072),
(369, 107, 2025),
(370, 4, 2085),
(370, 17, 2058),
(370, 17, 2087),
(370, 23, 2060),
(370, 23, 2089),
(370, 56, 2045),
(370, 57, 2014),
(370, 57, 2072),
(371, 7, 2086),
(371, 23, 2060),
(371, 23, 2089),
(371, 27, 2089),
(371, 62, 2017),
(371, 62, 2075),
(371, 71, 2049),
(371, 84, 2052),
(371, 84, 2081),
(371, 96, 2050),
(372, 7, 2086),
(372, 10, 2029),
(372, 10, 2058),
(372, 49, 2010),
(372, 76, 2020),
(372, 76, 2049),
(372, 77, 2079),
(372, 89, 2052),
(373, 78, 2021),
(373, 78, 2050),
(373, 87, 2080),
(373, 91, 2021),
(373, 91, 2050),
(373, 100, 2021),
(374, 1, 2031),
(374, 1, 2060),
(374, 16, 2085),
(374, 79, 2051),
(374, 79, 2080),
(374, 89, 2052),
(375, 72, 2020),
(375, 72, 2049),
(375, 84, 2052),
(375, 84, 2081),
(376, 36, 2006),
(376, 53, 2014),
(376, 53, 2072),
(376, 56, 2045),
(376, 68, 2017),
(376, 68, 2046),
(376, 98, 2023),
(376, 98, 2081),
(377, 38, 2064),
(377, 49, 2010),
(378, 38, 2064),
(378, 46, 2011),
(378, 55, 2014),
(378, 55, 2072),
(378, 87, 2080),
(379, 6, 2086),
(379, 76, 2020),
(379, 76, 2049),
(379, 92, 2022),
(379, 92, 2051),
(379, 97, 2022),
(380, 17, 2058),
(380, 17, 2087),
(380, 22, 2034),
(380, 31, 2096),
(380, 44, 2013),
(380, 44, 2071),
(380, 75, 2020),
(380, 104, 2052),
(381, 51, 2010),
(381, 51, 2097),
(381, 56, 2045),
(381, 59, 2072),
(381, 93, 2023),
(382, 10, 2029),
(382, 10, 2058),
(382, 14, 2001),
(382, 26, 2003),
(382, 26, 2061),
(382, 59, 2072),
(382, 71, 2049),
(382, 74, 2049),
(382, 88, 2023),
(382, 88, 2052),
(382, 95, 2021),
(382, 101, 2021),
(383, 58, 2014),
(383, 107, 2025),
(384, 10, 2029),
(384, 10, 2058),
(384, 17, 2058),
(384, 17, 2087),
(384, 20, 2003),
(384, 20, 2090),
(384, 46, 2011),
(384, 103, 2023),
(384, 103, 2081),
(385, 14, 2001),
(385, 33, 2007),
(385, 51, 2010),
(385, 51, 2097),
(385, 56, 2045),
(385, 104, 2052),
(386, 36, 2006),
(387, 52, 2043),
(387, 52, 2072),
(387, 94, 2023),
(387, 94, 2052),
(387, 107, 2025),
(388, 44, 2013),
(388, 44, 2071),
(389, 5, 2085),
(389, 31, 2096),
(389, 38, 2064),
(389, 41, 2010),
(389, 41, 2068),
(389, 58, 2014),
(390, 1, 2031),
(390, 1, 2060),
(390, 20, 2003),
(390, 20, 2090),
(390, 40, 2006),
(390, 40, 2035),
(390, 50, 2010),
(390, 50, 2097),
(390, 92, 2022),
(390, 92, 2051),
(390, 102, 2051),
(390, 102, 2080),
(391, 8, 2028),
(391, 8, 2057),
(391, 15, 2029),
(391, 33, 2007),
(391, 80, 2021),
(392, 39, 2035),
(392, 57, 2014),
(392, 57, 2072),
(393, 17, 2058),
(393, 17, 2087),
(393, 71, 2049),
(393, 91, 2021),
(393, 91, 2050),
(393, 99, 2052),
(393, 99, 2081),
(394, 20, 2003),
(394, 20, 2090),
(394, 26, 2003),
(394, 26, 2061),
(394, 54, 2045),
(394, 54, 2074),
(394, 65, 2019),
(394, 65, 2048),
(394, 70, 2049),
(394, 70, 2078),
(394, 75, 2020),
(394, 76, 2020),
(394, 76, 2049),
(394, 95, 2021),
(395, 1, 2031),
(395, 1, 2060),
(395, 9, 2000),
(395, 9, 2058),
(395, 72, 2020),
(395, 72, 2049),
(396, 29, 2006),
(396, 29, 2093),
(396, 56, 2045),
(396, 57, 2014),
(396, 57, 2072),
(397, 40, 2006),
(397, 40, 2035),
(397, 61, 2017),
(397, 67, 2017),
(397, 67, 2046),
(397, 68, 2017),
(397, 68, 2046),
(397, 69, 2017),
(397, 73, 2020),
(397, 73, 2049),
(397, 81, 2021),
(397, 81, 2079),
(397, 102, 2051),
(397, 102, 2080),
(398, 8, 2028),
(398, 8, 2057),
(398, 39, 2035),
(398, 40, 2006),
(398, 40, 2035),
(398, 55, 2014),
(398, 55, 2072),
(398, 58, 2014),
(398, 64, 2046),
(398, 64, 2075),
(398, 68, 2017),
(398, 68, 2046),
(399, 66, 2046),
(399, 66, 2075),
(399, 71, 2049),
(399, 84, 2052),
(399, 84, 2081),
(400, 37, 2067),
(401, 2, 2027),
(401, 2, 2056),
(401, 13, 2057),
(401, 78, 2021),
(401, 78, 2050),
(401, 86, 2021),
(401, 92, 2022),
(401, 92, 2051),
(402, 1, 2031),
(402, 1, 2060),
(402, 39, 2035),
(402, 53, 2014),
(402, 53, 2072),
(402, 90, 2021),
(402, 90, 2079),
(403, 37, 2067),
(403, 41, 2010),
(403, 41, 2068),
(403, 89, 2052),
(404, 25, 2061),
(404, 29, 2006),
(404, 29, 2093),
(404, 31, 2096),
(404, 40, 2006),
(404, 40, 2035),
(405, 55, 2014),
(405, 55, 2072),
(405, 62, 2017),
(405, 62, 2075),
(405, 84, 2052),
(405, 84, 2081),
(405, 99, 2052),
(405, 99, 2081),
(406, 47, 2068),
(406, 48, 2010),
(406, 48, 2039),
(406, 71, 2049),
(407, 79, 2051),
(407, 79, 2080),
(407, 82, 2051),
(408, 12, 2056),
(408, 26, 2003),
(408, 26, 2061),
(408, 49, 2010),
(408, 54, 2045),
(408, 54, 2074),
(408, 69, 2017),
(409, 38, 2064),
(409, 41, 2010),
(409, 41, 2068),
(409, 70, 2049),
(409, 70, 2078),
(409, 85, 2050),
(409, 85, 2079),
(410, 64, 2046),
(410, 64, 2075),
(411, 3, 2056),
(411, 3, 2085),
(411, 13, 2057),
(411, 23, 2060),
(411, 23, 2089),
(411, 59, 2072),
(411, 80, 2021),
(412, 15, 2029),
(412, 20, 2003),
(412, 20, 2090),
(412, 28, 2035),
(412, 60, 2043),
(412, 63, 2077),
(413, 30, 2007),
(413, 30, 2065),
(413, 34, 2038),
(413, 59, 2072),
(414, 1, 2031),
(414, 1, 2060),
(414, 68, 2017),
(414, 68, 2046),
(414, 77, 2079),
(414, 86, 2021),
(415, 4, 2085),
(415, 51, 2010),
(415, 51, 2097),
(415, 58, 2014),
(415, 72, 2020),
(415, 72, 2049),
(415, 83, 2081),
(416, 10, 2029),
(416, 10, 2058),
(416, 60, 2043),
(416, 93, 2023),
(417, 25, 2061),
(418, 5, 2085),
(418, 54, 2045),
(418, 54, 2074),
(418, 67, 2017),
(418, 67, 2046),
(418, 71, 2049),
(418, 83, 2081),
(418, 89, 2052),
(419, 14, 2001),
(419, 42, 2039),
(419, 43, 2069),
(419, 43, 2098),
(419, 57, 2014),
(419, 57, 2072),
(419, 90, 2021),
(419, 90, 2079),
(420, 22, 2034),
(420, 56, 2045),
(420, 83, 2081),
(421, 6, 2086),
(421, 21, 2033),
(421, 21, 2062),
(421, 37, 2067),
(421, 39, 2035),
(421, 83, 2081),
(421, 85, 2050),
(421, 85, 2079),
(422, 17, 2058),
(422, 17, 2087),
(422, 50, 2010),
(422, 50, 2097),
(422, 70, 2049),
(422, 70, 2078),
(422, 83, 2081),
(423, 25, 2061),
(423, 37, 2067),
(423, 47, 2068),
(424, 37, 2067),
(424, 57, 2014),
(424, 57, 2072),
(424, 77, 2079),
(425, 42, 2039),
(425, 65, 2019),
(425, 65, 2048),
(425, 90, 2021),
(425, 90, 2079),
(426, 13, 2057),
(426, 15, 2029),
(426, 25, 2061),
(426, 72, 2020),
(426, 72, 2049),
(427, 18, 2027),
(427, 18, 2085),
(427, 27, 2089),
(428, 1, 2031),
(428, 1, 2060),
(428, 14, 2001),
(428, 19, 2060),
(428, 26, 2003),
(428, 26, 2061),
(428, 36, 2006),
(428, 60, 2043),
(428, 63, 2077),
(428, 84, 2052),
(428, 84, 2081),
(428, 102, 2051),
(428, 102, 2080),
(429, 76, 2020),
(429, 76, 2049),
(430, 2, 2027),
(430, 2, 2056),
(430, 25, 2061),
(430, 54, 2045),
(430, 54, 2074),
(430, 62, 2017),
(430, 62, 2075),
(430, 68, 2017),
(430, 68, 2046),
(430, 77, 2079),
(430, 79, 2051),
(430, 79, 2080),
(430, 80, 2021),
(431, 22, 2034),
(431, 61, 2017),
(431, 76, 2020),
(431, 76, 2049),
(431, 90, 2021),
(431, 90, 2079),
(432, 1, 2031),
(432, 1, 2060),
(432, 8, 2028),
(432, 8, 2057),
(432, 22, 2034),
(432, 31, 2096),
(432, 71, 2049),
(432, 75, 2020),
(432, 88, 2023),
(432, 88, 2052),
(432, 94, 2023),
(432, 94, 2052),
(433, 22, 2034),
(433, 23, 2060),
(433, 23, 2089),
(433, 39, 2035),
(433, 74, 2049),
(433, 83, 2081),
(433, 89, 2052),
(434, 1, 2031),
(434, 1, 2060),
(434, 69, 2017),
(434, 70, 2049),
(434, 70, 2078),
(434, 105, 2023),
(435, 3, 2056),
(435, 3, 2085),
(435, 12, 2056),
(435, 14, 2001),
(435, 19, 2060),
(435, 33, 2007),
(435, 45, 2068),
(435, 55, 2014),
(435, 55, 2072),
(435, 59, 2072),
(435, 78, 2021),
(435, 78, 2050),
(435, 89, 2052),
(435, 105, 2023),
(436, 50, 2010),
(436, 50, 2097),
(436, 59, 2072),
(436, 99, 2052),
(436, 99, 2081),
(437, 11, 2087),
(437, 16, 2085),
(437, 63, 2077),
(437, 70, 2049),
(437, 70, 2078),
(437, 77, 2079),
(437, 78, 2021),
(437, 78, 2050),
(437, 85, 2050),
(437, 85, 2079),
(437, 100, 2021),
(437, 104, 2052),
(438, 25, 2061),
(438, 26, 2003),
(438, 26, 2061),
(438, 30, 2007),
(438, 30, 2065),
(438, 67, 2017),
(438, 67, 2046),
(438, 80, 2021),
(439, 14, 2001),
(439, 23, 2060),
(439, 23, 2089),
(439, 71, 2049),
(439, 77, 2079),
(439, 106, 2023),
(439, 106, 2052),
(440, 68, 2017),
(440, 68, 2046),
(441, 4, 2085),
(441, 19, 2060),
(441, 28, 2035),
(441, 90, 2021),
(441, 90, 2079),
(442, 33, 2007),
(442, 67, 2017),
(442, 67, 2046),
(442, 94, 2023),
(442, 94, 2052),
(443, 6, 2086),
(443, 9, 2000),
(443, 9, 2058),
(443, 15, 2029),
(443, 31, 2096),
(443, 62, 2017),
(443, 62, 2075),
(444, 7, 2086),
(444, 24, 2031),
(444, 37, 2067),
(444, 57, 2014),
(444, 57, 2072),
(444, 76, 2020),
(444, 76, 2049),
(444, 94, 2023),
(444, 94, 2052),
(445, 5, 2085),
(445, 46, 2011),
(446, 15, 2029),
(446, 63, 2077),
(446, 91, 2021),
(446, 91, 2050),
(446, 99, 2052),
(446, 99, 2081),
(446, 102, 2051),
(446, 102, 2080),
(447, 3, 2056),
(447, 3, 2085),
(447, 27, 2089),
(447, 98, 2023),
(447, 98, 2081),
(448, 8, 2028),
(448, 8, 2057),
(448, 14, 2001),
(448, 53, 2014),
(448, 53, 2072),
(448, 60, 2043),
(448, 68, 2017),
(448, 68, 2046),
(449, 96, 2050),
(449, 106, 2023),
(449, 106, 2052),
(450, 35, 2035),
(450, 35, 2093),
(450, 63, 2077),
(451, 76, 2020),
(451, 76, 2049),
(451, 80, 2021),
(451, 89, 2052),
(452, 4, 2085),
(452, 9, 2000),
(452, 9, 2058),
(452, 58, 2014),
(452, 59, 2072),
(453, 37, 2067),
(453, 58, 2014),
(453, 86, 2021),
(453, 90, 2021),
(453, 90, 2079),
(454, 19, 2060),
(454, 40, 2006),
(454, 40, 2035),
(455, 3, 2056),
(455, 3, 2085),
(455, 15, 2029),
(455, 54, 2045),
(455, 54, 2074),
(455, 55, 2014),
(455, 55, 2072),
(455, 66, 2046),
(455, 66, 2075),
(455, 71, 2049),
(455, 75, 2020),
(455, 104, 2052),
(456, 51, 2010),
(456, 51, 2097),
(456, 72, 2020),
(456, 72, 2049),
(456, 75, 2020),
(456, 92, 2022),
(456, 92, 2051),
(456, 95, 2021),
(457, 49, 2010),
(457, 90, 2021),
(457, 90, 2079),
(457, 97, 2022),
(458, 9, 2000),
(458, 9, 2058),
(458, 42, 2039),
(458, 83, 2081),
(459, 4, 2085),
(459, 27, 2089),
(459, 34, 2038),
(459, 41, 2010),
(459, 41, 2068),
(459, 64, 2046),
(459, 64, 2075),
(459, 106, 2023),
(459, 106, 2052),
(460, 26, 2003),
(460, 26, 2061),
(461, 25, 2061),
(461, 81, 2021),
(461, 81, 2079),
(462, 16, 2085),
(462, 39, 2035),
(462, 43, 2069),
(462, 43, 2098),
(462, 48, 2010),
(462, 48, 2039),
(462, 103, 2023),
(462, 103, 2081),
(463, 41, 2010),
(463, 41, 2068),
(463, 81, 2021),
(463, 81, 2079),
(463, 89, 2052),
(463, 101, 2021),
(464, 3, 2056),
(464, 3, 2085),
(464, 7, 2086),
(464, 25, 2061),
(464, 59, 2072),
(464, 105, 2023),
(465, 70, 2049),
(465, 70, 2078),
(465, 90, 2021),
(465, 90, 2079),
(466, 2, 2027),
(466, 2, 2056),
(466, 15, 2029),
(466, 37, 2067),
(466, 62, 2017),
(466, 62, 2075),
(466, 69, 2017),
(466, 78, 2021),
(466, 78, 2050),
(466, 90, 2021),
(466, 90, 2079),
(466, 91, 2021),
(466, 91, 2050),
(467, 17, 2058),
(467, 17, 2087),
(467, 71, 2049),
(468, 61, 2017),
(468, 69, 2017),
(468, 93, 2023),
(468, 103, 2023),
(468, 103, 2081),
(468, 105, 2023),
(469, 29, 2006),
(469, 29, 2093),
(470, 13, 2057),
(470, 42, 2039),
(470, 44, 2013),
(470, 44, 2071),
(470, 57, 2014),
(470, 57, 2072),
(470, 71, 2049),
(470, 93, 2023),
(470, 94, 2023),
(470, 94, 2052),
(471, 17, 2058),
(471, 17, 2087),
(471, 26, 2003),
(471, 26, 2061),
(471, 31, 2096),
(471, 67, 2017),
(471, 67, 2046),
(471, 89, 2052),
(473, 38, 2064),
(473, 45, 2068),
(473, 70, 2049),
(473, 70, 2078),
(473, 101, 2021),
(474, 15, 2029),
(474, 74, 2049),
(475, 6, 2086),
(475, 103, 2023),
(475, 103, 2081),
(475, 106, 2023),
(475, 106, 2052),
(476, 12, 2056),
(476, 27, 2089),
(476, 104, 2052),
(476, 106, 2023),
(476, 106, 2052),
(477, 9, 2000),
(477, 9, 2058),
(477, 34, 2038),
(477, 58, 2014),
(477, 95, 2021),
(478, 15, 2029),
(478, 69, 2017),
(478, 90, 2021),
(478, 90, 2079),
(478, 95, 2021),
(478, 100, 2021),
(479, 1, 2031),
(479, 1, 2060),
(479, 13, 2057),
(479, 52, 2043),
(479, 52, 2072),
(480, 24, 2031),
(480, 35, 2035),
(480, 35, 2093),
(480, 54, 2045),
(480, 54, 2074),
(480, 71, 2049),
(480, 76, 2020),
(480, 76, 2049),
(480, 78, 2021),
(480, 78, 2050),
(480, 89, 2052),
(480, 91, 2021),
(480, 91, 2050),
(481, 55, 2014),
(481, 55, 2072),
(482, 36, 2006),
(483, 22, 2034),
(483, 52, 2043),
(483, 52, 2072),
(483, 61, 2017),
(483, 86, 2021),
(484, 7, 2086),
(484, 22, 2034),
(484, 52, 2043),
(484, 52, 2072),
(484, 59, 2072),
(484, 76, 2020),
(484, 76, 2049),
(484, 99, 2052),
(484, 99, 2081),
(485, 53, 2014),
(485, 53, 2072),
(486, 17, 2058),
(486, 17, 2087),
(486, 33, 2007),
(486, 42, 2039),
(486, 91, 2021),
(486, 91, 2050),
(486, 102, 2051),
(486, 102, 2080),
(488, 9, 2000),
(488, 9, 2058),
(488, 26, 2003),
(488, 26, 2061),
(488, 28, 2035),
(488, 49, 2010),
(488, 61, 2017),
(488, 94, 2023),
(488, 94, 2052),
(489, 18, 2027),
(489, 18, 2085),
(489, 51, 2010),
(489, 51, 2097),
(489, 55, 2014),
(489, 55, 2072),
(489, 68, 2017),
(489, 68, 2046),
(489, 70, 2049),
(489, 70, 2078),
(489, 74, 2049),
(489, 79, 2051),
(489, 79, 2080),
(491, 9, 2000),
(491, 9, 2058),
(491, 13, 2057),
(491, 46, 2011),
(491, 85, 2050),
(491, 85, 2079),
(491, 101, 2021),
(492, 43, 2069),
(492, 43, 2098),
(492, 78, 2021),
(492, 78, 2050),
(492, 91, 2021),
(492, 91, 2050),
(493, 5, 2085),
(494, 87, 2080),
(495, 2, 2027),
(495, 2, 2056),
(495, 20, 2003),
(495, 20, 2090),
(495, 51, 2010),
(495, 51, 2097),
(496, 15, 2029),
(496, 56, 2045),
(496, 107, 2025),
(497, 3, 2056),
(497, 3, 2085),
(497, 13, 2057),
(497, 24, 2031),
(497, 31, 2096),
(497, 34, 2038),
(497, 53, 2014),
(497, 53, 2072),
(497, 58, 2014),
(497, 64, 2046),
(497, 64, 2075),
(498, 29, 2006),
(498, 29, 2093),
(498, 41, 2010),
(498, 41, 2068),
(498, 44, 2013),
(498, 44, 2071),
(498, 61, 2017),
(498, 74, 2049),
(498, 95, 2021),
(498, 104, 2052),
(499, 8, 2028),
(499, 8, 2057),
(499, 23, 2060),
(499, 23, 2089),
(499, 25, 2061),
(499, 51, 2010),
(499, 51, 2097),
(499, 56, 2045),
(499, 75, 2020),
(499, 100, 2021),
(500, 22, 2034),
(500, 37, 2067),
(500, 51, 2010),
(500, 51, 2097),
(500, 103, 2023),
(500, 103, 2081);

--
-- Indexes for dumped tables
--

--
-- Indexes for table `bai_giang`
--
ALTER TABLE `bai_giang`
  ADD PRIMARY KEY (`id`,`ma_gv`,`ma_kh`),
  ADD KEY `FK_BAIGIANG_GV` (`ma_gv`),
  ADD KEY `FK_BAIGIANG_KH` (`ma_kh`);

--
-- Indexes for table `bai_kiem_tra`
--
ALTER TABLE `bai_kiem_tra`
  ADD PRIMARY KEY (`ma_bai_kiem_tra`),
  ADD KEY `FK_BAIKT_KH` (`ma_kh`);

--
-- Indexes for table `bang_cap`
--
ALTER TABLE `bang_cap`
  ADD PRIMARY KEY (`id`);

--
-- Indexes for table `chuyen_ve`
--
ALTER TABLE `chuyen_ve`
  ADD PRIMARY KEY (`ma_mon_hoc`,`ma_gv`),
  ADD KEY `FK_CHUYENVE_GV` (`ma_gv`);

--
-- Indexes for table `danh_gia`
--
ALTER TABLE `danh_gia`
  ADD PRIMARY KEY (`ma_hv`,`ma_kh`),
  ADD KEY `FK_DANHGIA_KH` (`ma_kh`);

--
-- Indexes for table `day_hoc`
--
ALTER TABLE `day_hoc`
  ADD PRIMARY KEY (`ma_kh`,`ma_gv`),
  ADD KEY `FK_DAYHOC_GV` (`ma_gv`);

--
-- Indexes for table `giao_vien`
--
ALTER TABLE `giao_vien`
  ADD PRIMARY KEY (`id`);

--
-- Indexes for table `hoa_don`
--
ALTER TABLE `hoa_don`
  ADD PRIMARY KEY (`so_bien_lai`);

--
-- Indexes for table `hoc_vien`
--
ALTER TABLE `hoc_vien`
  ADD PRIMARY KEY (`ma_hv`);

--
-- Indexes for table `ho_tro`
--
ALTER TABLE `ho_tro`
  ADD PRIMARY KEY (`ma_tro_giang`,`ma_kh`),
  ADD KEY `FK_HOTRO_KH` (`ma_kh`);

--
-- Indexes for table `ketqua_hoctap`
--
ALTER TABLE `ketqua_hoctap`
  ADD PRIMARY KEY (`ma_hv`,`ma_kh`),
  ADD KEY `FK_KQHOCTAP_KH` (`ma_kh`);

--
-- Indexes for table `khoa_hoc`
--
ALTER TABLE `khoa_hoc`
  ADD PRIMARY KEY (`ma_kh`),
  ADD KEY `FK_KH_MONHOC` (`ma_mon_hoc`),
  ADD KEY `FK_KH_TRINHDO` (`ma_trinh_do`),
  ADD KEY `FK_KH_KH-NHO` (`ma_combo`);

--
-- Indexes for table `lam_bai_kiem_tra`
--
ALTER TABLE `lam_bai_kiem_tra`
  ADD PRIMARY KEY (`ma_hv`,`ma_bai_kiem_tra`),
  ADD KEY `FK_LAMBAIKT_BAIKT` (`ma_bai_kiem_tra`);

--
-- Indexes for table `mon_hoc`
--
ALTER TABLE `mon_hoc`
  ADD PRIMARY KEY (`ma_mon_hoc`);

--
-- Indexes for table `nguoi_dung`
--
ALTER TABLE `nguoi_dung`
  ADD PRIMARY KEY (`id`);

--
-- Indexes for table `sdt`
--
ALTER TABLE `sdt`
  ADD PRIMARY KEY (`id`,`sdt`);

--
-- Indexes for table `tham_gia`
--
ALTER TABLE `tham_gia`
  ADD PRIMARY KEY (`ma_hv`,`ma_kh`),
  ADD KEY `FK_THAMGIA_KH` (`ma_kh`);

--
-- Indexes for table `thanh_toan`
--
ALTER TABLE `thanh_toan`
  ADD PRIMARY KEY (`ma_hv`,`so_bienlai`,`ma_kh`),
  ADD KEY `FK_THANHTOAN_SOBIENLAI` (`so_bienlai`),
  ADD KEY `FK_THANHTOAN_KH` (`ma_kh`);

--
-- Indexes for table `theo_doi`
--
ALTER TABLE `theo_doi`
  ADD PRIMARY KEY (`ma_hv`,`ma_gv`),
  ADD KEY `FK_THEODOI_GV` (`ma_gv`);

--
-- Indexes for table `trinh_do`
--
ALTER TABLE `trinh_do`
  ADD PRIMARY KEY (`ma_trinh_do`);

--
-- Indexes for table `trinh_do_day_hoc`
--
ALTER TABLE `trinh_do_day_hoc`
  ADD PRIMARY KEY (`ma_trinh_do`,`ma_gv`),
  ADD KEY `FK_TDDAYHOC_GV` (`ma_gv`);

--
-- Indexes for table `tro_giang`
--
ALTER TABLE `tro_giang`
  ADD PRIMARY KEY (`id`);

--
-- Indexes for table `xem_bai_giang`
--
ALTER TABLE `xem_bai_giang`
  ADD PRIMARY KEY (`ma_hv`,`ma_kh`,`ma_gv`),
  ADD KEY `FK_XEMBAIGIANG_GV` (`ma_gv`),
  ADD KEY `FK_XEMBAIGIANG_KH` (`ma_kh`);

--
-- AUTO_INCREMENT for dumped tables
--

--
-- AUTO_INCREMENT for table `bai_giang`
--
ALTER TABLE `bai_giang`
  MODIFY `id` int(11) NOT NULL AUTO_INCREMENT, AUTO_INCREMENT=19;

--
-- AUTO_INCREMENT for table `bai_kiem_tra`
--
ALTER TABLE `bai_kiem_tra`
  MODIFY `ma_bai_kiem_tra` int(11) NOT NULL AUTO_INCREMENT, AUTO_INCREMENT=320;

--
-- Constraints for dumped tables
--

--
-- Constraints for table `bai_giang`
--
ALTER TABLE `bai_giang`
  ADD CONSTRAINT `FK_BAIGIANG_GV` FOREIGN KEY (`ma_gv`) REFERENCES `giao_vien` (`id`) ON DELETE CASCADE ON UPDATE CASCADE,
  ADD CONSTRAINT `FK_BAIGIANG_KH` FOREIGN KEY (`ma_kh`) REFERENCES `khoa_hoc` (`ma_kh`) ON DELETE CASCADE ON UPDATE CASCADE;

--
-- Constraints for table `bai_kiem_tra`
--
ALTER TABLE `bai_kiem_tra`
  ADD CONSTRAINT `FK_BAIKT_KH` FOREIGN KEY (`ma_kh`) REFERENCES `khoa_hoc` (`ma_kh`) ON DELETE CASCADE ON UPDATE CASCADE;

--
-- Constraints for table `bang_cap`
--
ALTER TABLE `bang_cap`
  ADD CONSTRAINT `FK_BANGCAP_GV` FOREIGN KEY (`id`) REFERENCES `giao_vien` (`id`) ON DELETE CASCADE ON UPDATE CASCADE;

--
-- Constraints for table `chuyen_ve`
--
ALTER TABLE `chuyen_ve`
  ADD CONSTRAINT `FK_CHUYENVE_GV` FOREIGN KEY (`ma_gv`) REFERENCES `giao_vien` (`id`) ON DELETE CASCADE ON UPDATE CASCADE,
  ADD CONSTRAINT `FK_CHUYENVE_MH` FOREIGN KEY (`ma_mon_hoc`) REFERENCES `mon_hoc` (`ma_mon_hoc`) ON DELETE CASCADE ON UPDATE CASCADE;

--
-- Constraints for table `danh_gia`
--
ALTER TABLE `danh_gia`
  ADD CONSTRAINT `FK_DANHGIA_HV` FOREIGN KEY (`ma_hv`) REFERENCES `hoc_vien` (`ma_hv`) ON DELETE CASCADE ON UPDATE CASCADE,
  ADD CONSTRAINT `FK_DANHGIA_KH` FOREIGN KEY (`ma_kh`) REFERENCES `khoa_hoc` (`ma_kh`) ON DELETE CASCADE ON UPDATE CASCADE;

--
-- Constraints for table `day_hoc`
--
ALTER TABLE `day_hoc`
  ADD CONSTRAINT `FK_DAYHOC_GV` FOREIGN KEY (`ma_gv`) REFERENCES `giao_vien` (`id`) ON DELETE CASCADE ON UPDATE CASCADE,
  ADD CONSTRAINT `FK_DAYHOC_KH` FOREIGN KEY (`ma_kh`) REFERENCES `khoa_hoc` (`ma_kh`) ON DELETE CASCADE ON UPDATE CASCADE;

--
-- Constraints for table `ho_tro`
--
ALTER TABLE `ho_tro`
  ADD CONSTRAINT `FK_HOTRO_KH` FOREIGN KEY (`ma_kh`) REFERENCES `khoa_hoc` (`ma_kh`) ON DELETE CASCADE ON UPDATE CASCADE,
  ADD CONSTRAINT `FK_HOTRO_TROGIANG` FOREIGN KEY (`ma_tro_giang`) REFERENCES `tro_giang` (`id`) ON DELETE CASCADE ON UPDATE CASCADE;

--
-- Constraints for table `ketqua_hoctap`
--
ALTER TABLE `ketqua_hoctap`
  ADD CONSTRAINT `FK_KQHOCTAP_HV` FOREIGN KEY (`ma_hv`) REFERENCES `hoc_vien` (`ma_hv`) ON DELETE CASCADE ON UPDATE CASCADE,
  ADD CONSTRAINT `FK_KQHOCTAP_KH` FOREIGN KEY (`ma_kh`) REFERENCES `khoa_hoc` (`ma_kh`) ON DELETE CASCADE ON UPDATE CASCADE;

--
-- Constraints for table `khoa_hoc`
--
ALTER TABLE `khoa_hoc`
  ADD CONSTRAINT `FK_KH_KH-NHO` FOREIGN KEY (`ma_combo`) REFERENCES `khoa_hoc` (`ma_kh`) ON DELETE CASCADE ON UPDATE CASCADE,
  ADD CONSTRAINT `FK_KH_MONHOC` FOREIGN KEY (`ma_mon_hoc`) REFERENCES `mon_hoc` (`ma_mon_hoc`) ON DELETE CASCADE ON UPDATE CASCADE,
  ADD CONSTRAINT `FK_KH_TRINHDO` FOREIGN KEY (`ma_trinh_do`) REFERENCES `trinh_do` (`ma_trinh_do`) ON DELETE CASCADE ON UPDATE CASCADE;

--
-- Constraints for table `lam_bai_kiem_tra`
--
ALTER TABLE `lam_bai_kiem_tra`
  ADD CONSTRAINT `FK_LAMBAIKT_BAIKT` FOREIGN KEY (`ma_bai_kiem_tra`) REFERENCES `bai_kiem_tra` (`ma_bai_kiem_tra`) ON DELETE CASCADE ON UPDATE CASCADE,
  ADD CONSTRAINT `FK_LAMBAIKT_HV` FOREIGN KEY (`ma_hv`) REFERENCES `hoc_vien` (`ma_hv`) ON DELETE CASCADE ON UPDATE CASCADE;

--
-- Constraints for table `sdt`
--
ALTER TABLE `sdt`
  ADD CONSTRAINT `FK_SDT_USER` FOREIGN KEY (`id`) REFERENCES `nguoi_dung` (`id`) ON DELETE CASCADE ON UPDATE CASCADE;

--
-- Constraints for table `tham_gia`
--
ALTER TABLE `tham_gia`
  ADD CONSTRAINT `FK_THAMGIA_HV` FOREIGN KEY (`ma_hv`) REFERENCES `hoc_vien` (`ma_hv`) ON DELETE CASCADE ON UPDATE CASCADE,
  ADD CONSTRAINT `FK_THAMGIA_KH` FOREIGN KEY (`ma_kh`) REFERENCES `khoa_hoc` (`ma_kh`) ON DELETE CASCADE ON UPDATE CASCADE;

--
-- Constraints for table `thanh_toan`
--
ALTER TABLE `thanh_toan`
  ADD CONSTRAINT `FK_THANHTOAN_HV` FOREIGN KEY (`ma_hv`) REFERENCES `hoc_vien` (`ma_hv`) ON DELETE CASCADE ON UPDATE CASCADE,
  ADD CONSTRAINT `FK_THANHTOAN_KH` FOREIGN KEY (`ma_kh`) REFERENCES `khoa_hoc` (`ma_kh`) ON DELETE CASCADE ON UPDATE CASCADE,
  ADD CONSTRAINT `FK_THANHTOAN_SOBIENLAI` FOREIGN KEY (`so_bienlai`) REFERENCES `hoa_don` (`so_bien_lai`) ON DELETE CASCADE ON UPDATE CASCADE;

--
-- Constraints for table `theo_doi`
--
ALTER TABLE `theo_doi`
  ADD CONSTRAINT `FK_THEODOI_GV` FOREIGN KEY (`ma_gv`) REFERENCES `giao_vien` (`id`) ON DELETE CASCADE ON UPDATE CASCADE,
  ADD CONSTRAINT `FK_THEODOI_HV` FOREIGN KEY (`ma_hv`) REFERENCES `hoc_vien` (`ma_hv`) ON DELETE CASCADE ON UPDATE CASCADE;

--
-- Constraints for table `trinh_do_day_hoc`
--
ALTER TABLE `trinh_do_day_hoc`
  ADD CONSTRAINT `FK_TDDAYHOC_GV` FOREIGN KEY (`ma_gv`) REFERENCES `giao_vien` (`id`) ON DELETE CASCADE ON UPDATE CASCADE,
  ADD CONSTRAINT `FK_TDDAYHOC_TRINHDO` FOREIGN KEY (`ma_trinh_do`) REFERENCES `trinh_do` (`ma_trinh_do`) ON DELETE CASCADE ON UPDATE CASCADE;

--
-- Constraints for table `xem_bai_giang`
--
ALTER TABLE `xem_bai_giang`
  ADD CONSTRAINT `FK_XEMBAIGIANG_GV` FOREIGN KEY (`ma_gv`) REFERENCES `giao_vien` (`id`) ON DELETE CASCADE ON UPDATE CASCADE,
  ADD CONSTRAINT `FK_XEMBAIGIANG_HV` FOREIGN KEY (`ma_hv`) REFERENCES `hoc_vien` (`ma_hv`) ON DELETE CASCADE ON UPDATE CASCADE,
  ADD CONSTRAINT `FK_XEMBAIGIANG_KH` FOREIGN KEY (`ma_kh`) REFERENCES `khoa_hoc` (`ma_kh`) ON DELETE CASCADE ON UPDATE CASCADE;
COMMIT;

/*!40101 SET CHARACTER_SET_CLIENT=@OLD_CHARACTER_SET_CLIENT */;
/*!40101 SET CHARACTER_SET_RESULTS=@OLD_CHARACTER_SET_RESULTS */;
/*!40101 SET COLLATION_CONNECTION=@OLD_COLLATION_CONNECTION */;
